street,city,region,postal_code,placekey,latitude,longitude
1000 BROADWAY,BURLINGAME,CA,94010-2415,222@5vg-7y4-kmk,37.58917628643732,-122.36232577407445
1001 HOWARD AVE,BURLINGAME,CA,94010-4344,0jk5gsalva@5vg-7xx-s89,37.57965984119205,-122.34273353043557
1003 EDWARDS RD,BURLINGAME,CA,94010-2318,228@5vg-7y4-vfz,37.5918409272715,-122.36949516137413
1008 CAROLAN AVE APT 2412,BURLINGAME,CA,94010,27c@5vg-7xx-xh5,37.58616999364596,-122.35663952773581
1008 CAROLAN AVE UNIT 2307,BURLINGAME,CA,94010,23t@5vg-7xx-xh5,37.58616999364596,-122.35663952773581
1008 EDWARDS RD,BURLINGAME,CA,94010,22y@5vg-7y4-vfz,37.5918409272715,-122.36949516137413
1009 CALIFORNIA DR,BURLINGAME,CA,94010-3630,224@5vg-7y4-pd9,37.58632471856672,-122.36065644376795
100 CALIFORNIA DR,BURLINGAME,CA,94010-4323,223@5vg-7y3-75z,37.578822714337406,-122.34168284513082
100 EL CAMINO REAL,BURLINGAME,CA,94010-5204,22c@5vg-7xx-t35,37.57544402597251,-122.34699713150732
100 EL CAMINO REAL # 101,BURLINGAME,CA,94010-5280,23f@5vg-7xx-t35,37.57544402597251,-122.34699713150732
100 EL CAMINO REAL # 202,BURLINGAME,CA,94010-5280,23g@5vg-7xx-t35,37.57544402597251,-122.34699713150732
100 EL CAMINO REAL #202,BURLINGAME,CA,94010-5280,23g@5vg-7xx-t35,37.57544402597251,-122.34699713150732
100 EL CAMINO REAL STE 100,BURLINGAME,CA,94010-5280,24h@5vg-7xx-t35,37.57544402597251,-122.34699713150732
1010 BURLINGAME AVE,BURLINGAME,CA,94010-2861,22g@5vg-7xx-s5z,37.58015605014222,-122.34526739246738
1010 CADILLAC WAY,BURLINGAME,CA,94010-2599,222@5vg-7y4-p5f,37.58833947968714,-122.36127496853996
1011 CADILLAC WAY STE B,BURLINGAME,CA,94010-2896,27s@5vg-7y4-p5f,37.58833947968714,-122.36127496853996
1011 CALIFORNIA DR,BURLINGAME,CA,94010-3630,22f@5vg-7y4-pd9,37.58632471856672,-122.36065644376795
1011 EDWARDS RD,BURLINGAME,CA,94010-2318,22t@5vg-7y4-vfz,37.5918409272715,-122.36949516137413
1011 TOYON DRIVE,BURLINGAME,CA,94010,227@5vg-7xx-xh5,37.58616999364596,-122.35663952773581
1012 OAK GROVE AVE,BURLINGAME,CA,94010-2731,22h@5vg-7xy-2rk,37.58350421712059,-122.34947026374319
1015 CALIFORNIA DR,BURLINGAME,CA,94010-3630,22h@5vg-7y4-pd9,37.58632471856672,-122.36065644376795
1015 CALIFORNIA DRIVE,BURLINGAME,CA,94010,22h@5vg-7y4-pd9,37.58632471856672,-122.36065644376795
1019 CALIFORNIA DR,BURLINGAME,CA,94010-3630,225@5vg-7y4-pd9,37.58632471856672,-122.36065644376795
1019 EDWARDS RD,BURLINGAME,CA,94010-2318,22c@5vg-7y4-vfz,37.5918409272715,-122.36949516137413
101 CALIFORNIA DR,BURLINGAME,CA,94010-4322,224@5vg-7xx-vmk,37.5784818444062,-122.34316601527816
1020 EDWARDS RD,BURLINGAME,CA,94010-2318,22d@5vg-7y4-vfz,37.5918409272715,-122.36949516137413
1021 LAGUNA AVE,BURLINGAME,CA,94010-3623,222@5vg-7xx-ks5,37.58514677561471,-122.36108870382782
1023 EDWARDS RD,BURLINGAME,CA,94010-2318,225@5vg-7y4-vfz,37.5918409272715,-122.36949516137413
1024 OAK GROVE AVE,BURLINGAME,CA,94010-2731,22f@5vg-7xy-2rk,37.58350421712059,-122.34947026374319
1025 CADILLAC WAY,BURLINGAME,CA,94010-2569,225@5vg-7y4-p5f,37.58833947968714,-122.36127496853996
1025 CALIFORNIA DR,BURLINGAME,CA,94010-3630,22c@5vg-7y4-pd9,37.58632471856672,-122.36065644376795
1026 EDWARDS RD,BURLINGAME,CA,94010,22f@5vg-7y4-vfz,37.5918409272715,-122.36949516137413
1027 CALIFORNIA DR,BURLINGAME,CA,94010-3630,22j@5vg-7y4-pd9,37.58632471856672,-122.36065644376795
1028 CORTEZ AVE,BURLINGAME,CA,94010-4911,22j@5vg-7xx-jqf,37.581271780807874,-122.3638683621823
1029 BALBOA AVENUE,BURLINGAME,CA,94010,22p@5vg-7xx-jqf,37.581271780807874,-122.3638683621823
1031 CALIFORNIA DR,BURLINGAME,CA,94010-3630,228@5vg-7y4-pd9,37.58632471856672,-122.36065644376795
1032 EDWARDS RD,BURLINGAME,CA,94010-2318,22m@5vg-7y4-vfz,37.5918409272715,-122.36949516137413
1033 PALOMA AVE,BURLINGAME,CA,94010-3653,224@5vg-7xx-kxq,37.58362771627659,-122.36300394151222
1035 CALIFORNIA DR,BURLINGAME,CA,94010-3630,229@5vg-7y4-pd9,37.58632471856672,-122.36065644376795
1035 PALOMA AVENUE,BURLINGAME,CA,94010,23b@5vg-7xx-kj9,37.583968823701014,-122.36152095291772
1037 CALIFORNIA DR,BURLINGAME,CA,94010-3630,22d@5vg-7y4-pd9,37.58632471856672,-122.36065644376795
1037 CALIFORNIA DR APT A,BURLINGAME,CA,94010-3630,0ibhfflvq7@5vg-7y4-pd9,37.58632471856672,-122.36065644376795
1037 CALIFORNIA DRIVE,BURLINGAME,CA,94010,22d@5vg-7y4-pd9,37.58632471856672,-122.36065644376795
1039 EDWARDS RD,BURLINGAME,CA,94010,22j@5vg-7y4-vfz,37.5918409272715,-122.36949516137413
1040 EL CAMINO REAL,BURLINGAME,CA,94010-4972,22c@5vg-7xx-jd9,37.58244975302161,-122.36343615733163
1040 EL CAMINO REAL #306,BURLINGAME,CA,94010,26r@5vg-7xx-jd9,37.58244975302161,-122.36343615733163
1040 EL CAMINO REAL APT 105,BURLINGAME,CA,94010,22h@5vg-7xx-jd9,37.58244975302161,-122.36343615733163
1041 CORTEZ,BURLINGAME,CA,94010,22g@5vg-7xx-jjv,37.580930652444565,-122.36535128227266
1041 EDWARDS RD,BURLINGAME,CA,94010-2318,223@5vg-7y4-vfz,37.5918409272715,-122.36949516137413
1041 PALOMA AVE,BURLINGAME,CA,94010-3653,22f@5vg-7xx-kmk,37.58480567057175,-122.36257171472373
1050 CAROLAN AVE # 105,BURLINGAME,CA,94010-2516,235@5vg-7xx-xdv,37.586665805044326,-122.35917338666839
1050 EDWARDS RD,BURLINGAME,CA,94010,229@5vg-7y4-vfz,37.5918409272715,-122.36949516137413
106- BROADWAY,BURLINGAME,CA,94010-2415,0kigxweat5@5vg-7y7-f9f,37.57215666117404,-122.37535772017041
106 VALDEFLORES DRIVE,BURLINGAME,CA,94010,222@5vh-83c-4n5,37.57714360219549,-122.39117618163971
1070 BROADWAY,BURLINGAME,CA,94010-2415,223@5vg-7y4-nyv,37.58799836560902,-122.36275802243976
1075 ROLLINS ROAD UNIT 301,BURLINGAME,CA,94010,26g@5vg-7y4-qmk,37.58868057758127,-122.35979189073689
1080 CAROLAN AVE,BURLINGAME,CA,94010-2506,223@5vg-7xx-xbk,37.58582893715289,-122.35812261033244
1090 BURLINGAME AVE,BURLINGAME,CA,94010-2861,226@5vg-7xx-s5z,37.58015605014222,-122.34526739246738
1095 CAROLAN AVE,BURLINGAME,CA,94010-2505,226@5vg-7y4-nwk,37.587161552278104,-122.36170722823798
1095 ROLLINS RD,BURLINGAME,CA,94010-4376,222@5vg-7y4-qmk,37.58868057758127,-122.35979189073689
1099 CALIFORNIA DR,BURLINGAME,CA,94010-3630,22n@5vg-7y4-p7q,37.585983615905945,-122.36213947696578
10 ADRIAN CT,BURLINGAME,CA,94010-2101,229@5vg-7yq-gx5,37.60054811949696,-122.37852110288834
10 GUITTARD RD,BURLINGAME,CA,94010-2203,222@5vg-7xz-gtv,37.596673255123676,-122.38130021092792
10 STONEPINE RD,BURLINGAME,CA,94010,223@5vg-7xy-6rk,37.56598881834734,-122.3599713502786
1100 BROADWAY,BURLINGAME,CA,94010-3422,228@5vg-7y4-q2k,37.587657235347926,-122.36424105243482
1100 BURLINGAME AVE,BURLINGAME,CA,94010-4106,222@5vg-7xx-s5z,37.58015605014222,-122.34526739246738
1100 HOWARD AVE # B,BURLINGAME,CA,94010-4260,22h@5vg-7xx-vmk,37.5784818444062,-122.34316601527816
1100 HOWARD AVE #B,BURLINGAME,CA,94010-4260,22h@5vg-7xx-vmk,37.5784818444062,-122.34316601527816
1100 HOWARD AVE STE C,BURLINGAME,CA,94010-4260,228@5vg-7xx-vmk,37.5784818444062,-122.34316601527816
1100 HOWARD AVE STE D,BURLINGAME,CA,94010-4260,229@5vg-7xx-vmk,37.5784818444062,-122.34316601527816
1100 TROUSDALE DR,BURLINGAME,CA,94010-3207,222@5vg-7xz-f4v,37.595154031866265,-122.38321511573724
1101 BROADWAY,BURLINGAME,CA,94010-3421,224@5vg-7y4-p9z,37.58682043581723,-122.36319025983495
1101 BURLINGAME AVE,BURLINGAME,CA,94010-4105,222@5vg-7xx-qmk,37.57897805754115,-122.34569984368639
1101 HOWARD AVE,BURLINGAME,CA,94010,223@5vg-7xx-vmk,37.5784818444062,-122.34316601527816
1103 AIRPORT BLVD,BURLINGAME,CA,94010-1909,22f@5vg-7y4-mzf,37.59187320812448,-122.35997812362108
1103 JUANITA AVE,BURLINGAME,CA,94010-3405,229@5vg-7y4-pjv,37.58849401449746,-122.36529185476479
1104 HAMILTON LANE,BURLINGAME,CA,94010,226@5vg-7xz-jgk,37.59332707874275,-122.37709665137642
1105 BURLINGAME AVE,BURLINGAME,CA,94010-4105,22c@5vg-7xx-s5z,37.58015605014222,-122.34526739246738
1107 BURLINGAME AVE,BURLINGAME,CA,94010-4105,224@5vg-7xx-s5z,37.58015605014222,-122.34526739246738
1107 HOWARD AVE,BURLINGAME,CA,94010-4214,226@5vg-7xx-vmk,37.5784818444062,-122.34316601527816
1108 BURLINGAME AVE,BURLINGAME,CA,94010-4106,23b@5vg-7xx-qmk,37.57897805754115,-122.34569984368639
1108 EDGEHILL DR,BURLINGAME,CA,94010-3615,226@5vg-7xy-26k,37.58381409515573,-122.35750414875409
110 PARK RD # 105,BURLINGAME,CA,94010-4338,249@5vg-7xx-vpv,37.576125823949454,-122.34403095204307
1110 BAYSWATER AVE # 302,BURLINGAME,CA,94010-4352,22p@5vg-7xx-vj9,37.57764471097861,-122.34211534129776
1110 BURLINGAME AVE #103,BURLINGAME,CA,94010-4125,23r@5vg-7xx-qmk,37.57897805754115,-122.34569984368639
1110 BURLINGAME AVE # 211,BURLINGAME,CA,94010-4125,23q@5vg-7xx-qmk,37.57897805754115,-122.34569984368639
1110 BURLINGAME AVE # 213,BURLINGAME,CA,94010-4125,252@5vg-7xx-qmk,37.57897805754115,-122.34569984368639
1110 BURLINGAME AVENUE STE 213,BURLINGAME,CA,94010,252@5vg-7xx-qmk,37.57897805754115,-122.34569984368639
1110 BURLINGAME AVE STE 108,BURLINGAME,CA,94010-4125,25m@5vg-7xx-qmk,37.57897805754115,-122.34569984368639
1110 BURLINGAME AVE STE 200,BURLINGAME,CA,94010-4125,0w2apkvmha@5vg-7xx-qmk,37.57897805754115,-122.34569984368639
1111 BURLINGAME AVE,BURLINGAME,CA,94010-4115,226@5vg-7xx-qmk,37.57897805754115,-122.34569984368639
1111 HOWARD AVE,BURLINGAME,CA,94010-4214,225@5vg-7xx-vmk,37.5784818444062,-122.34316601527816
1112 BURLINGAME AVE,BURLINGAME,CA,94010-4106,23x@5vg-7xx-qmk,37.57897805754115,-122.34569984368639
1112 DRAKE AVE,BURLINGAME,CA,94010-4915,22c@5vg-7xx-nnq,37.58058950790398,-122.3668341784588
1113 BURLINGAME AVE,BURLINGAME,CA,94010-4115,227@5vg-7xx-s5z,37.58015605014222,-122.34526739246738
1115 BURLINGAME AVE,BURLINGAME,CA,94010-4115,223@5vg-7xx-s5z,37.58015605014222,-122.34526739246738
1115 CALIFORNIA DR,BURLINGAME,CA,94010-3505,229@5vg-7y4-nwk,37.587161552278104,-122.36170722823798
1115 HOWARD AVE,BURLINGAME,CA,94010-4214,226@5vg-7xx-vfz,37.57814095828618,-122.34464916154585
1115 RHINETTE AVE,BURLINGAME,CA,94010,233@5vg-7y4-q2k,37.587657235347926,-122.36424105243482
1116 CHULA VISTA AVE,BURLINGAME,CA,94010-3502,23t@5vg-7y4-p7q,37.585983615905945,-122.36213947696578
1117 BURLINGAME AVE,BURLINGAME,CA,94010-4115,225@5vg-7xx-s5z,37.58015605014222,-122.34526739246738
1117 CAMBRIDGE RD,BURLINGAME,CA,94010-3304,22g@5vg-7xz-9j9,37.58998057618107,-122.37289324738083
1117 CAMBRIDGE ROAD,BURLINGAME,CA,94010,22g@5vg-7xz-9j9,37.58998057618107,-122.37289324738083
1117 JUANITA AVE,BURLINGAME,CA,94010,223@5vg-7y4-pvz,37.587316088904984,-122.3657240585238
1117 RHINETTE AVE,BURLINGAME,CA,94010-3419,22q@5vg-7y4-q2k,37.587657235347926,-122.36424105243482
1118 BURLINGAME AVE,BURLINGAME,CA,94010-4106,23h@5vg-7xx-qmk,37.57897805754115,-122.34569984368639
111 ANZA BLVD # 100,BURLINGAME,CA,94010-1918,22j@5vg-7y5-3nq,37.5914087779812,-122.34792640796272
111 ANZA BLVD # 102,BURLINGAME,CA,94010-1918,23h@5vg-7y5-3nq,37.5914087779812,-122.34792640796272
111 ANZA BLVD # 109,BURLINGAME,CA,94010-1918,22f@5vg-7y5-3nq,37.5914087779812,-122.34792640796272
111 ANZA BLVD # 110,BURLINGAME,CA,94010-1918,23b@5vg-7y5-3nq,37.5914087779812,-122.34792640796272
111 ANZA BLVD # 111,BURLINGAME,CA,94010-1918,228@5vg-7y5-3nq,37.5914087779812,-122.34792640796272
111 ANZA BLVD # 115,BURLINGAME,CA,94010-1918,224@5vg-7y5-3nq,37.5914087779812,-122.34792640796272
111 ANZA BLVD # 130,BURLINGAME,CA,94010-1918,22q@5vg-7y5-3nq,37.5914087779812,-122.34792640796272
111 ANZA BLVD #130,BURLINGAME,CA,94010,22q@5vg-7y5-3nq,37.5914087779812,-122.34792640796272
111 ANZA BLVD # 205,BURLINGAME,CA,94010-1910,238@5vg-7y5-3nq,37.5914087779812,-122.34792640796272
111 ANZA BLVD # 206,BURLINGAME,CA,94010-1910,23n@5vg-7y5-3nq,37.5914087779812,-122.34792640796272
111 ANZA BLVD # 212,BURLINGAME,CA,94010-1910,233@5vg-7y5-3nq,37.5914087779812,-122.34792640796272
111 ANZA BLVD #212,BURLINGAME,CA,94010-1910,233@5vg-7y5-3nq,37.5914087779812,-122.34792640796272
111 ANZA BLVD #300,BURLINGAME,CA,94010-1917,236@5vg-7y5-3nq,37.5914087779812,-122.34792640796272
111 ANZA BLVD # 304,BURLINGAME,CA,94010-1932,22z@5vg-7y5-3nq,37.5914087779812,-122.34792640796272
111 ANZA BLVD # 308,BURLINGAME,CA,94010-1932,23q@5vg-7y5-3nq,37.5914087779812,-122.34792640796272
111 ANZA BLVD # 410,BURLINGAME,CA,94010-1916,22t@5vg-7y5-3nq,37.5914087779812,-122.34792640796272
111 ANZA BLVD # 412,BURLINGAME,CA,94010-1916,22v@5vg-7y5-3nq,37.5914087779812,-122.34792640796272
111 ANZA BLVD # 414,BURLINGAME,CA,94010-1916,229@5vg-7y5-3nq,37.5914087779812,-122.34792640796272
111 ANZA BLVD #414,BURLINGAME,CA,94010-1916,229@5vg-7y5-3nq,37.5914087779812,-122.34792640796272
111 ANZA BLVD # 415,BURLINGAME,CA,94010-1916,232@5vg-7y5-3nq,37.5914087779812,-122.34792640796272
111 ANZA BLVD # 420,BURLINGAME,CA,94010-1916,22w@5vg-7y5-3nq,37.5914087779812,-122.34792640796272
111 ANZA BLVD STE 122,BURLINGAME,CA,94010-1918,23c@5vg-7y5-3nq,37.5914087779812,-122.34792640796272
111 ANZA BLVD STE 201,BURLINGAME,CA,94010-1910,22m@5vg-7y5-3nq,37.5914087779812,-122.34792640796272
111 ANZA BLVD STE 220,BURLINGAME,CA,94010-1910,237@5vg-7y5-3nq,37.5914087779812,-122.34792640796272
111 ANZA BLVD STE 310,BURLINGAME,CA,94010-1901,223@5vg-7y5-3nq,37.5914087779812,-122.34792640796272
111 ANZA BLVD STE 320,BURLINGAME,CA,94010-1901,22k@5vg-7y5-3nq,37.5914087779812,-122.34792640796272
111 ANZA BLVD STE 332,BURLINGAME,CA,94010-1901,0uvhmkzjvy@5vg-7y5-3nq,37.5914087779812,-122.34792640796272
111 ANZA BLVD STE 350,BURLINGAME,CA,94010-1932,22b@5vg-7y5-3nq,37.5914087779812,-122.34792640796272
111 ANZA BLVD STE 406,BURLINGAME,CA,94010-1916,234@5vg-7y5-3nq,37.5914087779812,-122.34792640796272
111 ANZA BLVD STE 416B,BURLINGAME,CA,94010-1916,0l5rdraezi@5vg-7y5-3nq,37.5914087779812,-122.34792640796272
1120 BROADWAY,BURLINGAME,CA,94010-3422,22k@5vg-7y4-q2k,37.587657235347926,-122.36424105243482
1120 BROADWAY UNIT 4,BURLINGAME,CA,94010-3422,0t4xd3brh4@5vg-7y4-q2k,37.587657235347926,-122.36424105243482
1120 BURLINGAME AVE,BURLINGAME,CA,94010-4106,0jps7al35p@5vg-7xx-qmk,37.57897805754115,-122.34569984368639
1120 EL CAMINO REAL # 1,BURLINGAME,CA,94010-4944,253@5vg-7xx-mhq,37.58412341194338,-122.36553766480505
1122 BROADWAY,BURLINGAME,CA,94010-3422,223@5vg-7y4-q2k,37.587657235347926,-122.36424105243482
1122 CLOVELLY LANE,BURLINGAME,CA,94010,22j@5vg-7xz-dy9,37.59298577336034,-122.37857957283617
1122 CLOVELLY LN,BURLINGAME,CA,94010-3339,22j@5vg-7xz-dy9,37.59298577336034,-122.37857957283617
1123 BURLINGAME AVE,BURLINGAME,CA,94010-4115,22b@5vg-7xx-s5z,37.58015605014222,-122.34526739246738
1124 ROSEDALE AVE,BURLINGAME,CA,94010-3353,227@5vg-7xz-jsq,37.592149192098134,-122.3775287088691
1125 BURLINGAME AVE,BURLINGAME,CA,94010-4115,229@5vg-7xx-s5z,37.58015605014222,-122.34526739246738
1126 BROADWAY # 7,BURLINGAME,CA,94010-3449,22c@5vg-7y4-q2k,37.587657235347926,-122.36424105243482
1126 BROADWAY STE 3,BURLINGAME,CA,94010-3449,23b@5vg-7y4-q2k,37.587657235347926,-122.36424105243482
1126 BROADWAY STE 5,BURLINGAME,CA,94010-3449,23d@5vg-7y4-q2k,37.587657235347926,-122.36424105243482
1126 LAGUNA AVE,BURLINGAME,CA,94010-3504,22f@5vg-7xx-mc5,37.585642497063056,-122.36362248626047
1127 CHULA VISTA AVE,BURLINGAME,CA,94010-3501,228@5vg-7y4-p9z,37.58682043581723,-122.36319025983495
1129 CALIFORNIA DR,BURLINGAME,CA,94010-3505,223@5vg-7y4-nwk,37.587161552278104,-122.36170722823798
112 ANITA RD,BURLINGAME,CA,94010-3076,227@5vg-7y3-6rk,37.57916356807876,-122.34019965110524
112 CRESCENT AVE,BURLINGAME,CA,94010-5245,229@5vg-7xy-hnq,37.57225082801497,-122.34681130967878
1130 BROADWAY,BURLINGAME,CA,94010-3422,224@5vg-7y4-q2k,37.587657235347926,-122.36424105243482
1130 CHULA VIS,BURLINGAME,CA,94010,22r@5vg-7y4-p7q,37.585983615905945,-122.36213947696578
1130 CHULA VISTA AVE,BURLINGAME,CA,94010-3502,22r@5vg-7y4-p7q,37.585983615905945,-122.36213947696578
1133 BALBOA AVE,BURLINGAME,CA,94010,22m@5vg-7xx-j9z,37.58294545288821,-122.36596984699098
1133 EL CAMINO REAL # 2,BURLINGAME,CA,94010-4955,26w@5vg-7xx-mhq,37.58412341194338,-122.36553766480505
1133 RHINETTE AVE # 1,BURLINGAME,CA,94010-3453,23x@5vg-7xx-mff,37.58647930317435,-122.36467326752735
1134 CHULA VISTA AVE # B,BURLINGAME,CA,94010-3502,0gvzyj7jy7@5vg-7y4-p9z,37.58682043581723,-122.36319025983495
1136 BROADWAY,BURLINGAME,CA,94010-3422,22m@5vg-7y4-q2k,37.587657235347926,-122.36424105243482
1136 CHULA VISTA AVE,BURLINGAME,CA,94010-3502,22s@5vg-7y4-p7q,37.585983615905945,-122.36213947696578
1136 OXFORD RD,BURLINGAME,CA,94010-3361,22g@5vg-7xz-9mk,37.5908172323988,-122.37394408379436
1137 CALIFORNIA DR,BURLINGAME,CA,94010-3505,224@5vg-7y4-nwk,37.587161552278104,-122.36170722823798
1138 CHULA VISTA AVE,BURLINGAME,CA,94010-3502,25m@5vg-7y4-p7q,37.585983615905945,-122.36213947696578
1141 CALIFORNIA DR,BURLINGAME,CA,94010-3505,225@5vg-7y4-nwk,37.587161552278104,-122.36170722823798
1145 BALBOA AVENUE,BURLINGAME,CA,94010,22f@5vg-7xx-j9z,37.58294545288821,-122.36596984699098
1145 BROADWAY,BURLINGAME,CA,94010-3491,223@5vg-7y4-p9z,37.58682043581723,-122.36319025983495
114 STANLEY RD,BURLINGAME,CA,94010-2955,224@5vg-7y3-575,37.58254199284013,-122.3348847221262
114 STANLEY ROAD,BURLINGAME,CA,94010,224@5vg-7y3-575,37.58254199284013,-122.3348847221262
1150 HOWARD AVE,BURLINGAME,CA,94010-4226,22m@5vg-7xx-vfz,37.57814095828618,-122.34464916154585
1150 PALOMA AVE,BURLINGAME,CA,94010-3508,22r@5vg-7xx-kmk,37.58480567057175,-122.36257171472373
1150 PALOMA AVE UNIT A,BURLINGAME,CA,94010-3508,0awlaji627@5vg-7xx-m6k,37.58530136203912,-122.36510547165062
1151 BROADWAY,BURLINGAME,CA,94010-3429,237@5vg-7xx-mff,37.58647930317435,-122.36467326752735
1151 VANCOUVER AVE,BURLINGAME,CA,94010-5674,225@5vg-7xx-nwk,37.57990717029545,-122.36979989911285
1152 BURLINGAME AVE,BURLINGAME,CA,94010-4106,22n@5vg-7xx-qmk,37.57897805754115,-122.34569984368639
1152 HOWARD AVE,BURLINGAME,CA,94010-4226,225@5vg-7xx-vfz,37.57814095828618,-122.34464916154585
1155 CALIFORNIA DR,BURLINGAME,CA,94010-3561,22f@5vg-7y4-p9z,37.58682043581723,-122.36319025983495
1155 CALIFORNIA DR STE F,BURLINGAME,CA,94010-3560,22g@5vg-7y4-p9z,37.58682043581723,-122.36319025983495
"1155 CALIFORNIA DR, UNIT G",BURLINGAME,CA,94010-3561,22d@5vg-7y4-p9z,37.58682043581723,-122.36319025983495
1159 BROADWAY,BURLINGAME,CA,94010-3429,22m@5vg-7xx-mff,37.58647930317435,-122.36467326752735
1160 BROADWAY,BURLINGAME,CA,94010-3422,222@5vg-7xx-mff,37.58647930317435,-122.36467326752735
1160 BURLINGAME AVE,BURLINGAME,CA,94010-4106,23m@5vg-7xx-qmk,37.57897805754115,-122.34569984368639
1165 BROADWAY,BURLINGAME,CA,94010-3429,22s@5vg-7xx-mff,37.58647930317435,-122.36467326752735
1166 HOWARD AVE,BURLINGAME,CA,94010-4226,22n@5vg-7xx-vfz,37.57814095828618,-122.34464916154585
1169 BROADWAY,BURLINGAME,CA,94010-3429,22t@5vg-7xx-mff,37.58647930317435,-122.36467326752735
116 ARUNDEL ROAD,BURLINGAME,CA,94010,22c@5vg-7y3-6zf,37.58034156008395,-122.3397671216658
1174 BROADWAY,BURLINGAME,CA,94010-3422,22j@5vg-7xx-mff,37.58647930317435,-122.36467326752735
1175 CHULA VISTA AVE # 1,BURLINGAME,CA,94010-3501,232@5vg-7y4-p7q,37.585983615905945,-122.36213947696578
1175 CHULA VISTA AVENUE STE 1,BURLINGAME,CA,94010,232@5vg-7y4-p7q,37.585983615905945,-122.36213947696578
1177 AIRPORT BLVD,BURLINGAME,CA,94010-1909,222@5vg-7y4-q9f,37.589858493641614,-122.35935959776498
1178 BROADWAY,BURLINGAME,CA,94010,22h@5vg-7y4-q2k,37.587657235347926,-122.36424105243482
1184 BROADWAY,BURLINGAME,CA,94010-3422,223@5vg-7xx-mff,37.58647930317435,-122.36467326752735
1188 EL CAMINO REAL,BURLINGAME,CA,94010-4917,22c@5vg-7xx-mhq,37.58412341194338,-122.36553766480505
1190 BROADWAY,BURLINGAME,CA,94010-3422,227@5vg-7xx-mff,37.58647930317435,-122.36467326752735
1190 CALIFORNIA DR,BURLINGAME,CA,94010-3506,224@5vg-7y4-nyv,37.58799836560902,-122.36275802243976
1199 BROADWAY STE 1,BURLINGAME,CA,94010-3493,22n@5vg-7xx-mff,37.58647930317435,-122.36467326752735
1199 BROADWAY STE 2,BURLINGAME,CA,94010-3493,22r@5vg-7xx-mff,37.58647930317435,-122.36467326752735
1199 BROADWAY STE 4,BURLINGAME,CA,94010-3493,242@5vg-7xx-mff,37.58647930317435,-122.36467326752735
1199 HOWARD AVE #101,BURLINGAME,CA,94010-4227,22f@5vg-7xx-vfz,37.57814095828618,-122.34464916154585
1199 HOWARD AVE 101,BURLINGAME,CA,94010-4227,22y@5vg-7xx-vfz,37.57814095828618,-122.34464916154585
1199 HOWARD AVE # 102,BURLINGAME,CA,94010-4227,238@5vg-7xx-vfz,37.57814095828618,-122.34464916154585
1199 HOWARD AVE #103,BURLINGAME,CA,94010-4227,22j@5vg-7xx-vfz,37.57814095828618,-122.34464916154585
1199 HOWARD AVE # 250,BURLINGAME,CA,94010-4275,22d@5vg-7xx-vfz,37.57814095828618,-122.34464916154585
1199 HOWARD AVE # 350,BURLINGAME,CA,94010-4274,23p@5vg-7xx-vfz,37.57814095828618,-122.34464916154585
"1199 HOWARD AVENUE, SUITE 300",BURLINGAME,CA,94010-4240,24x@5vg-7xx-vfz,37.57814095828618,-122.34464916154585
1199 HOWARD AVE STE 102,BURLINGAME,CA,94010-4227,238@5vg-7xx-vfz,37.57814095828618,-122.34464916154585
11 BURLINGAME AVE,BURLINGAME,CA,94010-2879,224@5vg-7y2-gc5,37.586572208806594,-122.33612095813719
11 GUITTARD RD,BURLINGAME,CA,94010-2203,222@5vg-7xz-gx5,37.596178072216475,-122.37876636592857
1200 BROADWAY,BURLINGAME,CA,94010-3424,22c@5vg-7xx-mff,37.58647930317435,-122.36467326752735
1200 CAPUCHINO AVE,BURLINGAME,CA,94010-3404,223@5vg-7xx-mkz,37.58496021083521,-122.36658843313485
1200 GROVE AVE,BURLINGAME,CA,94010,22j@5vg-7xz-8vz,37.58864840899802,-122.36930864867149
1200 HOWARD 105,BURLINGAME,CA,94010,0zozxy55zy@5vg-7y7-f9f,37.57215666117404,-122.37535772017041
1200 HOWARD AVE # 103,BURLINGAME,CA,94010-4223,22h@5vg-7xx-vfz,37.57814095828618,-122.34464916154585
1200 HOWARD AVE # 106,BURLINGAME,CA,94010-4223,22q@5vg-7xx-vfz,37.57814095828618,-122.34464916154585
1200 HOWARD AVE # 203,BURLINGAME,CA,94010-4223,23f@5vg-7xx-vfz,37.57814095828618,-122.34464916154585
1200 HOWARD AVE # 204,BURLINGAME,CA,94010-4223,239@5vg-7xx-vfz,37.57814095828618,-122.34464916154585
1200 HOWARD AVE STE 103,BURLINGAME,CA,94010-4223,22h@5vg-7xx-vfz,37.57814095828618,-122.34464916154585
1200 HOWARD AVE STE 105,BURLINGAME,CA,94010-4223,22k@5vg-7xx-vfz,37.57814095828618,-122.34464916154585
1200 HOWARD AVE UNIT 101-102,BURLINGAME,CA,94010-4223,0hubqdzhuf@5vg-7xx-vfz,37.57814095828618,-122.34464916154585
1201 BROADWAY,BURLINGAME,CA,94010-3423,22z@5vg-7xx-mff,37.58647930317435,-122.36467326752735
1201 CABRILLO AVE,BURLINGAME,CA,94010-4804,22c@5vg-7xx-k75,37.58226312478757,-122.36893565684659
1201 HOWARD AVE,BURLINGAME,CA,94010-4242,224@5vg-7xx-vfz,37.57814095828618,-122.34464916154585
1201 HOWARD AVE # 300,BURLINGAME,CA,94010-4224,22x@5vg-7xx-vfz,37.57814095828618,-122.34464916154585
1201 HOWARD AVE STE 101,BURLINGAME,CA,94010-4224,235@5vg-7xx-vfz,37.57814095828618,-122.34464916154585
1201 HOWARD AVE STE 300,BURLINGAME,CA,94010-4224,22x@5vg-7xx-vfz,37.57814095828618,-122.34464916154585
1202 BROADWAY,BURLINGAME,CA,94010-3424,22w@5vg-7xx-mff,37.58647930317435,-122.36467326752735
1202 BURLINGAME AVE,BURLINGAME,CA,94010-4128,223@5vg-7xx-qpv,37.57981513642259,-122.34675053556826
1202 CAPUCHINO,BURLINGAME,CA,94010,22j@5vg-7xx-mkz,37.58496021083521,-122.36658843313485
1202 CAPUCHINO AVE,BURLINGAME,CA,94010-3404,22j@5vg-7xx-mkz,37.58496021083521,-122.36658843313485
1204 BROADWAY,BURLINGAME,CA,94010-3424,234@5vg-7xx-mff,37.58647930317435,-122.36467326752735
1204 BURLINGAME AVE #6,BURLINGAME,CA,94010-4147,258@5vg-7xx-qmk,37.57897805754115,-122.34569984368639
1204 BURLINGAME AVE STE 3,BURLINGAME,CA,94010-4147,255@5vg-7xx-qmk,37.57897805754115,-122.34569984368639
1204 BURLINGAME AVE STE 5A,BURLINGAME,CA,94010-4147,25g@5vg-7xx-qmk,37.57897805754115,-122.34569984368639
1204 BURLINGAME AVE STE 7,BURLINGAME,CA,94010-4147,23w@5vg-7xx-qmk,37.57897805754115,-122.34569984368639
1204 EL CAMINO REAL,BURLINGAME,CA,94010-4816,22m@5vg-7xx-mkz,37.58496021083521,-122.36658843313485
1205 BROADWAY,BURLINGAME,CA,94010-3423,228@5vg-7xx-mff,37.58647930317435,-122.36467326752735
1205 BURLINGAME AVE,BURLINGAME,CA,94010-4107,22w@5vg-7xx-qmk,37.57897805754115,-122.34569984368639
1205 CAPUCHINO AVE,BURLINGAME,CA,94010-3403,227@5vg-7xx-mkz,37.58496021083521,-122.36658843313485
1205 HOWARD AVE,BURLINGAME,CA,94010-4216,225@5vg-7xx-vs5,37.57696295015012,-122.34508161311709
1207 BURLINGAME AVE,BURLINGAME,CA,94010-4107,224@5vg-7xx-qmk,37.57897805754115,-122.34569984368639
1207 CAPUCHINO AVE,BURLINGAME,CA,94010-3403,22f@5vg-7xx-mkz,37.58496021083521,-122.36658843313485
1208 BURLINGAME AVE,BURLINGAME,CA,94010-4128,233@5vg-7xx-qmk,37.57897805754115,-122.34569984368639
1208 DONNELLY AVE,BURLINGAME,CA,94010-4102,22b@5vg-7xx-qj9,37.57947420651548,-122.34823365478508
1209 BROADWAY,BURLINGAME,CA,94010-3423,23k@5vg-7xx-mff,37.58647930317435,-122.36467326752735
1209 BURLINGAME AVE,BURLINGAME,CA,94010-4107,242@5vg-7xx-qmk,37.57897805754115,-122.34569984368639
1209 CAPUCHINO AVE,BURLINGAME,CA,94010-3403,22g@5vg-7xx-mkz,37.58496021083521,-122.36658843313485
1209 HOWARD AVE,BURLINGAME,CA,94010-4229,22m@5vg-7xx-vs5,37.57696295015012,-122.34508161311709
1209 HOWARD AVE #200,BURLINGAME,CA,94010-4229,22v@5vg-7xx-vfz,37.57814095828618,-122.34464916154585
1209 HOWARD AVE STE 200,BURLINGAME,CA,94010-4229,22v@5vg-7xx-vfz,37.57814095828618,-122.34464916154585
120 EL CAMINO REAL,BURLINGAME,CA,94010-5225,22d@5vg-7xx-t35,37.57544402597251,-122.34699713150732
120 VICTORIA RD,BURLINGAME,CA,94010-2959,22p@5vg-7y2-fj9,37.584897917655226,-122.33401947457249
1210 BELLEVUE AVE # 405,BURLINGAME,CA,94010-4030,24q@5vg-7xx-sqz,37.58065219492988,-122.34780123719086
1210 BROADWAY,BURLINGAME,CA,94010-3424,224@5vg-7xx-mff,37.58647930317435,-122.36467326752735
1210 DONNELLY AVE,BURLINGAME,CA,94010-4102,22s@5vg-7xx-qpv,37.57981513642259,-122.34675053556826
1210 OAK GROVE AVE APT 05,BURLINGAME,CA,94010-3768,0tzupzvilv@5vg-7xy-2x5,37.58198527951288,-122.35138578410994
1211 BROADWAY,BURLINGAME,CA,94010-3423,22y@5vg-7xx-mff,37.58647930317435,-122.36467326752735
1211 BURLINGAME AVE,BURLINGAME,CA,94010-4107,23j@5vg-7xx-qmk,37.57897805754115,-122.34569984368639
1212 DONNELLY AVE,BURLINGAME,CA,94010-4102,229@5vg-7xx-qj9,37.57947420651548,-122.34823365478508
1212 DRAKE,BURLINGAME,CA,94010,22h@5vg-7xx-k75,37.58226312478757,-122.36893565684659
1212 S DONNELLY AVE,BURLINGAME,CA,94010-4102,229@5vg-7xx-qj9,37.57947420651548,-122.34823365478508
1213 BURLINGAME AVE,BURLINGAME,CA,94010-4107,227@5vg-7xx-qmk,37.57897805754115,-122.34569984368639
1213 EL CAMINO REAL,BURLINGAME,CA,94010-4898,22q@5vg-7xx-k4v,37.584619043452435,-122.36807137071169
1213 ROLLINS RD,BURLINGAME,CA,94010-2407,225@5vg-7y4-pqf,37.588835158558794,-122.36380882637273
1214 BURLINGAME AVE STE 2,BURLINGAME,CA,94010-4155,22v@5vg-7xx-qmk,37.57897805754115,-122.34569984368639
1215 BURLINGAME AVE,BURLINGAME,CA,94010-4107,22m@5vg-7xx-qmk,37.57897805754115,-122.34569984368639
1215 CALIFORNIA DR,BURLINGAME,CA,94010-3401,226@5vg-7y4-q2k,37.587657235347926,-122.36424105243482
1215 DONNELLY AVE,BURLINGAME,CA,94010-4101,23g@5vg-7xx-qpv,37.57981513642259,-122.34675053556826
1216 BURLINGAME AVE,BURLINGAME,CA,94010-4128,22j@5vg-7xx-qmk,37.57897805754115,-122.34569984368639
1217 BURLINGAME AVE,BURLINGAME,CA,94010-4120,22y@5vg-7xx-qmk,37.57897805754115,-122.34569984368639
1218 BURLINGAME AVE,BURLINGAME,CA,94010-4128,227@5vg-7xx-qfz,37.57863714143375,-122.34718296448868
1219 BROADWAY,BURLINGAME,CA,94010-3423,22d@5vg-7xx-m6k,37.58530136203912,-122.36510547165062
1219 VANCOUVER AVENUE,BURLINGAME,CA,94010,228@5vg-7xz-zxq,37.58074396132872,-122.3708506302282
121 LORTON AVE,BURLINGAME,CA,94010-4358,22b@5vg-7xx-vcq,37.5773038386583,-122.3435984891472
1220 HOWARD AVE # 216,BURLINGAME,CA,94010-4256,233@5vg-7xx-qxq,37.577800055978436,-122.34613228393249
1220 HOWARD AVE # 250,BURLINGAME,CA,94010-4251,22z@5vg-7xx-qxq,37.577800055978436,-122.34613228393249
1220 HOWARD AVE #250,BURLINGAME,CA,94010-4251,22z@5vg-7xx-qxq,37.577800055978436,-122.34613228393249
1220 SANCHEZ AVE,BURLINGAME,CA,940103624,22h@5vg-7xx-xqz,37.58548786447545,-122.35960566903024
1221 BALBOA AVE,BURLINGAME,CA,94010-4817,22c@5vg-7xx-jvz,37.58344108859896,-122.36850351926292
1221 DONNELLY AVE,BURLINGAME,CA,94010-4101,223@5vg-7xx-qfz,37.57863714143375,-122.34718296448868
1221 ROLLINS RD,BURLINGAME,CA,94010-2416,222@5vg-7y4-pqf,37.588835158558794,-122.36380882637273
1222-1250 ROLLINS RD,BURLINGAME,CA,94010,222@5vg-7y4-k9f,37.590354198301064,-122.36189351473871
1222 OAK GROVE AVE # 209,BURLINGAME,CA,94010-3759,24s@5vg-7xy-2x5,37.58198527951288,-122.35138578410994
1222 OAK GROVE SVE #101,BURLINGAME,CA,94010,24h@5vg-7xy-2x5,37.58198527951288,-122.35138578410994
1222 ROLLINS RD,BURLINGAME,CA,94010-2408,222@5vg-7y4-k9f,37.590354198301064,-122.36189351473871
1223 DONNELLY AVE,BURLINGAME,CA,94010-4101,232@5vg-7xx-qpv,37.57981513642259,-122.34675053556826
1224 BERNAL AVE,BURLINGAME,CA,94010-5619,22g@5vg-7xz-zmk,37.58192193647284,-122.37041852591221
1224 BROADWAY,BURLINGAME,CA,94010-1,22x@5vg-7xx-mff,37.58647930317435,-122.36467326752735
1225 CALIFORNIA DR,BURLINGAME,CA,94010-3431,22c@5vg-7y4-pjv,37.58849401449746,-122.36529185476479
1227 BURLINGAME AVE,BURLINGAME,CA,94010-4107,22q@5vg-7xx-qmk,37.57897805754115,-122.34569984368639
1229 BURLINGAME AVE #201,BURLINGAME,CA,94010-4132,25t@5vg-7xx-qmk,37.57897805754115,-122.34569984368639
1229 BURLINGAME AVE # 202,BURLINGAME,CA,94010-4132,22f@5vg-7xx-qmk,37.57897805754115,-122.34569984368639
1229 BURLINGAME AVE # 205,BURLINGAME,CA,94010-4132,25v@5vg-7xx-qmk,37.57897805754115,-122.34569984368639
1229 BURLINGAME AVE STE 203,BURLINGAME,CA,94010-4132,259@5vg-7xx-qmk,37.57897805754115,-122.34569984368639
1230 BROADWAY,BURLINGAME,CA,94010-3424,22c@5vg-7xx-m6k,37.58530136203912,-122.36510547165062
1230 BURLINGAME AVE,BURLINGAME,CA,94010-4128,232@5vg-7xx-qmk,37.57897805754115,-122.34569984368639
1231 BURLINGAME AVE,BURLINGAME,CA,94010-4107,22r@5vg-7xx-qmk,37.57897805754115,-122.34569984368639
1231 CALIFORNIA DR,BURLINGAME,CA,94010-3431,229@5vg-7y4-q2k,37.587657235347926,-122.36424105243482
1232 BROADWAY,BURLINGAME,CA,94010-3424,232@5vg-7xx-mff,37.58647930317435,-122.36467326752735
1232 BURLINGAME AVE,BURLINGAME,CA,94010-4128,23d@5vg-7xx-qmk,37.57897805754115,-122.34569984368639
1233 BELLEVUE AVE #5,BURLINGAME,CA,94010,22g@5vg-7xx-qj9,37.57947420651548,-122.34823365478508
1233 BROADWAY,BURLINGAME,CA,94010-3423,23m@5vg-7xx-mff,37.58647930317435,-122.36467326752735
1234 BROADWAY,BURLINGAME,CA,94010-3424,233@5vg-7xx-mff,37.58647930317435,-122.36467326752735
1234 BURLINGAME AVE,BURLINGAME,CA,94010-4128,22d@5vg-7xx-qmk,37.57897805754115,-122.34569984368639
1234 EL CAMINO REAL #101,BURLINGAME,CA,94010,23b@5vg-7xz-cnq,37.58579698934689,-122.3676392111926
1234 HOWARD AVE,BURLINGAME,CA,94010-4215,22p@5vg-7xx-vfz,37.57814095828618,-122.34464916154585
1235 BROADWAY,BURLINGAME,CA,94010-3423,235@5vg-7xx-mff,37.58647930317435,-122.36467326752735
1236 BROADWAY,BURLINGAME,CA,94010-3424,22p@5vg-7xx-mff,37.58647930317435,-122.36467326752735
1239 ROLLINS RD,BURLINGAME,CA,94010-2416,228@5vg-7y4-kpv,37.590013072805846,-122.36337658934066
123 CALIFORNIA DR,BURLINGAME,CA,94010-4322,227@5vg-7xx-vmk,37.5784818444062,-122.34316601527816
1240 BAYSHORE HWY,BURLINGAME,CA,94010-1805,222@5vg-7y4-nqz,37.59270999513044,-122.36102896315437
1241 BROADWAY,BURLINGAME,CA,94010-3423,236@5vg-7xx-mff,37.58647930317435,-122.36467326752735
1241 BURLINGAME AVE,BURLINGAME,CA,94010-4107,23g@5vg-7xx-qmk,37.57897805754115,-122.34569984368639
1243 HOWARD AVE,BURLINGAME,CA,94010-4216,229@5vg-7xx-vs5,37.57696295015012,-122.34508161311709
1245 HOWARD AVE,BURLINGAME,CA,94010-4216,22t@5vg-7xx-vs5,37.57696295015012,-122.34508161311709
1246 ROLLINS RD,BURLINGAME,CA,94010-2408,232@5vg-7yq-575,37.599524059139426,-122.38297004860749
1247 BROADWAY,BURLINGAME,CA,94010-3423,22v@5vg-7xx-mff,37.58647930317435,-122.36467326752735
1249 BROADWAY,BURLINGAME,CA,94010-3423,238@5vg-7xx-mff,37.58647930317435,-122.36467326752735
1249 OAK GROVE AVE,BURLINGAME,CA,94010-7801,22k@5vg-7xx-zs5,37.58046631198464,-122.35330122501487
124 HIGHLAND AVE,BURLINGAME,CA,94010-4321,222@5vg-7xx-vmk,37.5784818444062,-122.34316601527816
1250 BAYSHORE HWY,BURLINGAME,CA,94010-1805,224@5vg-7y4-nkf,37.592368874404116,-122.36251208236513
1251 BROADWAY,BURLINGAME,CA,94010-3423,22f@5vg-7xx-m6k,37.58530136203912,-122.36510547165062
1251 WHITEHORN WAY,BURLINGAME,CA,94010-2412,0wdlxyujmy@5vg-7y7-f9f,37.57215666117404,-122.37535772017041
1257 PALOMA AVE,BURLINGAME,CA,94010-3417,22c@5vg-7xz-cbk,37.58697492628123,-122.36720704070524
125 CALIFORNIA DR,BURLINGAME,CA,94010-4322,22p@5vg-7xx-vmk,37.5784818444062,-122.34316601527816
1261 CALIFORNIA DR,BURLINGAME,CA,94010-3431,225@5vg-7y4-pjv,37.58849401449746,-122.36529185476479
1261 CALIFORNIA DR # A,BURLINGAME,CA,94010-3431,0nrjbsrqnx@5vg-7y4-pjv,37.58849401449746,-122.36529185476479
1271 WHITEHORN WAY,BURLINGAME,CA,94010,228@5vg-7y4-pqf,37.588835158558794,-122.36380882637273
1272 OAK GROVE AVE,BURLINGAME,CA,94010,22c@5vg-7xx-zs5,37.58046631198464,-122.35330122501487
1275 CALIFORNIA DR,BURLINGAME,CA,94010-3430,222@5vg-7y4-pjv,37.58849401449746,-122.36529185476479
1275 CALIFORNIA DR STE B,BURLINGAME,CA,94010-3430,22f@5vg-7y4-pjv,37.58849401449746,-122.36529185476479
1275 ROLLINS RD,BURLINGAME,CA,94010-2416,224@5vg-7y4-pqf,37.588835158558794,-122.36380882637273
127 CALIFORNIA DR,BURLINGAME,CA,94010-4395,22g@5vg-7xx-vmk,37.5784818444062,-122.34316601527816
1280 ROLLINS RD,BURLINGAME,CA,94010-2408,224@5vg-7y4-kpv,37.590013072805846,-122.36337658934066
128 PEPPER AVE,BURLINGAME,CA,94010-5235,227@5vg-7xy-gff,37.57122803676183,-122.35126027073977
1290 BAYSHORE HWY # 173,BURLINGAME,CA,94010-1806,242@5vg-7y4-nnq,37.59320562722576,-122.36356293003028
1290 BAYSHORE HWY # 250,BURLINGAME,CA,94010-1821,0gjuhxrhxf@5vg-7y4-nnq,37.59320562722576,-122.36356293003028
1290 HOWARD AVE # 201,BURLINGAME,CA,94010-4222,22p@5vg-7xx-qxq,37.577800055978436,-122.34613228393249
1290 HOWARD AVE # 323,BURLINGAME,CA,94010-4222,232@5vg-7xx-qxq,37.577800055978436,-122.34613228393249
1290 HOWARD AVE 323-F,BURLINGAME,CA,94010,22m@5vg-7xx-qxq,37.577800055978436,-122.34613228393249
1290 HOWARD AVE # 325,BURLINGAME,CA,94010-4230,242@5vg-7xx-qxq,37.577800055978436,-122.34613228393249
1290 HOWARD AVE E 202,BURLINGAME,CA,94010,05imkkuovz@5vg-7xx-qxq,37.577800055978436,-122.34613228393249
1290 HOWARD AVE STE 201-D,BURLINGAME,CA,94010-4222,0bz5hkoxmw@5vg-7xx-qxq,37.577800055978436,-122.34613228393249
1290 HOWARD AVE STE 201E,BURLINGAME,CA,94010-4222,0ey3sogg62@5vg-7xx-qxq,37.577800055978436,-122.34613228393249
1290 HOWARD AVE STE 201H,BURLINGAME,CA,94010-4222,05lnwf6do4@5vg-7xx-qxq,37.577800055978436,-122.34613228393249
1290 HOWARD AVE STE 202,BURLINGAME,CA,94010-4222,0abuxjhsnn@5vg-7xx-qxq,37.577800055978436,-122.34613228393249
1290 HOWARD AVE STE 202E,BURLINGAME,CA,94010-4222,04w62nqdqb@5vg-7xx-qxq,37.577800055978436,-122.34613228393249
1290 HOWARD AVE STE 323,BURLINGAME,CA,94010-4222,232@5vg-7xx-qxq,37.577800055978436,-122.34613228393249
1290 HOWARD AVE STE E 202,BURLINGAME,CA,94010-4222,0y3ssz4fkz@5vg-7xx-qxq,37.577800055978436,-122.34613228393249
1291 WHITEHORN WAY,BURLINGAME,CA,94010-2432,22h@5vg-7y4-psq,37.58967193112688,-122.3648596400363
1294 BURLINGAME AVE,BURLINGAME,CA,94010-4128,225@5vg-7xx-qfz,37.57863714143375,-122.34718296448868
1299 BAYSHORE HWY #100,BURLINGAME,CA,94010-1807,224@5vg-7y4-m49,37.59202773749212,-122.36399517766941
1299 BAYSHORE HWY # 230,BURLINGAME,CA,94010-1807,223@5vg-7y4-m49,37.59202773749212,-122.36399517766941
1299 BAYSHORE HWY RM 128,BURLINGAME,CA,94010-1807,22c@5vg-7y4-m49,37.59202773749212,-122.36399517766941
1299 BAYSHORE HWY RM 200,BURLINGAME,CA,94010-1807,22f@5vg-7y4-m49,37.59202773749212,-122.36399517766941
1299 BAYSHORE HWY UNIT 200,BURLINGAME,CA,94010-1807,22f@5vg-7y4-m49,37.59202773749212,-122.36399517766941
129 CALIFORNIA DR,BURLINGAME,CA,94010-4396,22b@5vg-7xx-vmk,37.5784818444062,-122.34316601527816
12 EL QUANITO WAY,BURLINGAME,CA,94010-6025,227@5vg-7xz-kzz,37.57615315723624,-122.38610965295544
1300 BAYSWATER AVE,BURLINGAME,CA,94010-4313,22g@5vg-7xx-vpv,37.576125823949454,-122.34403095204307
1300 BROADWAY,BURLINGAME,CA,94010-3426,22p@5vg-7xx-m6k,37.58530136203912,-122.36510547165062
1300 BURLINGAME AVE,BURLINGAME,CA,94010-4109,222@5vg-7xx-qfz,37.57863714143375,-122.34718296448868
1300 HOWARD AVE,BURLINGAME,CA,94010-4211,22f@5vg-7xx-qxq,37.577800055978436,-122.34613228393249
1300 ROLLINS RD,BURLINGAME,CA,94010-2410,22h@5vg-7y4-mff,37.590849838792124,-122.36442741433798
1301 BROADWAY,BURLINGAME,CA,94010-3425,22w@5vg-7xx-m6k,37.58530136203912,-122.36510547165062
1301 BURLINGAME AVE,BURLINGAME,CA,94010-4108,22p@5vg-7xx-qfz,37.57863714143375,-122.34718296448868
1304 BURLINGAME AVE,BURLINGAME,CA,94010-4109,22r@5vg-7xx-qfz,37.57863714143375,-122.34718296448868
1304 HOWARD AVE,BURLINGAME,CA,94010-4211,22h@5vg-7xx-qxq,37.577800055978436,-122.34613228393249
1305-1331 ROLLINS RD,BURLINGAME,CA,94010-2409,223@5vg-7y4-psq,37.58967193112688,-122.3648596400363
1305 BAYSWATER AVE8,BURLINGAME,CA,94010,227@5vg-7xx-vpv,37.576125823949454,-122.34403095204307
1305 BROADWAY,BURLINGAME,CA,94010-3425,228@5vg-7xx-m6k,37.58530136203912,-122.36510547165062
1305 N CAROLAN AVE,BURLINGAME,CA,94010-2401,225@5vg-7y4-psq,37.58967193112688,-122.3648596400363
1307 BAYSWATER,BURLINGAME,CA,94010,22f@5vg-7xx-vpv,37.576125823949454,-122.34403095204307
1307 BAYSWATER AVE,BURLINGAME,CA,94010-4312,22f@5vg-7xx-vpv,37.576125823949454,-122.34403095204307
1307 N CAROLAN AVE,BURLINGAME,CA,94010-2401,22b@5vg-7y4-psq,37.58967193112688,-122.3648596400363
1307 ROLLINS RD,BURLINGAME,CA,94010-2409,22g@5vg-7y4-m8v,37.59050868331261,-122.36591046342993
1308 BROADWAY,BURLINGAME,CA,94010-3426,229@5vg-7xx-m6k,37.58530136203912,-122.36510547165062
1308 BURLINGAME AVE,BURLINGAME,CA,94010-4109,224@5vg-7xx-qfz,37.57863714143375,-122.34718296448868
1309 BURLINGAME AVE,BURLINGAME,CA,94010-4108,22n@5vg-7xx-qfz,37.57863714143375,-122.34718296448868
1309 N CAROLAN AVE,BURLINGAME,CA,94010-2401,228@5vg-7y4-psq,37.58967193112688,-122.3648596400363
1309 ROLLINS RD,BURLINGAME,CA,94010-2409,226@5vg-7y4-m8v,37.59050868331261,-122.36591046342993
1310 BURLINGAME AVE,BURLINGAME,CA,94010,22m@5vg-7xx-qfz,37.57863714143375,-122.34718296448868
1310 ROLLINS RD,BURLINGAME,CA,94010-2410,22g@5vg-7y4-mff,37.590849838792124,-122.36442741433798
1312 PALOMA AVE,BURLINGAME,CA,94010,22h@5vg-7xz-cdv,37.587811677830594,-122.3682578398247
1313 N CAROLAN AVE,BURLINGAME,CA,94010-2401,222@5vg-7y4-pn5,37.58933077326519,-122.3663426668243
1315 MARSTEN RD,BURLINGAME,CA,94010-2405,22b@5vg-7y4-mff,37.590849838792124,-122.36442741433798
1316 BROADWAY,BURLINGAME,CA,94010,22g@5vg-7xx-m6k,37.58530136203912,-122.36510547165062
1316 BURLINGAME AVE,BURLINGAME,CA,94010-4109,22h@5vg-7xx-qfz,37.57863714143375,-122.34718296448868
1316 PALOMA AVENUE,BURLINGAME,CA,94010,223@5vg-7xz-cdv,37.587811677830594,-122.3682578398247
1317 BAYSWATER AVE,BURLINGAME,CA,94010-4312,225@5vg-7y8-hqz,37.57494780028075,-122.3444634039661
1317 N CAROLAN AVE,BURLINGAME,CA,94010-2401,22d@5vg-7xz-8sq,37.59100422965283,-122.3684443201295
1318 BROADWAY,BURLINGAME,CA,94010,22q@5vg-7xx-m6k,37.58530136203912,-122.36510547165062
1318 BURLINGAME AVE,BURLINGAME,CA,94010-4109,22j@5vg-7xx-qfz,37.57863714143375,-122.34718296448868
1319 BURLINGAME AVE,BURLINGAME,CA,94010-4108,226@5vg-7xx-qfz,37.57863714143375,-122.34718296448868
1320 BROADWAY,BURLINGAME,CA,94010-3426,22r@5vg-7xx-m6k,37.58530136203912,-122.36510547165062
1320 BURLINGAME AVE,BURLINGAME,CA,94010-4109,229@5vg-7xx-qfz,37.57863714143375,-122.34718296448868
1320 MARSTEN RD UNIT E,BURLINGAME,CA,94010-2417,224@5vg-7y4-kcq,37.59119097808799,-122.36294434133826
1321 HOWARD AVE,BURLINGAME,CA,94010-4212,223@5vg-7xx-t9z,37.576622045455196,-122.346564713206
1321 MONTERO AVENUE,BURLINGAME,CA,94010,22q@5vg-7y2-3nq,37.57903776528841,-122.37826450537676
1321 N CAROLAN AVE,BURLINGAME,CA,94010-2401,22c@5vg-7xz-8sq,37.59100422965283,-122.3684443201295
1322 BROADWAY,BURLINGAME,CA,94010-3426,222@5vg-7xx-m6k,37.58530136203912,-122.36510547165062
1322 MARSTEN RD,BURLINGAME,CA,94010,227@5vg-7y4-mff,37.590849838792124,-122.36442741433798
1323 BROADWAY,BURLINGAME,CA,94010-3425,22v@5vg-7xx-m6k,37.58530136203912,-122.36510547165062
1324 BROADWAY,BURLINGAME,CA,94010-3426,232@5vg-7xx-m6k,37.58530136203912,-122.36510547165062
1324 ROLLINS RD,BURLINGAME,CA,94010-2410,234@5vg-7yq-575,37.599524059139426,-122.38297004860749
1325 BURLINGAME AVE,BURLINGAME,CA,94010-4108,22d@5vg-7xx-qfz,37.57863714143375,-122.34718296448868
1325 HOWARD AVE,BURLINGAME,CA,94010-4212,22b@5vg-7xx-vs5,37.57696295015012,-122.34508161311709
1325 HOWARD AVE # 155,BURLINGAME,CA,94010-4212,0deozmdmq7@5vg-7xx-vs5,37.57696295015012,-122.34508161311709
1325 HOWARD AVE # 167,BURLINGAME,CA,94010-4212,0c6hnlshf3@5vg-7xx-vs5,37.57696295015012,-122.34508161311709
1325 HOWARD AVE #236,BURLINGAME,CA,94010,0m4u5njtcq@5vg-7xx-vs5,37.57696295015012,-122.34508161311709
1325 HOWARD AVE # 250,BURLINGAME,CA,94010-4212,0s5eopumcb@5vg-7xx-vs5,37.57696295015012,-122.34508161311709
1325 HOWARD AVE #311,BURLINGAME,CA,94010,046xa2jary@5vg-7xx-vs5,37.57696295015012,-122.34508161311709
1325 HOWARD AVE 332,BURLINGAME,CA,94010,22b@5vg-7xx-vs5,37.57696295015012,-122.34508161311709
1325 HOWARD AVE # 407,BURLINGAME,CA,94010-4212,0tb7mu6vxm@5vg-7xx-vs5,37.57696295015012,-122.34508161311709
1325 HOWARD AVE 409,BURLINGAME,CA,94010,22b@5vg-7xx-vs5,37.57696295015012,-122.34508161311709
1325 HOWARD AVE # 424,BURLINGAME,CA,94010,0ej55pu5xi@5vg-7xx-vs5,37.57696295015012,-122.34508161311709
1325 HOWARD AVE #526,BURLINGAME,CA,94010,06gm3u63al@5vg-7xx-vs5,37.57696295015012,-122.34508161311709
1325 HOWARD AVE #702,BURLINGAME,CA,94010,06qg5di3pg@5vg-7xx-vs5,37.57696295015012,-122.34508161311709
1325 HOWARD AVE #710,BURLINGAME,CA,94010,0ccoxqelsa@5vg-7xx-vs5,37.57696295015012,-122.34508161311709
1325 HOWARD AVE717,BURLINGAME,CA,94010,0nvm47giqk@5vg-7y7-f9f,37.57215666117404,-122.37535772017041
1325 HOWARD AVE #822,BURLINGAME,CA,94010,0sps7aghxi@5vg-7xx-vs5,37.57696295015012,-122.34508161311709
1325 HOWARD AVE BLDG 710,BURLINGAME,CA,94010,07cabsp3ee@5vg-7xx-vs5,37.57696295015012,-122.34508161311709
1325 HOWARD AVENUE,BURLINGAME,CA,94010,22b@5vg-7xx-vs5,37.57696295015012,-122.34508161311709
1325 HOWARD AVENUE # 310,BURLINGAME,CA,94010,0762o3cmk6@5vg-7xx-vs5,37.57696295015012,-122.34508161311709
1325 HOWARD AVENUE #336,BURLINGAME,CA,94010,0ir6dlaffd@5vg-7xx-t9z,37.576622045455196,-122.346564713206
1325 HOWARD AVENUE 337,BURLINGAME,CA,94010,22b@5vg-7xx-vs5,37.57696295015012,-122.34508161311709
1325 HOWARD AVENUE STE 434,BURLINGAME,CA,94010,0rclvkjpp6@5vg-7xx-vs5,37.57696295015012,-122.34508161311709
1325 HOWARD AVENUE SUITE #167,BURLINGAME,CA,94010,0c6hnlshf3@5vg-7xx-vs5,37.57696295015012,-122.34508161311709
1325 HOWARD AVE STE 222,BURLINGAME,CA,94010-4212,03v3hmvzeg@5vg-7xx-vs5,37.57696295015012,-122.34508161311709
1325 HOWARD AVE STE 604,BURLINGAME,CA,94010-4212,0zotqdpwck@5vg-7xx-t9z,37.576622045455196,-122.346564713206
1325 HOWARD AVE SUITE 524,BURLINGAME,CA,94010,0i24qpb3sy@5vg-7xx-vs5,37.57696295015012,-122.34508161311709
1326 BROADWAY,BURLINGAME,CA,94010-3426,22s@5vg-7xx-m6k,37.58530136203912,-122.36510547165062
1326 BROADWAY AVE,BURLINGAME,CA,94010-3426,22s@5vg-7xx-m6k,37.58530136203912,-122.36510547165062
1326 MARSTEN RD,BURLINGAME,CA,94010,227@5vg-7y4-kpv,37.590013072805846,-122.36337658934066
1326 MARSTEN ROAD,BURLINGAME,CA,94010,227@5vg-7y4-kpv,37.590013072805846,-122.36337658934066
1327 BROADWAY,BURLINGAME,CA,94010,22k@5vg-7xx-m6k,37.58530136203912,-122.36510547165062
1327 MARSTEN RD,BURLINGAME,CA,94010-2405,228@5vg-7y4-mff,37.590849838792124,-122.36442741433798
1327 N CAROLAN AVE,BURLINGAME,CA,94010-2423,224@5vg-7y4-pn5,37.58933077326519,-122.3663426668243
1327 N CAROLAN STE F,BURLINGAME,CA,94010,227@5vg-7y4-pn5,37.58933077326519,-122.3663426668243
132 MYRTLE RD,BURLINGAME,CA,94010-3031,226@5vg-7y3-75z,37.578822714337406,-122.34168284513082
1330 ROLLINS RD,BURLINGAME,CA,94010-2410,22f@5vg-7y4-mff,37.590849838792124,-122.36442741433798
1333 BAYSHORE HWY,BURLINGAME,CA,94010,222@5vg-7y4-wx5,37.59404235966346,-122.36461378742705
1333 HOWARD AVE,BURLINGAME,CA,94010-4212,222@5vg-7xx-t9z,37.576622045455196,-122.346564713206
1335 ROLLINS RD,BURLINGAME,CA,94010-2409,224@5vg-7y4-m8v,37.59050868331261,-122.36591046342993
1335 ROLLINS RD STE A,BURLINGAME,CA,94010-2409,0zamdzlp3w@5vg-7y4-m8v,37.59050868331261,-122.36591046342993
1336 BALBOA AVE,BURLINGAME,CA,94010-4774,22f@5vg-7xz-b49,37.58595134133592,-122.37165584379032
1336 CAROLAN AVE STE 105,BURLINGAME,CA,94010-2400,235@5vg-7y4-psq,37.58967193112688,-122.3648596400363
1336 DRAKE AVE,BURLINGAME,CA,94010,225@5vg-7xz-b6k,37.58359544424142,-122.37252003998401
1336 MARSTEN RD,BURLINGAME,CA,94010-2406,224@5vg-7y4-mff,37.590849838792124,-122.36442741433798
1336 N CAROLAN AVE # 102,BURLINGAME,CA,94010-2400,236@5vg-7y4-psq,37.58967193112688,-122.3648596400363
1336 N CAROLAN AVE # 107,BURLINGAME,CA,94010-2400,234@5vg-7y4-psq,37.58967193112688,-122.3648596400363
1336 N CAROLAN AVE # 205,BURLINGAME,CA,94010-2400,233@5vg-7y4-psq,37.58967193112688,-122.3648596400363
1336 N CAROLAN AVE STE102,BURLINGAME,CA,94010,22g@5vg-7y4-psq,37.58967193112688,-122.3648596400363
1336 N CAROLAN AVE STE 105,BURLINGAME,CA,94010-2400,235@5vg-7y4-psq,37.58967193112688,-122.3648596400363
1336 ROLLINS RD,BURLINGAME,CA,94010-2410,22r@5vg-7yq-575,37.599524059139426,-122.38297004860749
1336 VANCOUVER AVE,BURLINGAME,CA,94010,22r@5vg-7xz-zj9,37.58241748225848,-122.37295212163104
1337 N CAROLAN AVE,BURLINGAME,CA,94010-2401,223@5vg-7y4-pn5,37.58933077326519,-122.3663426668243
1337 SKYVIEW DR,BURLINGAME,CA,94010-6236,224@5vh-83c-vmk,37.56973397322474,-122.39524914644092
1339 ROLLINS RD,BURLINGAME,CA,94010-2409,223@5vg-7y4-m8v,37.59050868331261,-122.36591046342993
133 COSTA RICA AVE,BURLINGAME,CA,94010-5211,22c@5vg-7xy-jsq,37.57274703209838,-122.34934494451126
133 OCCIDENTAL AVE,BURLINGAME,CA,94010,22c@5vg-7xy-jn5,37.57240608788175,-122.3508279299442
1340 N CAROLAN AVE # 5,BURLINGAME,CA,94010-2402,0daeey7nwb@5vg-7y4-m8v,37.59050868331261,-122.36591046342993
1341 CORTEZ AVE,BURLINGAME,CA,94010-4714,22f@5vg-7xz-9vf,37.58477339726759,-122.37208794737059
1341 MARSTEN RD,BURLINGAME,CA,94010-2405,22r@5vg-7y4-mff,37.590849838792124,-122.36442741433798
1341 VANCOUVER AVE,BURLINGAME,CA,94010-5671,22b@5vg-7y2-2kz,37.58207624779625,-122.37443494126317
1342 ROLLINS RD,BURLINGAME,CA,94010-2410,233@5vg-7yq-575,37.599524059139426,-122.38297004860749
1343 MARSTEN RD,BURLINGAME,CA,94010-2405,22d@5vg-7y4-mff,37.590849838792124,-122.36442741433798
1344 BURLINGAME AVE,BURLINGAME,CA,94010-4109,22q@5vg-7xx-qfz,37.57863714143375,-122.34718296448868
1344 ROLLINS RD,BURLINGAME,CA,94010-2410,225@5vg-7y4-m8v,37.59050868331261,-122.36591046342993
1345 COLUMBUS AVE,BURLINGAME,CA,94010-5631,22j@5vg-7xz-yd9,37.580898274483836,-122.37486698964338
1345 HOWARD AVE,BURLINGAME,CA,94010-4249,224@5vg-7xx-t9z,37.576622045455196,-122.346564713206
1345 HOWARD AVE # 101,BURLINGAME,CA,94010-4250,22t@5vg-7xx-t9z,37.576622045455196,-122.346564713206
1345 HOWARD AVE 203,BURLINGAME,CA,94010,224@5vg-7xx-t9z,37.576622045455196,-122.346564713206
1345 HOWARD AVE #204,BURLINGAME,CA,94010-4250,22r@5vg-7xx-t9z,37.576622045455196,-122.346564713206
1348 BURLINGAME AVE,BURLINGAME,CA,94010-4109,22g@5vg-7xx-qfz,37.57863714143375,-122.34718296448868
1349 DRAKE AVENUE,BURLINGAME,CA,94010,227@5vg-7xz-b8v,37.584432167555285,-122.37357081160562
1350 BAYSHORE HWY,BURLINGAME,CA,94010-1823,222@5vg-7y4-wkz,37.59522023384629,-122.36418154015155
1350 BAYSHORE HWY # 210,BURLINGAME,CA,94010-1811,24p@5vg-7y4-wkz,37.59522023384629,-122.36418154015155
1350 BAYSHORE HWY # 355,BURLINGAME,CA,94010-1834,247@5vg-7y4-wkz,37.59522023384629,-122.36418154015155
1350 BAYSHORE HWY #360,BURLINGAME,CA,94010-1882,23t@5vg-7y4-wkz,37.59522023384629,-122.36418154015155
1350 BAYSHORE HWY # 440,BURLINGAME,CA,94010-1813,24r@5vg-7y4-wkz,37.59522023384629,-122.36418154015155
1350 BAYSHORE HWY # 510,BURLINGAME,CA,94010-1814,237@5vg-7y4-wkz,37.59522023384629,-122.36418154015155
1350 BAYSHORE HWY # 630,BURLINGAME,CA,94010-1815,23d@5vg-7y4-wkz,37.59522023384629,-122.36418154015155
1350 BAYSHORE HWY #650,BURLINGAME,CA,94010-1815,228@5vg-7y4-wkz,37.59522023384629,-122.36418154015155
1350 BAYSHORE HWY # 740,BURLINGAME,CA,94010-1816,223@5vg-7y4-wkz,37.59522023384629,-122.36418154015155
1350 BAYSHORE HWY # 777,BURLINGAME,CA,94010-1816,22r@5vg-7y4-wkz,37.59522023384629,-122.36418154015155
1350 BAYSHORE HWY # 799,BURLINGAME,CA,94010-1838,23j@5vg-7y4-wkz,37.59522023384629,-122.36418154015155
1350 BAYSHORE HWY #820,BURLINGAME,CA,94010-1817,24q@5vg-7y4-wkz,37.59522023384629,-122.36418154015155
1350 BAYSHORE HWY #830,BURLINGAME,CA,94010-1843,22t@5vg-7y4-wkz,37.59522023384629,-122.36418154015155
1350 BAYSHORE HWY # 900,BURLINGAME,CA,94010-1818,22n@5vg-7y4-wkz,37.59522023384629,-122.36418154015155
1350 BAYSHORE HWY # 920,BURLINGAME,CA,94010-1818,234@5vg-7y4-wkz,37.59522023384629,-122.36418154015155
1350 BAYSHORE HWY STE 350,BURLINGAME,CA,94010-1831,239@5vg-7y4-wkz,37.59522023384629,-122.36418154015155
1350 BAYSHORE HWY STE 520,BURLINGAME,CA,94010-1814,225@5vg-7y4-wkz,37.59522023384629,-122.36418154015155
1350 BAYSHORE HWY STE 580,BURLINGAME,CA,94010-1814,24j@5vg-7y4-wkz,37.59522023384629,-122.36418154015155
1350 BAYSHORE HWY STE 780,BURLINGAME,CA,94010-1842,24s@5vg-7y4-wkz,37.59522023384629,-122.36418154015155
1350 BURLINGAME AVE,BURLINGAME,CA,94010-4109,22k@5vg-7xx-qfz,37.57863714143375,-122.34718296448868
1350 OLD BAYSHORE BLVD 850,BURLINGAME,CA,94010,23r@5vg-7y4-wkz,37.59522023384629,-122.36418154015155
1350 OLD BAYSHORE HWY 520,BURLINGAME,CA,94010,0hxcb7pphx@5vg-7y4-wkz,37.59522023384629,-122.36418154015155
1352 BROADWAY,BURLINGAME,CA,94010,22b@5vg-7xx-m6k,37.58530136203912,-122.36510547165062
1354 BURLINGAME AVE,BURLINGAME,CA,94010-4109,22b@5vg-7xx-qvf,37.57829620913984,-122.34866606140699
1355 BROADWAY,BURLINGAME,CA,94010-3425,22z@5vg-7xx-m6k,37.58530136203912,-122.36510547165062
1356-60 MARSTEN RD,BURLINGAME,CA,94010,224@5vg-7y4-kxq,37.591686584395525,-122.36547824906586
1359 BROADWAY,BURLINGAME,CA,94010-3425,22x@5vg-7xx-m6k,37.58530136203912,-122.36510547165062
135 DWIGHT ROAD,BURLINGAME,CA,94010,22k@5vg-7y3-5s5,37.58303834757213,-122.33741874506248
1360 BROADWAY,BURLINGAME,CA,94010-3426,22y@5vg-7xx-m6k,37.58530136203912,-122.36510547165062
1360 ROLLINS RD,BURLINGAME,CA,94010-2410,225@5vg-7y4-kxq,37.591686584395525,-122.36547824906586
1361 BROADWAY,BURLINGAME,CA,94010-3425,22h@5vg-7xx-m6k,37.58530136203912,-122.36510547165062
1362 DE SOTO AVENUE,BURLINGAME,CA,94010,226@5vg-7y2-2kz,37.58207624779625,-122.37443494126317
1362 N CAROLAN AVE,BURLINGAME,CA,94010-2402,229@5vg-7y4-m8v,37.59050868331261,-122.36591046342993
1366 N CAROLAN AVE,BURLINGAME,CA,94010-2402,228@5vg-7y4-m8v,37.59050868331261,-122.36591046342993
1368 VANCOUVER AVE,BURLINGAME,CA,94010-5672,227@5vg-7y2-28v,37.58325421215377,-122.37400288191738
1369 ROLLINS RD,BURLINGAME,CA,94010-2409,227@5vg-7y4-m8v,37.59050868331261,-122.36591046342993
136 MYRTLE RD,BURLINGAME,CA,94010-3031,224@5vg-7y3-6tv,37.580000708733415,-122.34125033798986
1375 BURLINGAME AVE,BURLINGAME,CA,94010-4149,229@5vg-7xx-qs5,37.57745913748404,-122.34761538243662
1375 BURLINGAME AVE #202A,BURLINGAME,CA,94010-4100,0nrov45uee@5vg-7xx-qs5,37.57745913748404,-122.34761538243662
1375 BURLINGAME AVE # 205,BURLINGAME,CA,94010-4100,22c@5vg-7xx-qs5,37.57745913748404,-122.34761538243662
1375 BURLINGAME AVE #205,BURLINGAME,CA,94010-4100,22c@5vg-7xx-qs5,37.57745913748404,-122.34761538243662
1375 BURLINGAME AVE 205,BURLINGAME,CA,94010-4100,22c@5vg-7xx-qs5,37.57745913748404,-122.34761538243662
1375 BURLINGAME AVE # 288,BURLINGAME,CA,94010-4149,0nieygvviu@5vg-7xx-qs5,37.57745913748404,-122.34761538243662
1375 BURLINGAME AVE # 288A,BURLINGAME,CA,94010-4100,22k@5vg-7xx-qs5,37.57745913748404,-122.34761538243662
1375 BURLINGAME AVE #F,BURLINGAME,CA,94010-4149,0uhcsqpco4@5vg-7xx-qs5,37.57745913748404,-122.34761538243662
1375 BURLINGAME AVE FL 1,BURLINGAME,CA,94010-4149,229@5vg-7xx-qs5,37.57745913748404,-122.34761538243662
1375 BURLINGAME AVE L2,BURLINGAME,CA,94010,24v@5vg-7xx-qj9,37.57947420651548,-122.34823365478508
1375 BURLINGAME AVE STE 204B,BURLINGAME,CA,94010-4100,0fd35xcxbd@5vg-7xx-qs5,37.57745913748404,-122.34761538243662
1378 DE SOTO AVE,BURLINGAME,CA,94010-5634,22g@5vg-7y2-249,37.58291296389258,-122.3754856999363
1379 N CAROLAN AVE,BURLINGAME,CA,94010-2401,223@5vg-7xz-8qf,37.59016751165051,-122.3673934886127
137 ANITA RD APT E,BURLINGAME,CA,94010,249@5vg-7y3-6tv,37.580000708733415,-122.34125033798986
137 BANCROFT RD,BURLINGAME,CA,94010,22p@5vg-7y3-5mk,37.58455712206907,-122.33550282942207
1380 BURLINGAME AVE,BURLINGAME,CA,94010-4109,225@5vg-7xx-qvf,37.57829620913984,-122.34866606140699
1380 MARSTEN RD,BURLINGAME,CA,94010-2406,223@5vg-7y4-kxq,37.591686584395525,-122.36547824906586
1381 HILLSIDE CIR,BURLINGAME,CA,94010-6001,228@5vg-7y2-3t9,37.57751847924031,-122.38017916821255
1385 HILLSIDE CIRCLE,BURLINGAME,CA,94010,229@5vg-7y2-3t9,37.57751847924031,-122.38017916821255
1385 MARSTEN RD # A,BURLINGAME,CA,94010-2420,22f@5vg-7y4-mc5,37.591345415115406,-122.36696129655303
1385 MARSTEN RD # B,BURLINGAME,CA,94010-2420,22d@5vg-7y4-mc5,37.591345415115406,-122.36696129655303
138 LOMA VISTA DRIVE,BURLINGAME,CA,94010,22d@5vh-83c-68v,37.57091202860083,-122.39481743141376
1390 BAYSHORE HWY,BURLINGAME,CA,94010-1803,222@5vg-7y4-wp9,37.59605693931553,-122.36523241861448
1390 BURLINGAME AVE,BURLINGAME,CA,94010-4109,22g@5vg-7xx-qvf,37.57829620913984,-122.34866606140699
1394 ROLLINS RD,BURLINGAME,CA,94010-2410,22x@5vg-7yq-575,37.599524059139426,-122.38297004860749
1395 BURLINGAME AVE,BURLINGAME,CA,94010-4108,22f@5vg-7xx-qfz,37.57863714143375,-122.34718296448868
1395 MARSTEN RD,BURLINGAME,CA,94010-2405,225@5vg-7y4-mc5,37.591345415115406,-122.36696129655303
13 VALDIVIA CT,BURLINGAME,CA,94010-5428,229@5vg-7xy-v75,37.58523561706481,-122.38413712296713
1400 BROADWAY,BURLINGAME,CA,94010,22d@5vg-7xx-mkz,37.58496021083521,-122.36658843313485
1400 BURLINGAME AVE,BURLINGAME,CA,94010-4111,23m@5vg-7xx-tvz,37.57711820280407,-122.3490984570569
1400 EDGEHILL DR,BURLINGAME,CA,94010-3620,22c@5vg-7xy-2c5,37.58229506882374,-122.35941945850013
1400 HOWARD AVE,BURLINGAME,CA,94010-4202,22h@5vg-7xx-t9z,37.576622045455196,-122.346564713206
1400 MARSTEN RD STE M,BURLINGAME,CA,94010-2422,22d@5vg-7y4-kzz,37.59252330961546,-122.36652909352374
1400 ROLLINS RD,BURLINGAME,CA,94010-2315,222@5vg-7y4-mc5,37.591345415115406,-122.36696129655303
1401 BURLINGAME AVE,BURLINGAME,CA,94010-4110,225@5vg-7xx-qs5,37.57745913748404,-122.34761538243662
1401 CHAPIN AVE,BURLINGAME,CA,94010-4002,22h@5vg-7xx-qvf,37.57829620913984,-122.34866606140699
1403 BURLINGAME AVE,BURLINGAME,CA,94010-4110,233@5vg-7xx-tvz,37.57711820280407,-122.3490984570569
1403 CHAPIN AVE,BURLINGAME,CA,94010-4002,22n@5vg-7xx-ty9,37.57795526066046,-122.35014913443989
1404 BURLINGAME AVE,BURLINGAME,CA,94010-4111,23r@5vg-7xx-tvz,37.57711820280407,-122.3490984570569
1405 BURLINGAME AVE,BURLINGAME,CA,94010-4110,22t@5vg-7xx-tvz,37.57711820280407,-122.3490984570569
1405 N CAROLAN AVE,BURLINGAME,CA,94010-2403,227@5vg-7xz-8sq,37.59100422965283,-122.3684443201295
1406 BURLINGAME AVE,BURLINGAME,CA,94010-4111,23n@5vg-7xx-tvz,37.57711820280407,-122.3490984570569
1407 BURLINGAME AVE,BURLINGAME,CA,94010-4110,224@5vg-7xx-qs5,37.57745913748404,-122.34761538243662
1408 BROADWAY,BURLINGAME,CA,94010-3428,229@5vg-7xx-mkz,37.58496021083521,-122.36658843313485
1408 BURLINGAME AVE,BURLINGAME,CA,94010,22k@5vg-7xx-tvz,37.57711820280407,-122.3490984570569
1408 CABRILLO AVE,BURLINGAME,CA,94010,22r@5vg-7xz-bp9,37.5864468103502,-122.37418952300811
1408 CHAPIN AVE # 3,BURLINGAME,CA,94010-4080,22f@5vg-7xx-rkz,37.579133260421955,-122.34971675011646
1408 CHAPIN AVE #3,BURLINGAME,CA,94010-4080,22f@5vg-7xx-rkz,37.579133260421955,-122.34971675011646
1408 CHAPIN AVE # 4,BURLINGAME,CA,94010-4080,23k@5vg-7xx-rkz,37.579133260421955,-122.34971675011646
1408 CHAPIN AVE # 5,BURLINGAME,CA,94010-4080,24k@5vg-7xx-rkz,37.579133260421955,-122.34971675011646
1408 CHAPIN AVE STE 3,BURLINGAME,CA,94010-4080,22f@5vg-7xx-rkz,37.579133260421955,-122.34971675011646
1408 CHAPIN AVE STE 6,BURLINGAME,CA,94010-4080,24p@5vg-7xx-rkz,37.579133260421955,-122.34971675011646
1409 BURLINGAME AVE,BURLINGAME,CA,94010-4110,22y@5vg-7xx-tvz,37.57711820280407,-122.3490984570569
1409 CHAPIN AVE,BURLINGAME,CA,94010-4086,232@5vg-7xx-qvf,37.57829620913984,-122.34866606140699
1409 CHAPIN AVE MEZZANINE,BURLINGAME,CA,94010,232@5vg-7xx-qvf,37.57829620913984,-122.34866606140699
1410 BROADWAY,BURLINGAME,CA,94010-3428,23j@5vg-7xx-mkz,37.58496021083521,-122.36658843313485
1410 BULRINGAME AVE,BURLINGAME,CA,94010,0qfnrdow2l@5vg-7y7-f9f,37.57215666117404,-122.37535772017041
1410 BURLINGAME AVE,BURLINGAME,CA,94010-4111,22c@5vg-7xx-qvf,37.57829620913984,-122.34866606140699
1410 HOWARD AVE,BURLINGAME,CA,94010-4202,22d@5vg-7xx-t9z,37.576622045455196,-122.346564713206
1410 PALOMA AVE,BURLINGAME,CA,94010-3335,22q@5vg-7xz-8y9,37.58948511978289,-122.37035946724505
1411 BURLINGAME AVE,BURLINGAME,CA,94010-4110,22f@5vg-7xx-tvz,37.57711820280407,-122.3490984570569
1411 CHAPIN AVE,BURLINGAME,CA,94010-4002,222@5vg-7xx-ty9,37.57795526066046,-122.35014913443989
1412 CHAPIN AVE,BURLINGAME,CA,94010-4003,22d@5vg-7xx-rkz,37.579133260421955,-122.34971675011646
1412 MONTERO AVE,BURLINGAME,CA,94010-5558,22p@5vg-7xz-ysq,37.58105244737835,-122.37888325666799
1412 MONTERO AVENUE,BURLINGAME,CA,94010,22p@5vg-7xz-ysq,37.58105244737835,-122.37888325666799
1414 BURLINGAME AVE,BURLINGAME,CA,94010-4111,22z@5vg-7xx-tvz,37.57711820280407,-122.3490984570569
1415 ROLLINS RD #110,BURLINGAME,CA,94010-2300,22f@5vg-7xz-8sq,37.59100422965283,-122.3684443201295
1415 ROLLINS RD # 120,BURLINGAME,CA,94010-2300,0kjlbf6ijq@5vg-7xz-8sq,37.59100422965283,-122.3684443201295
1415 ROLLINS RD STE 204,BURLINGAME,CA,94010,22n@5vg-7xz-8sq,37.59100422965283,-122.3684443201295
1415 ROLLINS RD STE 206,BURLINGAME,CA,94010-2300,22j@5vg-7xz-8sq,37.59100422965283,-122.3684443201295
1417 CORTEZ AVE APT A,BURLINGAME,CA,94010-4710,22z@5vg-7xz-bp9,37.5864468103502,-122.37418952300811
1419 BURLINGAME AVE,BURLINGAME,CA,94010-4150,234@5vg-7xx-tvz,37.57711820280407,-122.3490984570569
1419 BURLINGAME AVE # B,BURLINGAME,CA,94010-4122,22v@5vg-7xx-tvz,37.57711820280407,-122.3490984570569
1419 BURLINGAME AVE F,BURLINGAME,CA,94010,234@5vg-7xx-tvz,37.57711820280407,-122.3490984570569
1419 BURLINGAME AVE # G,BURLINGAME,CA,94010-4122,22w@5vg-7xx-tvz,37.57711820280407,-122.3490984570569
1419 BURLINGAME AVE # O,BURLINGAME,CA,94010-4122,24x@5vg-7xx-tvz,37.57711820280407,-122.3490984570569
1419 BURLINGAME AVE #P,BURLINGAME,CA,94010-4119,235@5vg-7xx-tvz,37.57711820280407,-122.3490984570569
1419 BURLINGAME AVE P1,BURLINGAME,CA,94010-4119,248@5vg-7xx-tvz,37.57711820280407,-122.3490984570569
1419 BURLINGAME AVE # R,BURLINGAME,CA,94010-4123,244@5vg-7xx-tvz,37.57711820280407,-122.3490984570569
1419 BURLINGAME AVE S,BURLINGAME,CA,94010,234@5vg-7xx-tvz,37.57711820280407,-122.3490984570569
1419 BURLINGAME AVE STE A,BURLINGAME,CA,94010-4122,23k@5vg-7xx-tvz,37.57711820280407,-122.3490984570569
1419 BURLINGAME AVE STE C,BURLINGAME,CA,94010-4122,24p@5vg-7xx-tvz,37.57711820280407,-122.3490984570569
1419 BURLINGAME AVE STE L,BURLINGAME,CA,94010-4150,0liptq6ebr@5vg-7xx-tvz,37.57711820280407,-122.3490984570569
"1419 BURLINGAME AVE, STE M",BURLINGAME,CA,94010-4123,0j7dxlhrzd@5vg-7xx-tvz,37.57711820280407,-122.3490984570569
1419 BURLINGAME AVE STE N,BURLINGAME,CA,94010-4123,22s@5vg-7xx-tvz,37.57711820280407,-122.3490984570569
1419 BURLINGAME AVE STE W,BURLINGAME,CA,94010-4119,23v@5vg-7xx-tvz,37.57711820280407,-122.3490984570569
1419 BURLINGAME AVE # T,BURLINGAME,CA,94010-4119,22r@5vg-7xx-tvz,37.57711820280407,-122.3490984570569
1419 BURLINGAME AVE # U,BURLINGAME,CA,94010-4123,23w@5vg-7xx-tvz,37.57711820280407,-122.3490984570569
1419 BURLINGAME AVE # X,BURLINGAME,CA,94010-4123,24c@5vg-7xx-tvz,37.57711820280407,-122.3490984570569
1419 BURLINGAME AVE #Z1,BURLINGAME,CA,94010-4122,249@5vg-7xx-tvz,37.57711820280407,-122.3490984570569
1419 CHAPIN AVE STE 101,BURLINGAME,CA,94010-4167,242@5vg-7xx-tvz,37.57711820280407,-122.3490984570569
141 CHANNING ROAD,BURLINGAME,CA,94010,22f@5vg-7y3-5xq,37.583379161750145,-122.33593543638733
141 EL CAMINO REAL APT 201,BURLINGAME,CA,94010,23n@5vg-7xx-t35,37.57544402597251,-122.34699713150732
1420 BURLINGAME AVE,BURLINGAME,CA,94010-4111,23c@5vg-7xx-tvz,37.57711820280407,-122.3490984570569
1420 OAK GROVE AVE,BURLINGAME,CA,94010-3711,227@5vg-7xx-zmk,37.58012530592255,-122.35478426938798
1421 BENITO AVENUE,BURLINGAME,CA,94010,22j@5vg-7xz-n5z,37.57953316543402,-122.38079793981248
1422 BURLINGAME AVE,BURLINGAME,CA,94010-4111,23s@5vg-7xx-tvz,37.57711820280407,-122.3490984570569
1423 BROADWAY,BURLINGAME,CA,94010-3427,27h@5vg-7xx-mhq,37.58412341194338,-122.36553766480505
1423 BURLINGAME AVE,BURLINGAME,CA,94010-4110,22m@5vg-7xx-tvz,37.57711820280407,-122.3490984570569
1423 ROLLINS RD,BURLINGAME,CA,94010-2303,224@5vg-7xz-8sq,37.59100422965283,-122.3684443201295
1425 BROADWAY # 12,BURLINGAME,CA,94010-3435,27x@5vg-7xx-mhq,37.58412341194338,-122.36553766480505
1425 BROADWAY # 14,BURLINGAME,CA,94010-3435,283@5vg-7xx-mhq,37.58412341194338,-122.36553766480505
1425 BROADWAY # 19,BURLINGAME,CA,94010-3448,27m@5vg-7xx-mhq,37.58412341194338,-122.36553766480505
1425 BROADWAY #2,BURLINGAME,CA,94010-3434,284@5vg-7xx-mhq,37.58412341194338,-122.36553766480505
1425 BROADWAY # 22,BURLINGAME,CA,94010-3468,0co5wdqecz@5vg-7xx-mhq,37.58412341194338,-122.36553766480505
1425 BROADWAY # 23,BURLINGAME,CA,94010-3468,228@5vg-7xx-mhq,37.58412341194338,-122.36553766480505
1425 BROADWAY # 3,BURLINGAME,CA,94010-3448,27p@5vg-7xx-mhq,37.58412341194338,-122.36553766480505
1425 BROADWAY # 5,BURLINGAME,CA,94010-3468,27y@5vg-7xx-mhq,37.58412341194338,-122.36553766480505
1425 BROADWAY # 7,BURLINGAME,CA,94010-3435,27g@5vg-7xx-mhq,37.58412341194338,-122.36553766480505
1425 BROADWAY # 8,BURLINGAME,CA,94010-3468,27w@5vg-7xx-mhq,37.58412341194338,-122.36553766480505
1425 BROADWAY STE 20,BURLINGAME,CA,94010-3435,27q@5vg-7xx-mhq,37.58412341194338,-122.36553766480505
1425 BURLINGAME AVE,BURLINGAME,CA,94010-4110,22b@5vg-7xx-tvz,37.57711820280407,-122.3490984570569
1425 HOWARD AVE #526,BURLINGAME,CA,94010-4201,0vxc3v35t4@5vg-7y7-f9f,37.57215666117404,-122.37535772017041
1426 BURLINGAME AVE,BURLINGAME,CA,94010-4111,223@5vg-7xx-tvz,37.57711820280407,-122.3490984570569
1426 PALOMA AVENUE,BURLINGAME,CA,94010,226@5vg-7xz-8y9,37.58948511978289,-122.37035946724505
1427 CHAPIN AVE,BURLINGAME,CA,94010-4002,226@5vg-7xx-ty9,37.57795526066046,-122.35014913443989
1428 EL CAMINO REAL,BURLINGAME,CA,94010,23x@5vg-7xz-789,37.587965980012925,-122.37227453487104
1429 ROLLINS RD,BURLINGAME,CA,94010-2316,22g@5vg-7y4-vj9,37.592677604505944,-122.37054601234597
1430 CHAPIN AVE,BURLINGAME,CA,94010-4003,223@5vg-7xx-ty9,37.57795526066046,-122.35014913443989
1430 HOWARD AVE,BURLINGAME,CA,94010-4202,228@5vg-7xx-t9z,37.576622045455196,-122.346564713206
1430 PALM DR,BURLINGAME,CA,94010-3734,22d@5vg-7xx-p9z,37.58111709479273,-122.35985171928253
1430 SANCHEZ AVENUE,BURLINGAME,CA,94010,22x@5vg-7xx-kvf,37.582790862826705,-122.36195319103804
1431 BROADWAY,BURLINGAME,CA,94010-3427,227@5vg-7xx-mhq,37.58412341194338,-122.36553766480505
1432 BURLINGAME AVE,BURLINGAME,CA,94010-4111,22c@5vg-7xx-tvz,37.57711820280407,-122.3490984570569
1433 BROADWAY,BURLINGAME,CA,94010-3427,225@5vg-7xx-mhq,37.58412341194338,-122.36553766480505
1433 BURLINGAME AVE,BURLINGAME,CA,94010-4110,22j@5vg-7xx-tvz,37.57711820280407,-122.3490984570569
1433 N CAROLAN AVE,BURLINGAME,CA,94010,227@5vg-7y4-vfz,37.5918409272715,-122.36949516137413
1433 N CAROLINE AVE,BURLINGAME,CA,94010,0rl3gof3x6@5vg-7y7-f9f,37.57215666117404,-122.37535772017041
1433 PALOMA AVE,BURLINGAME,CA,94010-3334,22d@5vg-7xz-7h5,37.58914389957948,-122.37184242069185
1435 BELLEVUE AVE APT 101,BURLINGAME,CA,94010-3941,24j@5vg-7xx-rff,37.578792298143085,-122.35119982156094
1435 BURLINGAME AVE,BURLINGAME,CA,94010-4110,232@5vg-7xx-tvz,37.57711820280407,-122.3490984570569
1435 CAROLAN,BURLINGAME,CA,94010,223@5vg-7xz-8sq,37.59100422965283,-122.3684443201295
1436 BURLINGAME AVE,BURLINGAME,CA,94010-4111,23x@5vg-7xx-tvz,37.57711820280407,-122.3490984570569
1439 CALIFORNIA DR,BURLINGAME,CA,94010,225@5vg-7xz-8n5,37.590663028008855,-122.36992731979392
1439 N CAROLAN AVE,BURLINGAME,CA,94010-2403,22k@5vg-7y4-vfz,37.5918409272715,-122.36949516137413
1439 ROLLINS RD,BURLINGAME,CA,94010-2316,225@5vg-7y4-vj9,37.592677604505944,-122.37054601234597
1440 BURLINGAME AVE,BURLINGAME,CA,94010-4111,237@5vg-7xx-tvz,37.57711820280407,-122.3490984570569
1440 CHAPIN AVE # 100,BURLINGAME,CA,94010-4011,22c@5vg-7xx-ty9,37.57795526066046,-122.35014913443989
1440 CHAPIN AVE # 101,BURLINGAME,CA,94010-4011,22q@5vg-7xx-ty9,37.57795526066046,-122.35014913443989
1440 CHAPIN AVE # 200,BURLINGAME,CA,94010-4011,228@5vg-7xx-ty9,37.57795526066046,-122.35014913443989
1441 ROLLINS RD,BURLINGAME,CA,94010-2316,22h@5vg-7y4-vj9,37.592677604505944,-122.37054601234597
1442 BURLINGAME AVE,BURLINGAME,CA,94010-4111,22h@5vg-7xx-tvz,37.57711820280407,-122.3490984570569
1443 ROLLINS RD,BURLINGAME,CA,94010,22n@5vg-7y4-vj9,37.592677604505944,-122.37054601234597
1444 BENITO AVE,BURLINGAME,CA,94010-5550,22h@5vg-7xz-z75,37.58071114823223,-122.38036598063438
1444 BENITO AVENUE,BURLINGAME,CA,94010,22h@5vg-7xz-z75,37.58071114823223,-122.38036598063438
1444 BURLINGAME AVE,BURLINGAME,CA,94010-4111,22d@5vg-7xx-tvz,37.57711820280407,-122.3490984570569
1445 BURLINGAME AVE,BURLINGAME,CA,94010-4110,239@5vg-7xx-tvz,37.57711820280407,-122.3490984570569
1445 N CAROLAN AVE,BURLINGAME,CA,94010,22p@5vg-7y4-vfz,37.5918409272715,-122.36949516137413
1445 NORTH CAROLAN AVE,BURLINGAME,CA,94010,22p@5vg-7y4-vfz,37.5918409272715,-122.36949516137413
1447 BURLINGAME AVE,BURLINGAME,CA,94010-4110,238@5vg-7xx-tvz,37.57711820280407,-122.3490984570569
1447 N CAROLAN AVE,BURLINGAME,CA,94010-2403,07uyqwabbz@5vg-7y4-vfz,37.5918409272715,-122.36949516137413
1447 ROLLINS RD,BURLINGAME,CA,94010-2316,229@5vg-7y4-vj9,37.592677604505944,-122.37054601234597
1448 BURLINGAME AVE,BURLINGAME,CA,94010,226@5vg-7xx-tvz,37.57711820280407,-122.3490984570569
1450 CHAPIN AVE,BURLINGAME,CA,94010-4062,225@5vg-7xx-tsq,37.57761429599668,-122.35163218358603
1450 CHAPIN AVE # 150,BURLINGAME,CA,94010-4099,27j@5vg-7xx-tsq,37.57761429599668,-122.35163218358603
1450 CHAPIN AVE FL 100,BURLINGAME,CA,94010-4044,225@5vg-7xx-tsq,37.57761429599668,-122.35163218358603
1450 HOWARD AVE,BURLINGAME,CA,94010,22b@5vg-7xx-t9z,37.576622045455196,-122.346564713206
1450 ROLLINS RD,BURLINGAME,CA,94010-2307,222@5vg-7y4-vmk,37.59218212653465,-122.36801213940501
1451 BURLINGAME AVE,BURLINGAME,CA,94010-4110,227@5vg-7xx-tvz,37.57711820280407,-122.3490984570569
1452 BELLEVUE AVE APT C,BURLINGAME,CA,94010,24r@5vg-7xx-dgk,37.57845131967995,-122.35268286911717
1452 BROADWAY,BURLINGAME,CA,94010-3428,22h@5vg-7xx-mkz,37.58496021083521,-122.36658843313485
1452 FLORIBUNDA AVE # 305,BURLINGAME,CA,94010-3813,27t@5vg-7xx-djv,37.57928832298878,-122.35373356438467
1453 BURLINGAME AVE,BURLINGAME,CA,94010-4110,225@5vg-7xx-tvz,37.57711820280407,-122.3490984570569
1454 BROADWAY,BURLINGAME,CA,94010-3428,22k@5vg-7xx-mkz,37.58496021083521,-122.36658843313485
1455 ROLLINS RD,BURLINGAME,CA,94010-2316,22j@5vg-7y4-vj9,37.592677604505944,-122.37054601234597
145 PARK RD,BURLINGAME,CA,94010-4316,228@5vg-7xx-vs5,37.57696295015012,-122.34508161311709
1460 BURLINGAME AVE,BURLINGAME,CA,94010-4111,224@5vg-7xx-tvz,37.57711820280407,-122.3490984570569
1461 BALBOA AVENUE,BURLINGAME,CA,94010,22c@5vg-7xz-brk,37.58728348631846,-122.37524032541164
1461 BAYSHORE HWY,BURLINGAME,CA,94010-1702,22f@5vg-7y4-t5f,37.596893624399094,-122.36628330680834
1461 BURLINGAME AVE,BURLINGAME,CA,94010-4110,22p@5vg-7xx-tvz,37.57711820280407,-122.3490984570569
1461 ROLLINS RD,BURLINGAME,CA,94010-2316,22d@5vg-7y4-vj9,37.592677604505944,-122.37054601234597
1461 ROLLINS ROAD,BURLINGAME,CA,94010,22d@5vg-7y4-vj9,37.592677604505944,-122.37054601234597
1462 BURLINGAME AVE,BURLINGAME,CA,94010-4111,228@5vg-7xx-tvz,37.57711820280407,-122.3490984570569
1465 BURLINGAME AVE,BURLINGAME,CA,94010-4110,23f@5vg-7xx-tvz,37.57711820280407,-122.3490984570569
1465 CHAPIN AVE # A,BURLINGAME,CA,94010-4002,22h@5vg-7xx-ty9,37.57795526066046,-122.35014913443989
1465 N CAROLAN AVE,BURLINGAME,CA,94010-2403,224@5vg-7xz-8n5,37.590663028008855,-122.36992731979392
1465 ROLLINS ROAD,BURLINGAME,CA,94010,22k@5vg-7y4-vj9,37.592677604505944,-122.37054601234597
1466 BELLEVUE AVE #2,BURLINGAME,CA,94010,22q@5vg-7xx-dsq,37.57727331514961,-122.35311520884395
1467 ROLLINS RD,BURLINGAME,CA,94010-2316,22q@5vg-7y4-vj9,37.592677604505944,-122.37054601234597
1469 BELLEVUE AVENUE #711,BURLINGAME,CA,94010,25b@5vg-7xx-tsq,37.57761429599668,-122.35163218358603
1469 ROLLINS RD,BURLINGAME,CA,94010-2316,22f@5vg-7y4-vj9,37.592677604505944,-122.37054601234597
1471 BURLINGAME AVE,BURLINGAME,CA,94010-4110,222@5vg-7xx-tvz,37.57711820280407,-122.3490984570569
1471 N CAROLAN AVE,BURLINGAME,CA,94010-2403,226@5vg-7y4-vfz,37.5918409272715,-122.36949516137413
1471 ROLLINS ROAD,BURLINGAME,CA,94010,22x@5vg-7y4-vj9,37.592677604505944,-122.37054601234597
1473 ROLLINS RD,BURLINGAME,CA,94010-2316,234@5vg-7y4-vj9,37.592677604505944,-122.37054601234597
1475 BURLINGAME AVE,BURLINGAME,CA,94010-4143,22n@5vg-7xx-tvz,37.57711820280407,-122.3490984570569
1475 BURLINGAME AVE #D,BURLINGAME,CA,94010-4154,23d@5vg-7xx-tvz,37.57711820280407,-122.3490984570569
1475 BURLINGAME AVE STE C,BURLINGAME,CA,94010-4154,24r@5vg-7xx-tvz,37.57711820280407,-122.3490984570569
1475 LINCOLN AVE,BURLINGAME,CA,94010-3463,227@5vg-7xz-ch5,37.585455808164475,-122.36912214716264
1477 CHAPIN AVE,BURLINGAME,CA,94010,227@5vg-7xx-ty9,37.57795526066046,-122.35014913443989
1477 FLORIBUNDA AVE # 303,BURLINGAME,CA,94010-3877,24j@5vg-7xx-djv,37.57928832298878,-122.35373356438467
1477 FLORIBUNDA AVE UNIT 303,BURLINGAME,CA,94010,24j@5vg-7xx-djv,37.57928832298878,-122.35373356438467
1480 BROADWAY,BURLINGAME,CA,94010-3428,224@5vg-7xx-mkz,37.58496021083521,-122.36658843313485
1480 ROLLINS RD,BURLINGAME,CA,94010-2307,222@5vg-7y4-v4v,37.59301881756972,-122.36906299198534
1481 ROLLINS RD,BURLINGAME,CA,94010-2316,22m@5vg-7y4-vj9,37.592677604505944,-122.37054601234597
148 COSTA RICA AVE,BURLINGAME,CA,94010-5212,22q@5vg-7xy-jsq,37.57274703209838,-122.34934494451126
1492 BAYSHORE HWY,BURLINGAME,CA,94010-1701,222@5vg-7y4-t9z,37.59723479794523,-122.364800171703
1492 OLD BAYSHORE HWY,BURLINGAME,CA,94010,04ynd7uxcx@5vg-7y3-xqz,37.59757595530416,-122.36331701268658
1493 ROLLINS RD,BURLINGAME,CA,94010-2316,222@5vg-7y4-vfz,37.5918409272715,-122.36949516137413
1494 BAYSHORE HWY,BURLINGAME,CA,94010,05iualc3ju@5vg-7y7-f9f,37.57215666117404,-122.37535772017041
1496 BAYSHORE HWY,BURLINGAME,CA,94010-1701,222@5vg-7y4-syv,37.59841264760459,-122.36436791382012
1497 ROLLINS RD,BURLINGAME,CA,94010-2316,237@5vg-7y4-vj9,37.592677604505944,-122.37054601234597
1499 BAYSHORE HWY # 241,BURLINGAME,CA,94010-1711,24t@5vg-7y4-t5f,37.596893624399094,-122.36628330680834
149 PARK RD,BURLINGAME,CA,94010-4316,222@5vg-7xx-vs5,37.57696295015012,-122.34508161311709
1500 ADELINE DR A,BURLINGAME,CA,94010-4606,22j@5vg-7xz-835,37.589639325999386,-122.37437617530051
1500 FLORIBUNDA AVE # 4,BURLINGAME,CA,94010-3857,28b@5vg-7xx-djv,37.57928832298878,-122.35373356438467
1500 SHERMAN AVE # 1A,BURLINGAME,CA,94010-4872,24f@5vg-7xz-ch5,37.585455808164475,-122.36912214716264
1501 ADRIAN RD,BURLINGAME,CA,94010-2102,222@5vg-7y4-vcq,37.59419669890241,-122.36863081162714
1501 CHAPIN AVE #103,BURLINGAME,CA,94010,22k@5vg-7xx-tqf,37.576777251939596,-122.35058150779187
1501 TROUSDALE DR,BURLINGAME,CA,94010-3282,222@5vg-7xz-hqz,37.59196176015769,-122.3830281936677
1501 TROUSDALE DR RM 2220,BURLINGAME,CA,94010-3282,03wo3ktfgs@5vg-7xz-hqz,37.59196176015769,-122.3830281936677
1501 TROUSDALE DR STE 236,BURLINGAME,CA,94010-3282,03dh3xwqqy@5vg-7xz-hqz,37.59196176015769,-122.3830281936677
1504 ADELINE DR,BURLINGAME,CA,94010-4606,22h@5vg-7xz-835,37.589639325999386,-122.37437617530051
1504 SANCHEZ AVE APT 2,BURLINGAME,CA,94010,22y@5vg-7xx-p7q,37.581612892992894,-122.36238541818916
1506 ADELINE DR,BURLINGAME,CA,94010-4606,224@5vg-7xz-7wk,37.589298059640626,-122.37585907930249
1508 ADELINE DR,BURLINGAME,CA,94010-4606,22d@5vg-7xz-7wk,37.589298059640626,-122.37585907930249
1509 EL CAMINO REAL APT 205,BURLINGAME,CA,94010-4665,23f@5vg-7xz-7yv,37.59013468825831,-122.37690991248782
150 ANZA BLVD,BURLINGAME,CA,94010-1924,224@5vg-7y5-3yv,37.59023087205975,-122.34835886838951
1510 ROLLINS RD,BURLINGAME,CA,94010-2306,222@5vg-7y4-v75,37.59385548822003,-122.37011385429338
1511 ADRIAN RD,BURLINGAME,CA,94010-2102,222@5vg-7y4-s89,37.59837981536607,-122.37388527712042
1511 ROLLINS RD STE 30,BURLINGAME,CA,94010-2305,0av3iavzf6@5vg-7y4-vj9,37.592677604505944,-122.37054601234597
1515 ARC WAY APT 210,BURLINGAME,CA,94010,23n@5vg-7xx-f2k,37.580280180209876,-122.35880099800237
1515 BAYSHORE HWY,BURLINGAME,CA,94010,22p@5vg-7y4-swk,37.59890813455592,-122.36690198049324
1516 DRAKE AVE,BURLINGAME,CA,94010-4604,223@5vg-7xy-wkz,37.58660092792324,-122.37820602028204
1517 HOWARD AVENUE,BURLINGAME,CA,94010,223@5vg-7xx-t35,37.57544402597251,-122.34699713150732
1519 ROLLINS RD,BURLINGAME,CA,94010-2305,222@5vg-7xz-9cq,37.591499711827105,-122.37097815942965
1520 BALBOA AVE,BURLINGAME,CA,94010-4614,228@5vg-7xz-7wk,37.589298059640626,-122.37585907930249
1520 CAROL AVENUE,BURLINGAME,CA,94010,22m@5vg-7y8-j35,37.573769767653296,-122.3448958449167
1521 BAYSHORE HWY,BURLINGAME,CA,94010-1602,22m@5vg-7y4-swk,37.59890813455592,-122.36690198049324
1524 ROLLINS RD,BURLINGAME,CA,94010-2306,223@5vg-7y4-v75,37.59385548822003,-122.37011385429338
1525 ADRIAN RD,BURLINGAME,CA,94010-2102,222@5vg-7y4-rtv,37.595033362968216,-122.36968168527156
1525 CHAPIN AVE,BURLINGAME,CA,94010,228@5vg-7xx-v2k,37.575599234260466,-122.3510138701727
1525 ROLLINS RD,BURLINGAME,CA,94010-2305,222@5vg-7y4-vj9,37.592677604505944,-122.37054601234597
1525 ROLLINS RD # A,BURLINGAME,CA,94010-2305,23h@5vg-7y4-vj9,37.592677604505944,-122.37054601234597
1525 ROLLINS RD #C,BURLINGAME,CA,94010-2305,227@5vg-7y4-vj9,37.592677604505944,-122.37054601234597
1529 LA MESA DR,BURLINGAME,CA,94010-5921,226@5vh-83c-4vz,37.57646072438705,-122.39414117824411
1529 ROLLINS RD,BURLINGAME,CA,94010-2305,222@5vg-7xz-9fz,37.59233637526103,-122.37202900879154
1533 PLAZA LN,BURLINGAME,CA,94010-3203,22b@5vg-7xz-3kf,37.594471257421816,-122.38618082929747
1534 PLAZA LANE #132,BURLINGAME,CA,94010,0jwfzu5dq5@5vg-7xz-fj9,37.594812652731086,-122.38469798448286
1534 PLAZA LANE #187,BURLINGAME,CA,94010,0k4ceoeo4g@5vg-7xz-fj9,37.594812652731086,-122.38469798448286
1534 PLAZA LANE #307,BURLINGAME,CA,94010,0vdxt2nojn@5vg-7xz-fj9,37.594812652731086,-122.38469798448286
1534 PLAZA LANE PMB 102,BURLINGAME,CA,94010,222@5vg-7xz-fj9,37.594812652731086,-122.38469798448286
1534 PLAZA LANE PMB 125,BURLINGAME,CA,94010,222@5vg-7xz-fj9,37.594812652731086,-122.38469798448286
1534 PLAZA LN,BURLINGAME,CA,94010-3204,222@5vg-7xz-fj9,37.594812652731086,-122.38469798448286
1534 PLAZA LN # 103,BURLINGAME,CA,94010-3204,0ofubz6bqa@5vg-7xz-fj9,37.594812652731086,-122.38469798448286
1534 PLAZA LN # 132,BURLINGAME,CA,94010-3204,0jwfzu5dq5@5vg-7xz-fj9,37.594812652731086,-122.38469798448286
1534 PLAZA LN 134,BURLINGAME,CA,94010,0e4mpxb4un@5vg-7xz-fj9,37.594812652731086,-122.38469798448286
1534 PLAZA LN # 160,BURLINGAME,CA,94010-3204,0y6rorwf2f@5vg-7xz-fj9,37.594812652731086,-122.38469798448286
1534 PLAZA LN #263,BURLINGAME,CA,94010,0dblmxzqbv@5vg-7xz-fj9,37.594812652731086,-122.38469798448286
1534 PLAZA LN # 268,BURLINGAME,CA,94010-3204,0tzdrosngb@5vg-7xz-fj9,37.594812652731086,-122.38469798448286
1534 PLAZA LN # 318,BURLINGAME,CA,94010-3204,0sgmin2gxw@5vg-7xz-fj9,37.594812652731086,-122.38469798448286
1534 PLAZA LN # 358,BURLINGAME,CA,94010-3204,0nauzhynxm@5vg-7xz-fj9,37.594812652731086,-122.38469798448286
1534 ROLLINS RD,BURLINGAME,CA,94010-2317,226@5vg-7y4-vs5,37.59435089781966,-122.37264774346909
1534 ROLLINS ROAD,BURLINGAME,CA,94010-2317,226@5vg-7y4-vs5,37.59435089781966,-122.37264774346909
1535 PLAZA LN,BURLINGAME,CA,94010-3203,224@5vg-7xz-3kf,37.594471257421816,-122.38618082929747
1536 ALTURAS DR,BURLINGAME,CA,94010,226@5vh-83c-3dv,37.576119261245765,-122.39562364064825
1540 HOWARD AVE,BURLINGAME,CA,94010,226@5vg-7xy-jgk,37.57392507188061,-122.34891257044944
1541 ADRIAN RD,BURLINGAME,CA,94010-2107,222@5vg-7y4-vxq,37.59469213848492,-122.37116472632863
1541 BURLINGAME AVE,BURLINGAME,CA,94010-5101,223@5vg-7xy-jjv,37.57476216325656,-122.34996321544227
1541 EASTMOOR RD,BURLINGAME,CA,94010,227@5vg-7xz-jvz,37.591653868232065,-122.37499492993184
1541 ROLLINS RD,BURLINGAME,CA,94010-2305,228@5vg-7y4-vs5,37.59435089781966,-122.37264774346909
1543 ALTURAS DR,BURLINGAME,CA,94010-5966,22b@5vh-83c-3dv,37.576119261245765,-122.39562364064825
1549 LOS MONTES DR,BURLINGAME,CA,94010,22r@5vh-83c-3nq,37.57410468938497,-122.39500466232437
1550 BARROILHET AVE,BURLINGAME,CA,94010-5252,22n@5vg-7xy-ht9,37.57259172606819,-122.34532827489527
1550 BAYSHORE HWY,BURLINGAME,CA,94010-1601,224@5vg-7y4-swk,37.59890813455592,-122.36690198049324
1550 ROLLINS RD #B,BURLINGAME,CA,94010-2313,226@5vg-7y4-vxq,37.59469213848492,-122.37116472632863
1550 ROLLINS RD # F,BURLINGAME,CA,94010-2313,225@5vg-7y4-vxq,37.59469213848492,-122.37116472632863
1550 ROLLINS RD STE G,BURLINGAME,CA,94010-2313,22g@5vg-7y4-vxq,37.59469213848492,-122.37116472632863
1552 VANCOUVER AVE,BURLINGAME,CA,94010-5538,229@5vg-7xy-wff,37.58625962446553,-122.37968883183737
1555 BAYSHORE HWY # 120,BURLINGAME,CA,94010-1617,22v@5vg-7y4-swk,37.59890813455592,-122.36690198049324
1555 BAYSHORE HWY #120,BURLINGAME,CA,94010-1617,22v@5vg-7y4-swk,37.59890813455592,-122.36690198049324
1555 BAYSHORE HWY # 400,BURLINGAME,CA,94010-1617,22g@5vg-7y4-swk,37.59890813455592,-122.36690198049324
1555 BAYSHORE HWY 4TH FL,BURLINGAME,CA,94010,222@5vg-7y4-swk,37.59890813455592,-122.36690198049324
1555 BAYSHORE HWY STE 300,BURLINGAME,CA,94010-1617,22x@5vg-7y4-swk,37.59890813455592,-122.36690198049324
1555 LOS MONTES DRIVE,BURLINGAME,CA,94010,22t@5vh-83c-3nq,37.57410468938497,-122.39500466232437
1557 NEWLANDS AVE,BURLINGAME,CA,94010,223@5vg-7xy-hwk,37.573428871985215,-122.3463789019961
1558 RALSTON AVENUE,BURLINGAME,CA,94010,222@5vg-7xy-jjv,37.57476216325656,-122.34996321544227
1560 TROUSDALE DR,BURLINGAME,CA,94010-4507,227@5vg-7xz-ffz,37.59397616023051,-122.38364709459829
1561 ADRIAN RD,BURLINGAME,CA,94010-2107,224@5vg-7y4-vzz,37.59552876836382,-122.3722156080905
1562 CYPRESS,BURLINGAME,CA,940103011,22m@5vg-7xy-hwk,37.573428871985215,-122.3463789019961
1564 ROLLINS RD,BURLINGAME,CA,94010-2317,227@5vg-7y4-vs5,37.59435089781966,-122.37264774346909
1570 GILBRETH RD,BURLINGAME,CA,94010-1605,223@5vg-7y4-rhq,37.59621122874945,-122.36924950528007
1575 ADRIAN RD,BURLINGAME,CA,94010-2107,222@5vg-7y4-vzz,37.59552876836382,-122.3722156080905
1575 BAYSHORE HWY # 100,BURLINGAME,CA,94010-1616,23c@5vg-7y4-swk,37.59890813455592,-122.36690198049324
1575 NEWLANDS AVE,BURLINGAME,CA,94010-5241,223@5vg-7xy-hqz,37.57308796013321,-122.34786193519477
1575 OLD BAYSHORE HWY STE 201 & 205,BURLINGAME,CA,94010,05ogksk6js@5vg-7y4-swk,37.59890813455592,-122.36690198049324
1576 ROLLINS RD,BURLINGAME,CA,94010-2317,222@5vg-7y4-vs5,37.59435089781966,-122.37264774346909
1580 GILBRETH RD,BURLINGAME,CA,94010-1605,222@5vg-7y4-rhq,37.59621122874945,-122.36924950528007
1588 GILBRETH RD # 223,BURLINGAME,CA,94010-1610,228@5vg-7y4-rkz,37.597047865843955,-122.37030039998913
1588 GILBRETH RD STE 201,BURLINGAME,CA,94010-1610,227@5vg-7y4-rkz,37.597047865843955,-122.37030039998913
1588 GILBRETH RD STE 220,BURLINGAME,CA,94010-1610,22n@5vg-7y4-rkz,37.597047865843955,-122.37030039998913
1590 BAYSHORE HWY,BURLINGAME,CA,94010-1601,229@5vg-7y4-swk,37.59890813455592,-122.36690198049324
1590 GILBRETH RD,BURLINGAME,CA,94010-1605,224@5vg-7y4-rhq,37.59621122874945,-122.36924950528007
1590 GRANADA DR,BURLINGAME,CA,94010,225@5vg-7xz-wx5,37.58269209052224,-122.39049967841667
1590 ROLLINS RD,BURLINGAME,CA,94010-2317,223@5vg-7y4-vs5,37.59435089781966,-122.37264774346909
1594 ROLLINS RD,BURLINGAME,CA,94010-2317,22d@5vg-7y4-vs5,37.59435089781966,-122.37264774346909
15 DWIGHT ROAD,BURLINGAME,CA,94010,226@5vg-7y3-3yv,37.580186032152945,-122.33574992577309
15 GUITTARD RD,BURLINGAME,CA,94010-2203,222@5vg-7xz-grk,37.59583674161003,-122.3802493064587
15 LOMA VISTA LANE,BURLINGAME,CA,94010,229@5vh-83c-3kf,37.57459976419969,-122.3975377820398
1600 BAYSHORE HWY,BURLINGAME,CA,94010-1504,222@5vg-7y4-4jv,37.6000859710445,-122.36646974528261
1600 ROLLINS RD,BURLINGAME,CA,94010-2384,224@5vg-7y4-vvf,37.595187513897706,-122.3736986236192
1601 ADRIAN RD,BURLINGAME,CA,94010-2103,222@5vg-7y4-sh5,37.59636537785612,-122.37326649957838
1601 BAYSHORE HIGHWAY 240,BURLINGAME,CA,94010,234@5vg-7y4-ty9,37.598566933406616,-122.36838511238676
1601 BAYSHORE HWY,BURLINGAME,CA,94010-1514,223@5vg-7y4-ty9,37.598566933406616,-122.36838511238676
1601 BAYSHORE HWY # 107,BURLINGAME,CA,94010-1506,23j@5vg-7y4-ty9,37.598566933406616,-122.36838511238676
1601 BAYSHORE HWY # 123,BURLINGAME,CA,94010-1506,246@5vg-7y4-ty9,37.598566933406616,-122.36838511238676
1601 BAYSHORE HWY #159,BURLINGAME,CA,94010-1506,23d@5vg-7y4-ty9,37.598566933406616,-122.36838511238676
1601 BAYSHORE HWY # 168,BURLINGAME,CA,94010-1508,233@5vg-7y4-ty9,37.598566933406616,-122.36838511238676
1601 BAYSHORE HWY # 200,BURLINGAME,CA,94010-1508,23v@5vg-7y4-ty9,37.598566933406616,-122.36838511238676
1601 BAYSHORE HWY # 211,BURLINGAME,CA,94010-1508,25g@5vg-7y4-ty9,37.598566933406616,-122.36838511238676
1601 BAYSHORE HWY #211,BURLINGAME,CA,94010-1508,25g@5vg-7y4-ty9,37.598566933406616,-122.36838511238676
1601 BAYSHORE HWY #223,BURLINGAME,CA,94010-1508,23c@5vg-7y4-ty9,37.598566933406616,-122.36838511238676
1601 BAYSHORE HWY # 240,BURLINGAME,CA,94010-1508,234@5vg-7y4-ty9,37.598566933406616,-122.36838511238676
1601 BAYSHORE HWY # 245,BURLINGAME,CA,94010-1508,0v6r3frztw@5vg-7y4-ty9,37.598566933406616,-122.36838511238676
1601 BAYSHORE HWY #300,BURLINGAME,CA,94010-1510,22c@5vg-7y4-ty9,37.598566933406616,-122.36838511238676
1601 BAYSHORE HWY # 301,BURLINGAME,CA,94010-1510,24x@5vg-7y4-ty9,37.598566933406616,-122.36838511238676
1601 BAYSHORE HWY # 315,BURLINGAME,CA,94010-1510,23t@5vg-7y4-ty9,37.598566933406616,-122.36838511238676
1601 BAYSHORE HWY # 335,BURLINGAME,CA,94010-1510,22t@5vg-7y4-ty9,37.598566933406616,-122.36838511238676
1601 BAYSHORE HWY # 341,BURLINGAME,CA,94010-1510,232@5vg-7y4-ty9,37.598566933406616,-122.36838511238676
1601 BAYSHORE HWY # 350,BURLINGAME,CA,94010-1522,247@5vg-7y4-ty9,37.598566933406616,-122.36838511238676
1601 BAYSHORE HWY STE 202,BURLINGAME,CA,94010-1508,23p@5vg-7y4-ty9,37.598566933406616,-122.36838511238676
1601 BAYSHORE HWY STE 258,BURLINGAME,CA,94010-1514,0hjvtanejs@5vg-7y4-ty9,37.598566933406616,-122.36838511238676
1601 OLD BAYSHORE HWY 167,BURLINGAME,CA,94010,22f@5vg-7y4-ty9,37.598566933406616,-122.36838511238676
1601 OLD BAYSHORE HWY STE 123,BURLINGAME,CA,94010,0ln4kfmtto@5vg-7y4-ty9,37.598566933406616,-122.36838511238676
1608 GILBRETH RD,BURLINGAME,CA,94010-1405,229@5vg-7y4-rkz,37.597047865843955,-122.37030039998913
1609 BALBOA AVE,BURLINGAME,CA,94010,234@5vg-7xz-87q,37.588120141903865,-122.37629113753755
1609 TROUSDALE DR,BURLINGAME,CA,94010-4520,222@5vg-7xz-ht9,37.59279827963314,-122.38407906249383
1610 ROLLINS RD,BURLINGAME,CA,94010,223@5vg-7y4-vvf,37.595187513897706,-122.3736986236192
1611 ADRIAN RD,BURLINGAME,CA,94010-2103,224@5vg-7yq-gkz,37.59803853567841,-122.37536831172999
1616 LASSEN WAY,BURLINGAME,CA,94010-4648,222@5vg-7xz-hdv,37.58945207941422,-122.37987564549883
1616 ROLLINS RD,BURLINGAME,CA,94010-2302,225@5vg-7xz-fxq,37.59602410958906,-122.37474951349424
1616 SANCHEZ,BURLINGAME,CA,94010,227@5vg-7xx-jqf,37.581271780807874,-122.3638683621823
1620 GILBRETH,BURLINGAME,CA,94010,223@5vg-7y4-rkz,37.597047865843955,-122.37030039998913
1625 ADRIAN RD,BURLINGAME,CA,94010-2103,223@5vg-7y4-skf,37.597201966961194,-122.37431740079171
1625 N ROLLINS RD,BURLINGAME,CA,94010-9981,226@5vg-7y4-w6k,37.5940096409735,-122.37413073669147
1626 ROLLINS RD,BURLINGAME,CA,94010-2302,222@5vg-7xz-fxq,37.59602410958906,-122.37474951349424
1628 CORONADO WAY,BURLINGAME,CA,94010-4627,22b@5vg-7xz-hh5,37.59028866004763,-122.3809264851696
1633 BAYSHORE 136,BURLINGAME,CA,94010,24y@5vg-7y4-tgk,37.59940355732938,-122.3694360297701
1633 BAYSHORE HWY,BURLINGAME,CA,94010-1544,222@5vg-7y4-tgk,37.59940355732938,-122.3694360297701
1633 BAYSHORE HWY # 101,BURLINGAME,CA,94010-1515,22k@5vg-7y4-tgk,37.59940355732938,-122.3694360297701
1633 BAYSHORE HWY #115,BURLINGAME,CA,94010-1531,22j@5vg-7y4-tgk,37.59940355732938,-122.3694360297701
1633 BAYSHORE HWY # 123,BURLINGAME,CA,94010-1515,22s@5vg-7y4-tgk,37.59940355732938,-122.3694360297701
1633 BAYSHORE HWY #127,BURLINGAME,CA,94010-1515,22n@5vg-7y4-tgk,37.59940355732938,-122.3694360297701
1633 BAYSHORE HWY # 129,BURLINGAME,CA,94010-1515,23v@5vg-7y4-tgk,37.59940355732938,-122.3694360297701
1633 BAYSHORE HWY # 133,BURLINGAME,CA,94010-1515,22h@5vg-7y4-tgk,37.59940355732938,-122.3694360297701
1633 BAYSHORE HWY # 134,BURLINGAME,CA,94010-1528,22t@5vg-7y4-tgk,37.59940355732938,-122.3694360297701
1633 BAYSHORE HWY # 148,BURLINGAME,CA,94010-1530,226@5vg-7y4-tgk,37.59940355732938,-122.3694360297701
1633 BAYSHORE HWY # 155,BURLINGAME,CA,94010-1515,232@5vg-7y4-tgk,37.59940355732938,-122.3694360297701
1633 BAYSHORE HWY #218,BURLINGAME,CA,94010-1534,22r@5vg-7y4-tgk,37.59940355732938,-122.3694360297701
1633 BAYSHORE HWY # 222,BURLINGAME,CA,94010-1515,22q@5vg-7y4-tgk,37.59940355732938,-122.3694360297701
1633 BAYSHORE HWY # 231,BURLINGAME,CA,94010-1533,24d@5vg-7y4-tgk,37.59940355732938,-122.3694360297701
1633 BAYSHORE HWY # 234,BURLINGAME,CA,94010-1588,23p@5vg-7y4-tgk,37.59940355732938,-122.3694360297701
1633 BAYSHORE HWY # 236,BURLINGAME,CA,94010-1588,0uqiv6lj2f@5vg-7y4-tgk,37.59940355732938,-122.3694360297701
1633 BAYSHORE HWY #245,BURLINGAME,CA,94010-1588,22d@5vg-7y4-tgk,37.59940355732938,-122.3694360297701
1633 BAYSHORE HWY # 247,BURLINGAME,CA,94010-1588,24t@5vg-7y4-tgk,37.59940355732938,-122.3694360297701
1633 BAYSHORE HWY # 249,BURLINGAME,CA,94010-1588,23q@5vg-7y4-tgk,37.59940355732938,-122.3694360297701
1633 BAYSHORE HWY # 255,BURLINGAME,CA,94010-1537,22z@5vg-7y4-tgk,37.59940355732938,-122.3694360297701
1633 BAYSHORE HWY # 280,BURLINGAME,CA,94010-1515,225@5vg-7y4-tgk,37.59940355732938,-122.3694360297701
1633 BAYSHORE HWY #280,BURLINGAME,CA,94010-1515,225@5vg-7y4-tgk,37.59940355732938,-122.3694360297701
1633 BAYSHORE HWY #310,BURLINGAME,CA,94010-1539,227@5vg-7y4-tgk,37.59940355732938,-122.3694360297701
1633 BAYSHORE HWY # 321,BURLINGAME,CA,94010-1515,22m@5vg-7y4-tgk,37.59940355732938,-122.3694360297701
1633 BAYSHORE HWY #322,BURLINGAME,CA,94010-1515,238@5vg-7y4-tgk,37.59940355732938,-122.3694360297701
1633 BAYSHORE HWY #328,BURLINGAME,CA,94010-1515,239@5vg-7y4-tgk,37.59940355732938,-122.3694360297701
1633 BAYSHORE HWY # 329,BURLINGAME,CA,94010-1515,236@5vg-7y4-tgk,37.59940355732938,-122.3694360297701
1633 BAYSHORE HWY #329,BURLINGAME,CA,94010-1515,236@5vg-7y4-tgk,37.59940355732938,-122.3694360297701
1633 BAYSHORE HWY # 330,BURLINGAME,CA,94010-1536,24b@5vg-7y4-tgk,37.59940355732938,-122.3694360297701
1633 BAYSHORE HWY # 333,BURLINGAME,CA,94010-1515,23y@5vg-7y4-tgk,37.59940355732938,-122.3694360297701
1633 BAYSHORE HWY #338,BURLINGAME,CA,94010-1515,22f@5vg-7y4-tgk,37.59940355732938,-122.3694360297701
1633 BAYSHORE HWY #341,BURLINGAME,CA,94010-1515,22x@5vg-7y4-tgk,37.59940355732938,-122.3694360297701
1633 BAYSHORE HWY # 342,BURLINGAME,CA,94010-1515,228@5vg-7y4-tgk,37.59940355732938,-122.3694360297701
1633 BAYSHORE HWY # 360,BURLINGAME,CA,94010-1537,23j@5vg-7y4-tgk,37.59940355732938,-122.3694360297701
1633 BAYSHORE HWY # 370,BURLINGAME,CA,94010-1515,24r@5vg-7y4-tgk,37.59940355732938,-122.3694360297701
1633 BAYSHORE HWY # 375,BURLINGAME,CA,94010-1537,24j@5vg-7y4-tgk,37.59940355732938,-122.3694360297701
1633 BAYSHORE HWY STE 220,BURLINGAME,CA,94010-1535,237@5vg-7y4-tgk,37.59940355732938,-122.3694360297701
1633 BAYSHORE HWY STE 250,BURLINGAME,CA,94010-1588,24w@5vg-7y4-tgk,37.59940355732938,-122.3694360297701
1633 BAYSHORE HWY STE 255,BURLINGAME,CA,94010-1537,22z@5vg-7y4-tgk,37.59940355732938,-122.3694360297701
1633 BAYSHORE HWY STE 301,BURLINGAME,CA,94010-1515,23t@5vg-7y4-tgk,37.59940355732938,-122.3694360297701
1633 BAYSHORE HWY STE 327,BURLINGAME,CA,94010-1515,22c@5vg-7y4-tgk,37.59940355732938,-122.3694360297701
1633 BAYSHORE HWY STE 335,BURLINGAME,CA,94010-1538,22w@5vg-7y4-tgk,37.59940355732938,-122.3694360297701
1633 CORONADO WAY,BURLINGAME,CA,94010-4626,22t@5vg-7xz-hh5,37.59028866004763,-122.3809264851696
1633 OLD BAYSHORE HWY,BURLINGAME,CA,94010,0nm2kktqjj@5vg-7y4-tgk,37.59940355732938,-122.3694360297701
1633 OLD BAYSHORE HWY 150,BURLINGAME,CA,94010,0fqxypz4cq@5vg-7y4-tgk,37.59940355732938,-122.3694360297701
1633 OLD BAYSHORE HWY 158,BURLINGAME,CA,94010,0ggtewja7p@5vg-7y4-tgk,37.59940355732938,-122.3694360297701
1633 OLD BAYSHORE HWY STE 216,BURLINGAME,CA,94104,0ftjwtn66a@5vg-7y4-tgk,37.59940355732938,-122.3694360297701
1633 OLD BAYSHORE HWY STE 280,BURLINGAME,CA,94010,0gobdwlec4@5vg-7y4-tgk,37.59940355732938,-122.3694360297701
1633 OLD BAYSHORE HWY STE 331,BURLINGAME,CA,94010,23d@5vg-7y4-tgk,37.59940355732938,-122.3694360297701
1634 ROLLINS RD,BURLINGAME,CA,94010-2302,226@5vg-7xz-fxq,37.59602410958906,-122.37474951349424
1635 ROLLINS RD # A,BURLINGAME,CA,94010-2301,224@5vg-7y4-w6k,37.5940096409735,-122.37413073669147
1635 ROLLINS RD APT -A,BURLINGAME,CA,94010-2301,224@5vg-7y4-w6k,37.5940096409735,-122.37413073669147
1640 BAYSHORE HWY,BURLINGAME,CA,94010-1504,222@5vg-7y4-tn5,37.59974477228036,-122.36795289948417
1640 OLD BAYSHORE HIGHWAY,BURLINGAME,CA,94010-1504,0jhet74rqe@5vg-7y4-tn5,37.59974477228036,-122.36795289948417
1645 WESTMOOR RD,BURLINGAME,CA,94010-3356,225@5vg-7xz-hbk,37.59180788433927,-122.37901160802328
1648 GILBRETH RD,BURLINGAME,CA,94010-1408,227@5vg-7y4-sdv,37.598721078871165,-122.37240221858966
1649 ADRIAN RD,BURLINGAME,CA,94010-2103,223@5vg-7yq-gkz,37.59803853567841,-122.37536831172999
1649 ADRIAN RD #B,BURLINGAME,CA,94010-2103,228@5vg-7yq-gkz,37.59803853567841,-122.37536831172999
1650 BARROILHET AVE,BURLINGAME,CA,94010-5250,229@5vg-7xy-gkz,37.57156898336073,-122.34977730760244
1650 BAYSHORE HWY,BURLINGAME,CA,94010-1504,222@5vg-7y4-tqf,37.600581389616735,-122.36900382820485
1650 WESTMOOR RD,BURLINGAME,CA,94010-3363,22h@5vg-7xz-dy9,37.59298577336034,-122.37857957283617
1657 BALBOA WAY,BURLINGAME,CA,94010,229@5vg-7xz-j7q,37.59112522029565,-122.38197733455942
1660 GILBRETH RD,BURLINGAME,CA,94010,224@5vg-7y4-sdv,37.598721078871165,-122.37240221858966
1660 ROLLINS RD,BURLINGAME,CA,94010-2302,223@5vg-7xz-fxq,37.59602410958906,-122.37474951349424
1670 ROLLINS RD,BURLINGAME,CA,94010-2302,223@5vg-7xz-fzz,37.596860684893116,-122.3758004130937
1675 ROLLINS RD B,BURLINGAME,CA,94010,22g@5vg-7xz-fs5,37.59568282514136,-122.37623250348906
1675 ROLLINS RD # C,BURLINGAME,CA,94010-2320,227@5vg-7xz-fs5,37.59568282514136,-122.37623250348906
1675 ROLLINS RD # D,BURLINGAME,CA,94010-2320,225@5vg-7xz-fs5,37.59568282514136,-122.37623250348906
1675 ROLLINS RD # D-2,BURLINGAME,CA,94010-2320,0angclar5f@5vg-7xz-fs5,37.59568282514136,-122.37623250348906
1675 ROLLINS RD # G,BURLINGAME,CA,94010-2320,22c@5vg-7xz-fs5,37.59568282514136,-122.37623250348906
1675 ROLLINS RD # H1,BURLINGAME,CA,94010-2320,0rqrmhg4fr@5vg-7xz-fs5,37.59568282514136,-122.37623250348906
1675 ROLLINS RD # O,BURLINGAME,CA,94010-2320,22b@5vg-7xz-fs5,37.59568282514136,-122.37623250348906
1675 ROLLINS RD SUITE F AND F1,BURLINGAME,CA,94010,0htjgedud4@5vg-7xz-fs5,37.59568282514136,-122.37623250348906
1675 ROLLINS RD UNIT F,BURLINGAME,CA,94010-2320,229@5vg-7xz-fs5,37.59568282514136,-122.37623250348906
1675 ROLLINS ROAD UNIT O,BURLINGAME,CA,94010,22b@5vg-7xz-fs5,37.59568282514136,-122.37623250348906
1680 GILBRETH RD,BURLINGAME,CA,94010-1408,226@5vg-7y4-sdv,37.598721078871165,-122.37240221858966
1699 BAYSHORE HWY,BURLINGAME,CA,94010-1512,222@5vg-7y4-575,37.60141798656442,-122.37005476665475
16 PARK RD,BURLINGAME,CA,94010-4404,228@5vg-7y8-hwk,37.57528867737701,-122.34298030071096
1704 N ROLLINS RD APT A,BURLINGAME,CA,94010-2208,0jkjcctdnh@5vg-7xz-fzz,37.596860684893116,-122.3758004130937
1704 ROLLINS RD UNIT B,BURLINGAME,CA,94010-2208,224@5vg-7xz-fzz,37.596860684893116,-122.3758004130937
1705 MURCHISON DR,BURLINGAME,CA,94010-4583,225@5vg-7xz-3bk,37.593293381039125,-122.38661276354539
1710 ADRIAN RD # 10,BURLINGAME,CA,94010-2104,05qs7vlqpo@5vg-7y7-f9f,37.57215666117404,-122.37535772017041
1710 GILBRETH RD STE 100,BURLINGAME,CA,94010-1315,228@5vg-7yq-hqz,37.59955765480262,-122.37345314247996
1710 TROUSDALE,BURLINGAME,CA,94010,224@5vg-7xz-3t9,37.59245689575083,-122.38556188662669
1712 DAVIS DR,BURLINGAME,CA,94010,22d@5vg-7xy-wzf,37.58994731756474,-122.38240931417023
1717 ADRIAN RD,BURLINGAME,CA,94010-2104,22h@5vg-7yq-g49,37.5988750840072,-122.37641923239255
1717 ADVIAN ROAD,BURLINGAME,CA,94010,0in7okre6l@5vg-7y7-f9f,37.57215666117404,-122.37535772017041
1718 ROLLINS RD,BURLINGAME,CA,94010-2208,222@5vg-7xz-fvf,37.59651938664453,-122.3772834014731
1718 SEQUOIA AVE # 5,BURLINGAME,CA,94010-5444,232@5vg-7xz-6ff,37.589264584082386,-122.38537490039111
1720 EL CAMINO REAL # 100,BURLINGAME,CA,94010-3225,224@5vg-7xz-dvz,37.593480998876885,-122.38111334244128
1720 EL CAMINO REAL # 101,BURLINGAME,CA,94010-3211,22w@5vg-7xz-dvz,37.593480998876885,-122.38111334244128
1720 EL CAMINO REAL # 105,BURLINGAME,CA,94010-3211,22x@5vg-7xz-dvz,37.593480998876885,-122.38111334244128
1720 EL CAMINO REAL 116 118 145,BURLINGAME,CA,94010,225@5vg-7xz-dvz,37.593480998876885,-122.38111334244128
1720 EL CAMINO REAL #120,BURLINGAME,CA,94010-3225,22m@5vg-7xz-dvz,37.593480998876885,-122.38111334244128
1720 EL CAMINO REAL # 130,BURLINGAME,CA,94010-3226,235@5vg-7xz-dvz,37.593480998876885,-122.38111334244128
1720 EL CAMINO REAL # 150-165,BURLINGAME,CA,94010-3231,0eo2chmcpd@5vg-7xz-dvz,37.593480998876885,-122.38111334244128
1720 EL CAMINO REAL # 155,BURLINGAME,CA,94010-3231,22n@5vg-7xz-dvz,37.593480998876885,-122.38111334244128
1720 EL CAMINO REAL # 160,BURLINGAME,CA,94010-3231,226@5vg-7xz-dvz,37.593480998876885,-122.38111334244128
1720 EL CAMINO REAL # 205,BURLINGAME,CA,94010-3226,22q@5vg-7xz-dvz,37.593480998876885,-122.38111334244128
1720 EL CAMINO REAL # 230,BURLINGAME,CA,94010-3212,23b@5vg-7xz-dvz,37.593480998876885,-122.38111334244128
1720 EL CAMINO REAL # 5,BURLINGAME,CA,94010-3226,239@5vg-7xz-dvz,37.593480998876885,-122.38111334244128
1720 EL CAMINO REAL #5,BURLINGAME,CA,94010-3226,239@5vg-7xz-dvz,37.593480998876885,-122.38111334244128
1720 EL CAMINO REAL STE 135,BURLINGAME,CA,94010-3215,234@5vg-7xz-dvz,37.593480998876885,-122.38111334244128
1720 EL CAMINO REAL STE 200,BURLINGAME,CA,94010-3226,22t@5vg-7xz-dvz,37.593480998876885,-122.38111334244128
1720 EL CAMINO REAL STE 235,BURLINGAME,CA,94010-3213,07zaa5ywgp@5vg-7xz-dvz,37.593480998876885,-122.38111334244128
1720 EL CAMINO REAL STE 5-10,BURLINGAME,CA,94010-3226,0epzjyiysb@5vg-7xz-dvz,37.593480998876885,-122.38111334244128
1720 EL CAMINO REAL STE 7,BURLINGAME,CA,94010-3226,22n@5vg-7xz-dgk,37.59382233423616,-122.37963044652442
1720 MARCO POLO WAY A,BURLINGAME,CA,94010,22b@5vg-7xy-wtv,37.58960595890931,-122.38389211924454
1720 MARCO POLO WAY # D,BURLINGAME,CA,94010-4513,249@5vg-7xy-wtv,37.58960595890931,-122.38389211924454
1720 MARCO POLO WAY # I,BURLINGAME,CA,94010-4513,23m@5vg-7xy-wtv,37.58960595890931,-122.38389211924454
1720 MARCO POLO WAY STE E,BURLINGAME,CA,94010-4513,22q@5vg-7xy-wtv,37.58960595890931,-122.38389211924454
1721 HILLSIDE DR,BURLINGAME,CA,94010-4796,226@5vg-7xz-9xq,37.585610113999714,-122.37313873032758
1730 ROLLINS RD,BURLINGAME,CA,94010,222@5vg-7yq-gff,37.59769723980927,-122.37685132241691
1730 ROLLINS ROAD,BURLINGAME,CA,94010,222@5vg-7yq-gff,37.59769723980927,-122.37685132241691
1731 ADRIAN RD # 1,BURLINGAME,CA,94010-2108,226@5vg-7yq-g49,37.5988750840072,-122.37641923239255
1731 ADRIAN RD # 14,BURLINGAME,CA,94010-2108,22b@5vg-7yq-g49,37.5988750840072,-122.37641923239255
1731 ADRIAN RD # 5,BURLINGAME,CA,94010-2109,22w@5vg-7yq-g49,37.5988750840072,-122.37641923239255
1731 ADRIAN RD STE 6,BURLINGAME,CA,94010-2109,22r@5vg-7yq-g49,37.5988750840072,-122.37641923239255
1731 ADRIAN RD STE 9,BURLINGAME,CA,94010-2109,22p@5vg-7yq-g49,37.5988750840072,-122.37641923239255
1731 ADRIAN RD  SUITE 9,BURLINGAME,CA,94010,22p@5vg-7yq-g49,37.5988750840072,-122.37641923239255
1731 ADRIAN RD UNIT 2,BURLINGAME,CA,94010-2109,227@5vg-7yq-g49,37.5988750840072,-122.37641923239255
1731 ADRIAN ROAD SUITE 6,BURLINGAME,CA,94010,22r@5vg-7yq-g49,37.5988750840072,-122.37641923239255
1734 QUESADA WAY,BURLINGAME,CA,94010,224@5vg-7xz-68v,37.58892319308504,-122.38685765760849
1740 MARCO POLO WAY,BURLINGAME,CA,94010-4522,222@5vg-7xz-649,37.59044249155799,-122.38494296538987
1740 MARCO POLO WAY # 11,BURLINGAME,CA,94010-4522,22s@5vg-7xz-649,37.59044249155799,-122.38494296538987
1740 MARCO POLO WAY # 12,BURLINGAME,CA,94010-4522,22j@5vg-7xz-649,37.59044249155799,-122.38494296538987
1740 MARCO POLO WAY 8,BURLINGAME,CA,94010,23x@5vg-7xz-649,37.59044249155799,-122.38494296538987
1740 MARCO POLO WAY STE 10,BURLINGAME,CA,94010-4522,22t@5vg-7xz-649,37.59044249155799,-122.38494296538987
1743 MARCO POLO #8,BURLINGAME,CA,94010,23m@5vg-7xz-649,37.59044249155799,-122.38494296538987
1745 ADRIAN RD #15,BURLINGAME,CA,94010-2100,225@5vg-7yq-g49,37.5988750840072,-122.37641923239255
1745 ADRIAN RD # 16,BURLINGAME,CA,94010-2100,23b@5vg-7yq-g49,37.5988750840072,-122.37641923239255
1745 ADRIAN RD # 17,BURLINGAME,CA,94010-2100,232@5vg-7yq-g49,37.5988750840072,-122.37641923239255
1745 ADRIAN RD #18,BURLINGAME,CA,94010-2100,23f@5vg-7yq-g49,37.5988750840072,-122.37641923239255
1745 ADRIAN RD # 20,BURLINGAME,CA,94010-2100,233@5vg-7yq-g49,37.5988750840072,-122.37641923239255
1745 ADRIAN RD #4,BURLINGAME,CA,94010,23d@5vg-7yq-g49,37.5988750840072,-122.37641923239255
1745 ADRIAN RD # 9,BURLINGAME,CA,94010-2110,22y@5vg-7yq-g49,37.5988750840072,-122.37641923239255
1745 ADRIAN RD STE 8,BURLINGAME,CA,94010-2110,23m@5vg-7yq-g49,37.5988750840072,-122.37641923239255
1745 ADRIAN ROAD #9,BURLINGAME,CA,94010,22y@5vg-7yq-g49,37.5988750840072,-122.37641923239255
1750 EL CAMINO REAL,BURLINGAME,CA,94010-3228,222@5vg-7xz-fmk,37.59431752556541,-122.3821642242298
1750 EL CAMINO REAL # 102,BURLINGAME,CA,94010-3210,22h@5vg-7xz-fmk,37.59431752556541,-122.3821642242298
1750 EL CAMINO REAL # 103,BURLINGAME,CA,94010-3210,22p@5vg-7xz-fmk,37.59431752556541,-122.3821642242298
1750 EL CAMINO REAL # 105,BURLINGAME,CA,94010-3210,22x@5vg-7xz-fmk,37.59431752556541,-122.3821642242298
1750 EL CAMINO REAL #16,BURLINGAME,CA,94010-3208,22k@5vg-7xz-fmk,37.59431752556541,-122.3821642242298
1750 EL CAMINO REAL # 206,BURLINGAME,CA,94010-3214,22g@5vg-7xz-fmk,37.59431752556541,-122.3821642242298
1750 EL CAMINO REAL # 301,BURLINGAME,CA,94010-3216,22q@5vg-7xz-fmk,37.59431752556541,-122.3821642242298
1750 EL CAMINO REAL # 302,BURLINGAME,CA,94010-3216,22r@5vg-7xz-fmk,37.59431752556541,-122.3821642242298
1750 EL CAMINO REAL # 305,BURLINGAME,CA,94010-3216,22w@5vg-7xz-fmk,37.59431752556541,-122.3821642242298
1750 EL CAMINO REAL # 403,BURLINGAME,CA,94010-3217,226@5vg-7xz-fmk,37.59431752556541,-122.3821642242298
1750 EL CAMINO REAL # 405,BURLINGAME,CA,94010-3217,22j@5vg-7xz-fmk,37.59431752556541,-122.3821642242298
1750 EL CAMINO REAL STE 301,BURLINGAME,CA,94010-3216,22q@5vg-7xz-fmk,37.59431752556541,-122.3821642242298
1750 EL CAMINO REAL STE 307,BURLINGAME,CA,94010-3216,22n@5vg-7xz-fmk,37.59431752556541,-122.3821642242298
1755 BAYSHORE HWY,BURLINGAME,CA,94010-1301,222@5vg-7y4-59f,37.6022545631228,-122.37110571483329
1755 CALIFORNIA DR # 21,BURLINGAME,CA,94010-3221,23d@5vg-7xz-djv,37.59465887472501,-122.3806813299332
1755 ROLLINS RD,BURLINGAME,CA,94010-2207,223@5vg-7xz-gx5,37.596178072216475,-122.37876636592857
1761 ADRIAN RD,BURLINGAME,CA,94010-2104,224@5vg-7yq-g49,37.5988750840072,-122.37641923239255
1764 MARCO POLO WAY,BURLINGAME,CA,94010-4503,222@5vg-7xz-66k,37.59127900382053,-122.38599382125146
1766 EL CAMINO REAL,BURLINGAME,CA,94010-3235,24q@5vg-7xz-f4v,37.595154031866265,-122.38321511573724
1775 HUNT DR,BURLINGAME,CA,94010-5849,227@5vh-83c-9zz,37.58147967848823,-122.40044568118583
1775 ROLLINS RD,BURLINGAME,CA,94010-2207,0sds2dfrto@5vg-7y7-f9f,37.57215666117404,-122.37535772017041
177 CALIFORNIA DR,BURLINGAME,CA,94010-4322,22c@5vg-7xx-vmk,37.5784818444062,-122.34316601527816
1799 BAYSHORE HIGHWAY STE 230,BURLINGAME,CA,94010,258@5vg-7yq-hnq,37.60191330676631,-122.37258884029004
1799 BAYSHORE HWY,BURLINGAME,CA,94010-1316,222@5vg-7yq-hnq,37.60191330676631,-122.37258884029004
1799 BAYSHORE HWY # 100,BURLINGAME,CA,94010-1306,227@5vg-7yq-hnq,37.60191330676631,-122.37258884029004
1799 BAYSHORE HWY # 121A,BURLINGAME,CA,94010-1306,23p@5vg-7yq-hnq,37.60191330676631,-122.37258884029004
1799 BAYSHORE HWY #127,BURLINGAME,CA,94010-1306,22s@5vg-7yq-hnq,37.60191330676631,-122.37258884029004
1799 BAYSHORE HWY # 128D,BURLINGAME,CA,94010-1306,22r@5vg-7yq-hnq,37.60191330676631,-122.37258884029004
1799 BAYSHORE HWY # 150,BURLINGAME,CA,94010-1334,22p@5vg-7yq-hnq,37.60191330676631,-122.37258884029004
1799 BAYSHORE HWY # 168G,BURLINGAME,CA,94010-1316,0ori5s4pce@5vg-7yq-hnq,37.60191330676631,-122.37258884029004
1799 BAYSHORE HWY # 232,BURLINGAME,CA,94010-1312,253@5vg-7yq-hnq,37.60191330676631,-122.37258884029004
1799 BAYSHORE HWY # 296,BURLINGAME,CA,94010-1318,234@5vg-7yq-hnq,37.60191330676631,-122.37258884029004
1799 BAYSHORE HWY STE 125,BURLINGAME,CA,94010-1314,22m@5vg-7yq-hnq,37.60191330676631,-122.37258884029004
1799 BAYSHORE HWY STE 201,BURLINGAME,CA,94010-1312,0belevtl2d@5vg-7yq-hnq,37.60191330676631,-122.37258884029004
1799 BAYSHORE HWY STE 210,BURLINGAME,CA,94010,24n@5vg-7yq-hnq,37.60191330676631,-122.37258884029004
1799 BAYSHORE HWY STE 297,BURLINGAME,CA,94010-1318,23z@5vg-7yq-hnq,37.60191330676631,-122.37258884029004
1799 OLD BAYSHORE HWY 168 F,BURLINGAME,CA,94010,0bfkncgxjn@5vg-7yq-hnq,37.60191330676631,-122.37258884029004
1799 OLD BAYSHORE HWY 217,BURLINGAME,CA,94010,22z@5vg-7yq-hnq,37.60191330676631,-122.37258884029004
1800 BAYSHORE HWY,BURLINGAME,CA,94010,223@5vg-7y4-575,37.60141798656442,-122.37005476665475
1800 EL CAMINO REAL,BURLINGAME,CA,94010-3102,23h@5vg-7yq-45f,37.59564912484332,-122.38574888408463
1800 MAGNOLIA AVE,BURLINGAME,CA,94010-4502,227@5vg-7xz-3h5,37.59363477872139,-122.38512994103728
1801 DEVEREUX DR,BURLINGAME,CA,94010-4641,22f@5vg-7xy-wc5,37.58861547839606,-122.37882481554763
1801 EL CAMINO REAL,BURLINGAME,CA,94010,22j@5vg-7xz-ffz,37.59397616023051,-122.38364709459829
1801 MURCHISON DR,BURLINGAME,CA,94010-4523,222@5vg-7xz-3dv,37.59412984593951,-122.38766365017972
1801 MURCHISON DR # 100,BURLINGAME,CA,94010-4514,228@5vg-7xz-3dv,37.59412984593951,-122.38766365017972
1801 MURCHISON DR #120,BURLINGAME,CA,94010-4514,22h@5vg-7xz-3dv,37.59412984593951,-122.38766365017972
1801 MURCHISON DR #160,BURLINGAME,CA,94010-4514,22k@5vg-7xz-3dv,37.59412984593951,-122.38766365017972
1801 MURCHISON DR # 210,BURLINGAME,CA,94010-4518,22d@5vg-7xz-3dv,37.59412984593951,-122.38766365017972
1801 MURCHISON DR # 310,BURLINGAME,CA,94010-4517,22c@5vg-7xz-3dv,37.59412984593951,-122.38766365017972
1801 MURCHISON DR # 320,BURLINGAME,CA,94010-4516,22j@5vg-7xz-3dv,37.59412984593951,-122.38766365017972
1801 MURCHISON DR #328,BURLINGAME,CA,94010-4516,22p@5vg-7xz-3dv,37.59412984593951,-122.38766365017972
1801 MURCHISON DR # 88,BURLINGAME,CA,94010-4523,22b@5vg-7xz-3dv,37.59412984593951,-122.38766365017972
1803 A EL CAMINO REAL,BURLINGAME,CA,94010-3202,22g@5vg-7xz-ffz,37.59397616023051,-122.38364709459829
1805 B EL CAMINO REAL,BURLINGAME,CA,94010,22k@5vg-7xz-ffz,37.59397616023051,-122.38364709459829
1805 EL CAMINO REAL #A,BURLINGAME,CA,94010-3202,232@5vg-7xz-ffz,37.59397616023051,-122.38364709459829
1805 EL CAMINO REAL # B,BURLINGAME,CA,94010-3202,22y@5vg-7xz-ffz,37.59397616023051,-122.38364709459829
1807 EL CAMINO REAL #A,BURLINGAME,CA,94010-3202,22h@5vg-7xz-3h5,37.59363477872139,-122.38512994103728
1807 EL CAMINO REAL APT -B,BURLINGAME,CA,94010-3202,22g@5vg-7xz-3h5,37.59363477872139,-122.38512994103728
1808 MAGNOLIA AVE,BURLINGAME,CA,94010-4502,228@5vg-7xz-3h5,37.59363477872139,-122.38512994103728
1809 EL CAMINO REAL,BURLINGAME,CA,94010-3202,226@5vg-7xz-3h5,37.59363477872139,-122.38512994103728
180 PARK RD,BURLINGAME,CA,94010-4317,22f@5vg-7xx-vs5,37.57696295015012,-122.34508161311709
1810 MAGNOLIA AVE,BURLINGAME,CA,94010-4502,227@5vg-7xz-3kf,37.594471257421816,-122.38618082929747
1811 C EL CAMINO REAL,BURLINGAME,CA,94010,228@5vg-7xz-fj9,37.594812652731086,-122.38469798448286
1812 MAGNOLIA AVE APT A,BURLINGAME,CA,94010-4502,22g@5vg-7xz-3kf,37.594471257421816,-122.38618082929747
1812 MAGNOLIA AVE #B,BURLINGAME,CA,94010-4502,22f@5vg-7xz-3kf,37.594471257421816,-122.38618082929747
1812 MAGNOLIA AVE STE A,BURLINGAME,CA,94010-4502,22g@5vg-7xz-3kf,37.594471257421816,-122.38618082929747
1813 EL CAMINO REAL # 1,BURLINGAME,CA,94010-3222,232@5vg-7xz-fj9,37.594812652731086,-122.38469798448286
1813 EL CAMINO REAL STE 15,BURLINGAME,CA,94010-3229,225@5vg-7xz-fj9,37.594812652731086,-122.38469798448286
1813 EL CAMINO REAL STE 19,BURLINGAME,CA,94010-3229,22m@5vg-7xz-fj9,37.594812652731086,-122.38469798448286
1815 BAYSHORE HWY,BURLINGAME,CA,94010-1201,222@5vg-7yq-f4v,37.602749849132806,-122.37363979658471
1815 EL CAMINO REAL # 12,BURLINGAME,CA,94010-3223,22k@5vg-7xz-fj9,37.594812652731086,-122.38469798448286
1815 EL CAMINO REAL # 3,BURLINGAME,CA,94010-3283,22x@5vg-7xz-fj9,37.594812652731086,-122.38469798448286
1815 EL CAMINO REAL STE 8,BURLINGAME,CA,94010-3283,0iv7xbmhrg@5vg-7xz-fj9,37.594812652731086,-122.38469798448286
1815 ROLLINS RD,BURLINGAME,CA,94010-2204,223@5vg-7xz-gff,37.59701459953083,-122.37981727201728
1816 MAGNOLIA AVE,BURLINGAME,CA,94010-4502,228@5vg-7xz-3kf,37.594471257421816,-122.38618082929747
1817-19 EL CAMINO REAL,BURLINGAME,CA,94010,253@5vg-7xz-f4v,37.595154031866265,-122.38321511573724
1817 ASHTON AVE,BURLINGAME,CA,94010-5712,224@5vg-7xz-52k,37.58789892308124,-122.39130578567178
1818 GILBRETH RD,BURLINGAME,CA,94010-1225,224@5vg-7yq-cyv,37.60123074549817,-122.37555501943777
1818 GILBRETH RD #103,BURLINGAME,CA,94010-1217,0mokczhfwj@5vg-7yq-cyv,37.60123074549817,-122.37555501943777
1818 GILBRETH RD # 121,BURLINGAME,CA,94010-1217,225@5vg-7yq-gc5,37.60005291923719,-122.37598713139961
1818 GILBRETH RD # 123,BURLINGAME,CA,94010-1217,22j@5vg-7yq-cyv,37.60123074549817,-122.37555501943777
1818 GILBRETH RD # 126,BURLINGAME,CA,94010-1216,242@5vg-7yq-cyv,37.60123074549817,-122.37555501943777
1818 GILBRETH RD 132 133 135,BURLINGAME,CA,94010,224@5vg-7yq-cyv,37.60123074549817,-122.37555501943777
1818 GILBRETH RD # 138,BURLINGAME,CA,94010-1217,24c@5vg-7yq-cyv,37.60123074549817,-122.37555501943777
1818 GILBRETH RD # 200,BURLINGAME,CA,94010-1217,22d@5vg-7yq-cyv,37.60123074549817,-122.37555501943777
1818 GILBRETH RD # 223,BURLINGAME,CA,94010-1223,226@5vg-7yq-gc5,37.60005291923719,-122.37598713139961
1818 GILBRETH RD STE 115,BURLINGAME,CA,94010-1217,249@5vg-7yq-cyv,37.60123074549817,-122.37555501943777
1818 GILBRETH RD STE 127,BURLINGAME,CA,94010-1209,224@5vg-7yq-gc5,37.60005291923719,-122.37598713139961
1818 GILBRETH RD STE 218,BURLINGAME,CA,94010-1223,238@5vg-7yq-cyv,37.60123074549817,-122.37555501943777
1818 GILBRETH RD STE 220,BURLINGAME,CA,94010-1222,24b@5vg-7yq-cyv,37.60123074549817,-122.37555501943777
1818 GILBRETH RD UNIT 220,BURLINGAME,CA,94010-1222,24b@5vg-7yq-cyv,37.60123074549817,-122.37555501943777
1818 TROUSDALE DR,BURLINGAME,CA,94010-4510,223@5vg-7xz-3t9,37.59245689575083,-122.38556188662669
1819 EL CAMINO REAL,BURLINGAME,CA,94010-3202,224@5vg-7xz-3h5,37.59363477872139,-122.38512994103728
1819 HILLSIDE DRIVE,BURLINGAME,CA,94010,228@5vg-7xz-b8v,37.584432167555285,-122.37357081160562
1825 CASTENADA DR,BURLINGAME,CA,94010-5716,222@5vg-7xz-v2k,37.58672099717347,-122.39173762049273
1825 EL CAMINO REAL,BURLINGAME,CA,94010,23t@5vg-7xz-f4v,37.595154031866265,-122.38321511573724
1826 ROLLINS RD,BURLINGAME,CA,94010-2200,222@5vg-7xz-gp9,37.59819244848632,-122.37938522660868
1828 EL CAMINO REAL #102,BURLINGAME,CA,94010-3104,229@5vg-7xz-f4v,37.595154031866265,-122.38321511573724
1828 EL CAMINO REAL # 508,BURLINGAME,CA,94010-3118,269@5vg-7xz-f4v,37.595154031866265,-122.38321511573724
1828 EL CAMINO REAL # 803,BURLINGAME,CA,94010-3124,24w@5vg-7xz-f4v,37.595154031866265,-122.38321511573724
1828 EL CAMINO REAL STE 101,BURLINGAME,CA,94010-3104,25r@5vg-7xz-f4v,37.595154031866265,-122.38321511573724
1828 EL CAMINO REAL STE 703,BURLINGAME,CA,94010-3122,254@5vg-7xz-f4v,37.595154031866265,-122.38321511573724
1831 BAYSHORE HWY,BURLINGAME,CA,94010,223@5vg-7yq-f4v,37.602749849132806,-122.37363979658471
1831 BAYSHORE HWY #2,BURLINGAME,CA,94010-1201,22b@5vg-7yq-f4v,37.602749849132806,-122.37363979658471
1832 ROLLINS RD,BURLINGAME,CA,94010-2205,223@5vg-7yq-h3q,37.5990289488237,-122.38043615375912
1832 ROLLINS ROAD,BURLINGAME,CA,94010,223@5vg-7yq-h3q,37.5990289488237,-122.38043615375912
1835 ROLLINS RD,BURLINGAME,CA,94010-2204,223@5vg-7xz-ghq,37.59785110645652,-122.38086818782706
1838 EL CAMINO REAL,BURLINGAME,CA,94010-3126,228@5vg-7xz-f4v,37.595154031866265,-122.38321511573724
1838 EL CAMINO REAL # 101,BURLINGAME,CA,94010-3105,234@5vg-7yq-45f,37.59564912484332,-122.38574888408463
1838 EL CAMINO REAL #180,BURLINGAME,CA,94010-3105,23b@5vg-7yq-45f,37.59564912484332,-122.38574888408463
1838 EL CAMINO REAL # 223,BURLINGAME,CA,94010-3110,26q@5vg-7xz-f4v,37.595154031866265,-122.38321511573724
1838 EL CAMINO REAL # 225,BURLINGAME,CA,94010-3110,22q@5vg-7y4-pjv,37.58849401449746,-122.36529185476479
1838 EL CAMINO REAL # 230,BURLINGAME,CA,94010-3112,22r@5vg-7xz-f75,37.59599051777884,-122.38426601696301
1838 EL CAMINO REAL #230,BURLINGAME,CA,94010-3112,22r@5vg-7xz-f75,37.59599051777884,-122.38426601696301
1838 EL CAMINO REAL STE 100,BURLINGAME,CA,94010-3105,22t@5vg-7yq-45f,37.59564912484332,-122.38574888408463
1838 EL CAMINO REAL STE 200A,BURLINGAME,CA,94010-3110,0ny74apqq6@5vg-7xz-f4v,37.595154031866265,-122.38321511573724
1838 EL CAMINO REAL STE 220A,BURLINGAME,CA,94010-3110,0f5y4htfwj@5vg-7xz-f4v,37.595154031866265,-122.38321511573724
1838 EL CAMINO REAL STE 220B,BURLINGAME,CA,94010-3110,0kqq6l5ibu@5vg-7xz-f4v,37.595154031866265,-122.38321511573724
1838 EL CAMINO REAL STE 230,BURLINGAME,CA,94010-3112,22r@5vg-7xz-f75,37.59599051777884,-122.38426601696301
1838 EL CAMINO REAL UNIT 218,BURLINGAME,CA,94010-3110,24y@5vg-7xz-f4v,37.595154031866265,-122.38321511573724
1840 EL CAMINO REAL,BURLINGAME,CA,94010-3102,22p@5vg-7yq-45f,37.59564912484332,-122.38574888408463
1841 EL CAMINO REAL,BURLINGAME,CA,94010-3202,227@5vg-7xz-fj9,37.594812652731086,-122.38469798448286
1842 EL CAMINO REAL,BURLINGAME,CA,94010-3133,256@5vg-7xz-f4v,37.595154031866265,-122.38321511573724
1842 EL CAMINO REAL #3,BURLINGAME,CA,94010-3134,24t@5vg-7xz-f4v,37.595154031866265,-122.38321511573724
1845 CAPISTRANO WAY,BURLINGAME,CA,94010,228@5vh-83c-9vf,37.58299917047043,-122.39853149193544
1845 EL CAMINO REAL,BURLINGAME,CA,94010,22d@5vg-7xz-f75,37.59599051777884,-122.38426601696301
1846 EL CAMINO REAL,BURLINGAME,CA,94010-3102,23c@5vg-7yq-45f,37.59564912484332,-122.38574888408463
1846 ROLLINS RD,BURLINGAME,CA,94010-2205,222@5vg-7yq-h3q,37.5990289488237,-122.38043615375912
1847 EL CAMINO REAL,BURLINGAME,CA,94010,228@5vg-7xz-f75,37.59599051777884,-122.38426601696301
1849 BAYSHORE HWY # 168,BURLINGAME,CA,94010-1206,22j@5vg-7yq-f75,37.60358637110869,-122.37469076260581
1849 BAYSHORE HWY 212,BURLINGAME,CA,94010-1210,22d@5vg-7yq-f75,37.60358637110869,-122.37469076260581
1849 BAYSHORE HWY 3RD FL,BURLINGAME,CA,94010-1214,222@5vg-7yq-f75,37.60358637110869,-122.37469076260581
1849 BAYSHORE STE & 101 102,BURLINGAME,CA,94010,0s2amm2ibw@5vg-7yq-f75,37.60358637110869,-122.37469076260581
1849 EL CAMINO REAL,BURLINGAME,CA,94010,22j@5vg-7xz-f75,37.59599051777884,-122.38426601696301
1850 EL CAMINO REAL # 200,BURLINGAME,CA,94010-3102,23x@5vg-7yq-45f,37.59564912484332,-122.38574888408463
1851 EL CAMINO REAL,BURLINGAME,CA,94010-3220,224@5vg-7xz-f75,37.59599051777884,-122.38426601696301
1852 MAGNOLIA AVE,BURLINGAME,CA,94010-4519,222@5vg-7yq-3yv,37.595307715733824,-122.38723172727381
1853 EL CAMINO REAL,BURLINGAME,CA,94010-3220,227@5vg-7xz-f75,37.59599051777884,-122.38426601696301
1854 MAGNOLIA AVE,BURLINGAME,CA,94010-4519,223@5vg-7yq-3yv,37.595307715733824,-122.38723172727381
1857 EL CAMINO REAL,BURLINGAME,CA,94010-3220,22m@5vg-7xz-f75,37.59599051777884,-122.38426601696301
1860 EL CAMINO REAL,BURLINGAME,CA,94010-3127,223@5vg-7xz-f4v,37.595154031866265,-122.38321511573724
1860 EL CAMINO REAL # 101,BURLINGAME,CA,94010-3106,22y@5vg-7yq-45f,37.59564912484332,-122.38574888408463
1860 EL CAMINO REAL #105,BURLINGAME,CA,94010-3106,23q@5vg-7yq-45f,37.59564912484332,-122.38574888408463
1860 EL CAMINO REAL # 108,BURLINGAME,CA,94010-3106,23t@5vg-7yq-45f,37.59564912484332,-122.38574888408463
1860 EL CAMINO REAL # 200,BURLINGAME,CA,94010-3109,235@5vg-7yq-45f,37.59564912484332,-122.38574888408463
1860 EL CAMINO REAL # 228,BURLINGAME,CA,94010-3111,22s@5vg-7yq-45f,37.59564912484332,-122.38574888408463
1860 EL CAMINO REAL #228,BURLINGAME,CA,94010-3111,22s@5vg-7yq-45f,37.59564912484332,-122.38574888408463
1860 EL CAMINO REAL # 236,BURLINGAME,CA,94010-3111,226@5vg-7yq-45f,37.59564912484332,-122.38574888408463
1860 EL CAMINO REAL # 304,BURLINGAME,CA,94010-3114,22j@5vg-7yq-45f,37.59564912484332,-122.38574888408463
1860 EL CAMINO REAL # 305,BURLINGAME,CA,94010-3114,22f@5vg-7yq-45f,37.59564912484332,-122.38574888408463
1860 EL CAMINO REAL # 310,BURLINGAME,CA,94010-3114,225@5vg-7yq-45f,37.59564912484332,-122.38574888408463
1860 EL CAMINO REAL # 321,BURLINGAME,CA,94010-3114,233@5vg-7yq-45f,37.59564912484332,-122.38574888408463
1860 EL CAMINO REAL #438,BURLINGAME,CA,94010-3117,237@5vg-7yq-45f,37.59564912484332,-122.38574888408463
1860 EL CAMINO REAL #500,BURLINGAME,CA,94010-3121,236@5vg-7yq-45f,37.59564912484332,-122.38574888408463
1860 EL CAMINO REAL # 55,BURLINGAME,CA,94010-3100,22x@5vg-7xz-f4v,37.595154031866265,-122.38321511573724
1860 EL CAMINO REAL M 201,BURLINGAME,CA,94010,07br6z5kro@5vg-7xz-f4v,37.595154031866265,-122.38321511573724
1860 EL CAMINO REAL STE 207,BURLINGAME,CA,94010-3119,23g@5vg-7yq-45f,37.59564912484332,-122.38574888408463
1860 EL CAMINO REAL STE 221,BURLINGAME,CA,94010-3111,23m@5vg-7yq-45f,37.59564912484332,-122.38574888408463
1860 EL CAMINO REAL STE 236,BURLINGAME,CA,94010-3111,226@5vg-7yq-45f,37.59564912484332,-122.38574888408463
1860 EL CAMINO REAL STE 301,BURLINGAME,CA,94010-3114,22v@5vg-7yq-45f,37.59564912484332,-122.38574888408463
1860 EL CAMINO REAL STE 310,BURLINGAME,CA,94010-3114,225@5vg-7yq-45f,37.59564912484332,-122.38574888408463
1860 EL CAMINO REAL STE 428,BURLINGAME,CA,94010-3117,0j2g476j5m@5vg-7xz-f4v,37.595154031866265,-122.38321511573724
1860 EL CAMINO REAL STE 438,BURLINGAME,CA,94010-3117,237@5vg-7yq-45f,37.59564912484332,-122.38574888408463
1860 EL CAMINO REAL STE 50,BURLINGAME,CA,94010-3100,267@5vg-7xz-f4v,37.595154031866265,-122.38321511573724
1860 EL CAMINO REAL STE 500,BURLINGAME,CA,94010,236@5vg-7yq-45f,37.59564912484332,-122.38574888408463
1860 ROLLINS RD,BURLINGAME,CA,94010-2205,226@5vg-7yq-h3q,37.5990289488237,-122.38043615375912
1861 EL CAMINO REAL,BURLINGAME,CA,94010-3220,225@5vg-7xz-f75,37.59599051777884,-122.38426601696301
1863 EL CAMINO REAL,BURLINGAME,CA,94010-3220,229@5vg-7xz-f75,37.59599051777884,-122.38426601696301
1865 EL CAMINO REAL,BURLINGAME,CA,94010-3220,22f@5vg-7xz-f75,37.59599051777884,-122.38426601696301
1870 EL CAMINO REAL # 100,BURLINGAME,CA,94010-3107,23m@5vg-7yq-3t9,37.596826983302535,-122.38531692790657
1870 EL CAMINO REAL # 102,BURLINGAME,CA,94010-3107,232@5vg-7yq-3t9,37.596826983302535,-122.38531692790657
1870 EL CAMINO REAL # 207,BURLINGAME,CA,94010-3108,233@5vg-7yq-3t9,37.596826983302535,-122.38531692790657
"1870 EL CAMINO REAL, STE 100",BURLINGAME,CA,94010-3128,23m@5vg-7yq-3t9,37.596826983302535,-122.38531692790657
"1870 EL CAMINO REAL, STE. 100, ROOM A",BURLINGAME,CA,94010-3128,23m@5vg-7yq-3t9,37.596826983302535,-122.38531692790657
1870 EL CAMINO REAL STE 108,BURLINGAME,CA,94010-3107,22g@5vg-7yq-3t9,37.596826983302535,-122.38531692790657
1870 EL CAMINO REAL STE 209,BURLINGAME,CA,94010-3108,236@5vg-7yq-3t9,37.596826983302535,-122.38531692790657
1871 EL CAMINO REAL,BURLINGAME,CA,94010-3220,226@5vg-7xz-f75,37.59599051777884,-122.38426601696301
1872 ROLLINS RD,BURLINGAME,CA,94010-2205,222@5vg-7yq-54v,37.598687592992924,-122.38191911335734
1876 EL CAMINO REAL,BURLINGAME,CA,94010-3102,222@5vg-7yq-45f,37.59564912484332,-122.38574888408463
1881 EL CAMINO REAL,BURLINGAME,CA,94010-3220,223@5vg-7xz-f75,37.59599051777884,-122.38426601696301
1881 ROLLINS RD UNIT 2082,BURLINGAME,CA,94010,0zikevhah3@5vg-7yq-4y9,37.5983462209841,-122.38340204902569
189 AIRPORT BLVD,BURLINGAME,CA,94010-2006,224@5vg-7y2-bp9,37.590105989302906,-122.334823072417
18 CHANNING ROAD,BURLINGAME,CA,94010,22b@5vg-7y3-54v,37.58170480355656,-122.33383401761456
1900 DEVEREUX DR,BURLINGAME,CA,94010-4644,22r@5vg-7xy-w6k,37.58827416351244,-122.38030764778799
1900 TROUSDALE DR,BURLINGAME,CA,94010-5387,226@5vg-7xz-3nq,37.59211549569633,-122.38704468682876
1907 MURCHISON DR13,BURLINGAME,CA,94010,225@5vg-7xz-3qz,37.59295196718477,-122.38809556212118
190 PRIMROSE RD,BURLINGAME,CA,94010-4319,22g@5vg-7xx-t9z,37.576622045455196,-122.346564713206
191 AIRPORT BLVD,BURLINGAME,CA,94010-2006,227@5vg-7y2-fzz,37.587750144611064,-122.33568834054148
1920 HILLSIDE DR,BURLINGAME,CA,94010-4732,22h@5vg-7y2-2c5,37.584090921668505,-122.37505365192621
1921 DEVEREUX,BURLINGAME,CA,94010,227@5vg-7xy-w49,37.58743755590966,-122.37925682917519
1921 DEVEREUX DR,BURLINGAME,CA,94010,227@5vg-7xy-w49,37.58743755590966,-122.37925682917519
1944 GARDEN DR #101,BURLINGAME,CA,94010,25b@5vg-7xz-28v,37.59261053715944,-122.38957833676326
197/193 AIRPORT BLVD,BURLINGAME,CA,94010,223@5vg-7y2-bp9,37.590105989302906,-122.334823072417
198 CALIFORNIA DR,BURLINGAME,CA,94010-4323,22m@5vg-7xx-vmk,37.5784818444062,-122.34316601527816
19 HIGHLAND AVE,BURLINGAME,CA,94010-4454,23k@5vg-7y8-kcq,37.57562953828625,-122.34149717357782
19 PARK RD,BURLINGAME,CA,94010-4403,226@5vg-7y8-hqz,37.57494780028075,-122.3444634039661
19 PARK RD # A,BURLINGAME,CA,94010-4403,22h@5vg-7y8-hwk,37.57528867737701,-122.34298030071096
1 ADRIAN CT # 2523,BURLINGAME,CA,94010-2125,0bolrvkydr@5vg-7yq-gx5,37.60054811949696,-122.37852110288834
1 EDWARDS CT # 101,BURLINGAME,CA,94010-2428,22m@5vg-7y4-vmk,37.59218212653465,-122.36801213940501
1 EDWARDS CT 204,BURLINGAME,CA,94010-2428,22y@5vg-7y4-vmk,37.59218212653465,-122.36801213940501
1 EDWARDS CT # 206,BURLINGAME,CA,94010-2428,22t@5vg-7y4-vmk,37.59218212653465,-122.36801213940501
1 EDWARDS CT #206,BURLINGAME,CA,94010-2428,22t@5vg-7y4-vmk,37.59218212653465,-122.36801213940501
1 EDWARDS CT STE 1434,BURLINGAME,CA,94010-2428,0rj325qgu2@5vg-7y4-vmk,37.59218212653465,-122.36801213940501
1 EDWARDS CT STE 1440,BURLINGAME,CA,94010-2428,025za5bkkk@5vg-7y4-vmk,37.59218212653465,-122.36801213940501
1 EDWARDS CT STE 202,BURLINGAME,CA,94010-2428,22f@5vg-7y4-vmk,37.59218212653465,-122.36801213940501
1 MANGINI WAY,BURLINGAME,CA,94010-1904,223@5vg-7xx-snq,37.583008144870675,-122.34693636908388
1 PARK RD,BURLINGAME,CA,94010-4403,22k@5vg-7y8-hwk,37.57528867737701,-122.34298030071096
2005 MURCHISON DR,BURLINGAME,CA,94010-5396,225@5vg-7xz-28v,37.59261053715944,-122.38957833676326
200 CALIFORNIA DR,BURLINGAME,CA,94010-4113,22g@5vg-7xx-s3q,37.579318957460934,-122.34421669900158
200 PARK RD,BURLINGAME,CA,94010-4206,224@5vg-7xx-qxq,37.577800055978436,-122.34613228393249
2010 TROUSDALE DRIVE #9,BURLINGAME,CA,94010,27x@5vg-7xz-3nq,37.59211549569633,-122.38704468682876
2018 TROUSDALE DRIVE #7,BURLINGAME,CA,94010,25v@5vg-7xz-26k,37.5917740794707,-122.38852746309861
201 BANCROFT RD,BURLINGAME,CA,94010-2821,22h@5vg-7y3-5mk,37.58455712206907,-122.33550282942207
201 BANCROFT ROAD,BURLINGAME,CA,94010,22h@5vg-7y3-5mk,37.58455712206907,-122.33550282942207
2028 CARMELITA AVE,BURLINGAME,CA,94010,22c@5vg-7xx-nyv,37.579411521977136,-122.36726632774145
2028 CARMELITA AVENUE,BURLINGAME,CA,94010,22c@5vg-7xx-nyv,37.579411521977136,-122.36726632774145
203 PRIMROSE RD,BURLINGAME,CA,94010-4207,227@5vg-7xx-qs5,37.57745913748404,-122.34761538243662
204 MYRTLE RD,BURLINGAME,CA,94010-3042,225@5vg-7xx-s89,37.57965984119205,-122.34273353043557
209 HIGHLAND AVE,BURLINGAME,CA,94010-4118,222@5vg-7xx-vfz,37.57814095828618,-122.34464916154585
209 PARK RD,BURLINGAME,CA,94010-4205,22b@5vg-7xx-qxq,37.577800055978436,-122.34613228393249
20 PARK RD # A,BURLINGAME,CA,94010-4443,23c@5vg-7y8-hwk,37.57528867737701,-122.34298030071096
20 PARK RD D,BURLINGAME,CA,94010,226@5vg-7y8-hwk,37.57528867737701,-122.34298030071096
20 PARK RD STE E,BURLINGAME,CA,94010-4443,22v@5vg-7y8-hwk,37.57528867737701,-122.34298030071096
20 SE ADRIAN CT,BURLINGAME,CA,94010-2101,22h@5vg-7yq-gx5,37.60054811949696,-122.37852110288834
20 VICTORIA RD,BURLINGAME,CA,94010-2957,22j@5vg-7y3-4y9,37.5832235450054,-122.33191803000983
211 PARK RD,BURLINGAME,CA,94010-4205,22g@5vg-7xx-qxq,37.577800055978436,-122.34613228393249
211 PRIMROSE RD,BURLINGAME,CA,94010-4207,22d@5vg-7xx-qs5,37.57745913748404,-122.34761538243662
212 DWIGHT ROAD,BURLINGAME,CA,94010,22h@5vg-7y3-5s5,37.58303834757213,-122.33741874506248
214 LORTON AVE,BURLINGAME,CA,94010-4204,227@5vg-7xx-vfz,37.57814095828618,-122.34464916154585
216 CALIFORNIA DR,BURLINGAME,CA,94010-4113,22b@5vg-7xx-s3q,37.579318957460934,-122.34421669900158
216 LORTON AVE,BURLINGAME,CA,94010-4204,243@5vg-7xx-qmk,37.57897805754115,-122.34569984368639
216 PARK RD,BURLINGAME,CA,94010-4200,225@5vg-7xx-qxq,37.577800055978436,-122.34613228393249
217 PRIMROSE RD,BURLINGAME,CA,94010-4207,22g@5vg-7xx-qs5,37.57745913748404,-122.34761538243662
217 WEST LN,BURLINGAME,CA,94010-2832,222@5vg-7xx-s3q,37.579318957460934,-122.34421669900158
218 LORTON AVE,BURLINGAME,CA,94010-4204,223@5vg-7xx-vfz,37.57814095828618,-122.34464916154585
218 PRIMROSE 8,BURLINGAME,CA,94010,06orxdx4fq@5vg-7xx-t9z,37.576622045455196,-122.346564713206
218 PRIMROSE RD,BURLINGAME,CA,94010-4208,0x3r4eeqgg@5vg-7xx-t9z,37.576622045455196,-122.346564713206
218 PRIMROSE RD #15,BURLINGAME,CA,94010-4208,0qevhf42tb@5vg-7xx-t9z,37.576622045455196,-122.346564713206
218 PRIMROSE RD # 5,BURLINGAME,CA,94010-4208,0z44prjmtp@5vg-7xx-t9z,37.576622045455196,-122.346564713206
218 PRIMROSE RD STE 02,BURLINGAME,CA,94010-4208,0k2zc5cori@5vg-7xx-t9z,37.576622045455196,-122.346564713206
218 PRIMROSE RD STE 1,BURLINGAME,CA,94010-4208,07gq2lqxaj@5vg-7xx-t9z,37.576622045455196,-122.346564713206
218 PRIMROSE RD STE 12,BURLINGAME,CA,94010-4208,06cz6mfttr@5vg-7xx-t9z,37.576622045455196,-122.346564713206
218 PRIMROSE RD STE 13,BURLINGAME,CA,94010-4208,0ch3par7gl@5vg-7xx-t9z,37.576622045455196,-122.346564713206
218 PRIMROSE RD STE 27,BURLINGAME,CA,94010-4208,0rhvn37sch@5vg-7xx-t9z,37.576622045455196,-122.346564713206
218 PRIMROSE RD STE 30,BURLINGAME,CA,94010-4208,0njbt4qdns@5vg-7xx-t9z,37.576622045455196,-122.346564713206
218 PRIMROSE RD STE 6,BURLINGAME,CA,94010-4208,0lcbh4mleo@5vg-7xx-t9z,37.576622045455196,-122.346564713206
218 PRIMROSE RD STE 7,BURLINGAME,CA,94010-4208,0qmmiw4fj3@5vg-7xx-t9z,37.576622045455196,-122.346564713206
218 PRIMROSE RD STE 9,BURLINGAME,CA,94010-4208,0sjslqtjk6@5vg-7xx-t9z,37.576622045455196,-122.346564713206
218 PRIMROSE RD STUDIO 14,BURLINGAME,CA,94010-4208,0qgenvqk2q@5vg-7xx-t9z,37.576622045455196,-122.346564713206
218 PRIMROSE RD UNIT 11,BURLINGAME,CA,94010-4208,0tqunehoop@5vg-7xx-t9z,37.576622045455196,-122.346564713206
218 PRIMROSE ROAD STUDIO 15,BURLINGAME,CA,94010,0x3r4eeqgg@5vg-7xx-t9z,37.576622045455196,-122.346564713206
2202 HILLSIDE DR,BURLINGAME,CA,94010,0yduoz3rot@5vg-7y7-f9f,37.57215666117404,-122.37535772017041
2209 RAY DRIVE,BURLINGAME,CA,94010,22f@5vg-7xy-tvz,37.58641355562405,-122.38370518721416
220 PRIMROSE RD,BURLINGAME,CA,94010-4208,22k@5vg-7xx-t9z,37.576622045455196,-122.346564713206
220 PRIMROSE RD STE 23,BURLINGAME,CA,94010-4208,0n2ufqv3ac@5vg-7xx-t9z,37.576622045455196,-122.346564713206
2217 HILLSIDE DR,BURLINGAME,CA,94010-5651,22m@5vg-7y2-2ff,37.58173499716144,-122.37591773698097
221 PARK RD,BURLINGAME,CA,94010,222@5vg-7xx-qxq,37.577800055978436,-122.34613228393249
2220 SUMMIT DR,BURLINGAME,CA,94010,222@5vg-7xz-qs5,37.576340471960826,-122.3806111168009
222 LORTON AVE,BURLINGAME,CA,94010-4204,23z@5vg-7xx-qmk,37.57897805754115,-122.34569984368639
223 VICTORIA RD,BURLINGAME,CA,94010-2845,22d@5vg-7y2-fmk,37.58573507341851,-122.33507021147989
225 HUMBOLDT RD,BURLINGAME,CA,94010-2838,228@5vg-7y2-fmk,37.58573507341851,-122.33507021147989
225 PRIMROSE RD,BURLINGAME,CA,94010-4207,22n@5vg-7xx-qs5,37.57745913748404,-122.34761538243662
226 LORTON AVE,BURLINGAME,CA,94010-4204,229@5vg-7xx-qmk,37.57897805754115,-122.34569984368639
228 LORTON AVE,BURLINGAME,CA,94010-4253,22t@5vg-7xx-vfz,37.57814095828618,-122.34464916154585
229 PARK RD,BURLINGAME,CA,94010-4205,22d@5vg-7xx-qxq,37.577800055978436,-122.34613228393249
2305 HILLSIDE DRIVE,BURLINGAME,CA,94010,229@5vg-7xz-yy9,37.58139373035512,-122.37740050878303
2309 HALE DRIVE,BURLINGAME,CA,94010,222@5vg-7xz-z2k,37.58223041885391,-122.37845126422538
2309 VALDIVIA WAY,BURLINGAME,CA,94010-5429,22b@5vg-7xy-v75,37.58523561706481,-122.38413712296713
2313 RAY DRIVE,BURLINGAME,CA,94010,228@5vg-7xy-tvz,37.58641355562405,-122.38370518721416
231 PARK RD,BURLINGAME,CA,94010,22k@5vg-7xx-qxq,37.577800055978436,-122.34613228393249
232 DWIGHT ROAD,BURLINGAME,CA,94010,22q@5vg-7y3-5vf,37.58387548230717,-122.33846946749681
2337 POPPY DR,BURLINGAME,CA,94010-5529,22n@5vg-7xy-z2k,37.58306708697194,-122.37950202938694
233 BLOOMFIELD RD,BURLINGAME,CA,94010-3016,224@5vg-7y3-45f,37.582356670632585,-122.3403852907844
235 PRIMROSE RD,BURLINGAME,CA,94010-4207,22m@5vg-7xx-qs5,37.57745913748404,-122.34761538243662
235 VICTORIA RD,BURLINGAME,CA,94010-2845,22h@5vg-7y2-fmk,37.58573507341851,-122.33507021147989
235 VICTORIA ROAD,BURLINGAME,CA,94010,22h@5vg-7y2-fmk,37.58573507341851,-122.33507021147989
235 W LORTON AVE,BURLINGAME,CA,94010-4203,07swbmqrwv@5vg-7y7-f9f,37.57215666117404,-122.37535772017041
2385 TROUSDALE DR,BURLINGAME,CA,94010-5704,222@5vg-7xz-4sq,37.58858178591836,-122.38834039089535
238 PARK RD,BURLINGAME,CA,94010-4206,228@5vg-7xx-qfz,37.57863714143375,-122.34718296448868
23 EDWARDS CT,BURLINGAME,CA,94010-2413,22c@5vg-7y4-vmk,37.59218212653465,-122.36801213940501
23 EDWRADS CT,BURLINGAME,CA,94010,06l2fmsfzu@5vg-7y7-f9f,37.57215666117404,-122.37535772017041
240 LORTON AVE 3RD FL,BURLINGAME,CA,94010,22z@5vg-7xx-vfz,37.57814095828618,-122.34464916154585
240 LORTON AVE 4TH FL,BURLINGAME,CA,94010,22z@5vg-7xx-vfz,37.57814095828618,-122.34464916154585
240 LORTON AVE4TH FLOOR,BURLINGAME,CA,94010,0nsy72zhi3@5vg-7xx-vfz,37.57814095828618,-122.34464916154585
240 PARK RD,BURLINGAME,CA,94010-4206,22c@5vg-7xx-qxq,37.577800055978436,-122.34613228393249
240 PRIMROSE RD,BURLINGAME,CA,94010-4208,22f@5vg-7xx-t9z,37.576622045455196,-122.346564713206
241 PARK RD,BURLINGAME,CA,94010-4205,22s@5vg-7xx-qxq,37.577800055978436,-122.34613228393249
243 CALIFORNIA DR,BURLINGAME,CA,94010-4112,22f@5vg-7xx-s3q,37.579318957460934,-122.34421669900158
244 PRIMROSE RD,BURLINGAME,CA,94010-4208,22c@5vg-7xx-t9z,37.576622045455196,-122.346564713206
245 CALIFORNIA DR,BURLINGAME,CA,94010,227@5vg-7xx-s3q,37.579318957460934,-122.34421669900158
245 PRIMROSE RD,BURLINGAME,CA,94010-4207,22v@5vg-7xx-qs5,37.57745913748404,-122.34761538243662
246 LORTON AVE,BURLINGAME,CA,94010,225@5vg-7xx-qmk,37.57897805754115,-122.34569984368639
247 PARK RD,BURLINGAME,CA,94010-4205,227@5vg-7xx-qxq,37.577800055978436,-122.34613228393249
247 W CALIFORNIA DR,BURLINGAME,CA,94010-4112,229@5vg-7xx-s3q,37.579318957460934,-122.34421669900158
248-50 LORTON AVE,BURLINGAME,CA,94010-4204,22x@5vg-7xx-qmk,37.57897805754115,-122.34569984368639
248 LORTON AVE,BURLINGAME,CA,94010-4204,22x@5vg-7xx-qmk,37.57897805754115,-122.34569984368639
2505 VALDIVIA WAY,BURLINGAME,CA,94010-5433,223@5vg-7xy-vs5,37.58573080791666,-122.38667063961205
250 ANZA BLVD,BURLINGAME,CA,94010-1939,222@5vg-7y5-3h5,37.59004480729623,-122.35385934051976
250 CALIFORNIA DR,BURLINGAME,CA,94010-4172,22p@5vg-7xx-s3q,37.579318957460934,-122.34421669900158
251 PARK RD # 2,BURLINGAME,CA,94010-4239,235@5vg-7xx-qxq,37.577800055978436,-122.34613228393249
251 PARK RD #200,BURLINGAME,CA,94010-4237,22v@5vg-7xx-qxq,37.577800055978436,-122.34613228393249
251 PARK RD # 500,BURLINGAME,CA,94010-4233,23h@5vg-7xx-qxq,37.577800055978436,-122.34613228393249
251 PARK RD #710,BURLINGAME,CA,94010-4228,23m@5vg-7xx-qxq,37.577800055978436,-122.34613228393249
251 PARK RD STE 150,BURLINGAME,CA,94010-4234,23w@5vg-7xx-qxq,37.577800055978436,-122.34613228393249
251 PARK RD STE 200,BURLINGAME,CA,94010-4237,22v@5vg-7xx-qxq,37.577800055978436,-122.34613228393249
251 PARK RD STE 600,BURLINGAME,CA,94010-4236,245@5vg-7xx-qxq,37.577800055978436,-122.34613228393249
251 PARK RD STE 800,BURLINGAME,CA,94010,234@5vg-7xx-qxq,37.577800055978436,-122.34613228393249
251 PRIMROSE RD,BURLINGAME,CA,94010-4207,228@5vg-7xx-qs5,37.57745913748404,-122.34761538243662
253 PARK RD,BURLINGAME,CA,94010-4205,22j@5vg-7xx-qxq,37.577800055978436,-122.34613228393249
255 LORTON AVE,BURLINGAME,CA,94010-4203,0l5dlnvogk@5vg-7xx-qxq,37.577800055978436,-122.34613228393249
256 LORTON AVE,BURLINGAME,CA,94010-4204,239@5vg-7xx-qmk,37.57897805754115,-122.34569984368639
257 PRIMROSE RD,BURLINGAME,CA,94010-4207,22r@5vg-7xx-qs5,37.57745913748404,-122.34761538243662
258 ANZA BLVD,BURLINGAME,CA,94010-1939,0bfl7ardgt@5vg-7y5-2ff,37.59038582425422,-122.35237614322135
258 N ANZA BLVD,BURLINGAME,CA,94010-1939,0bfl7ardgt@5vg-7y5-2ff,37.59038582425422,-122.35237614322135
25 DWIGHT RD,BURLINGAME,CA,94010-2968,229@5vg-7y3-3nq,37.58136401697998,-122.33531732943781
25 EDWARDS COURTUNIT 31,BURLINGAME,CA,94010,06eiqb6lvg@5vg-7y4-vmk,37.59218212653465,-122.36801213940501
25 EDWARDS CT,BURLINGAME,CA,94010-2429,22d@5vg-7y4-vmk,37.59218212653465,-122.36801213940501
25 EDWARDS CT STE 1,BURLINGAME,CA,94010-2429,0fu3cqbibz@5vg-7y4-vmk,37.59218212653465,-122.36801213940501
25 EDWARDS CT STE 102,BURLINGAME,CA,94010-2421,0vv73z2x4d@5vg-7y4-vmk,37.59218212653465,-122.36801213940501
25 INGOLD RD A,BURLINGAME,CA,94010,226@5vg-7xz-fvf,37.59651938664453,-122.3772834014731
260 EAST LN,BURLINGAME,CA,94010-2802,229@5vg-7xx-rrk,37.5804969476733,-122.34378422548384
260 EL CAMINO REAL,BURLINGAME,CA,94010-5120,228@5vg-7xx-v75,37.575940187509275,-122.34953084173522
260 LORTON AVE,BURLINGAME,CA,94010-4204,223@5vg-7xx-qmk,37.57897805754115,-122.34569984368639
2614 TROUSDALE DR,BURLINGAME,CA,94010-5707,229@5vg-7xz-t9z,37.58588450654862,-122.39068680353783
261 CALIFORNIA DR,BURLINGAME,CA,94010-4112,228@5vg-7xx-s3q,37.579318957460934,-122.34421669900158
261 PARK RD,BURLINGAME,CA,94010-4205,228@5vg-7xx-qxq,37.577800055978436,-122.34613228393249
2633 MARTINEZ DR,BURLINGAME,CA,94010-5828,225@5vg-7xy-vvf,37.5865673465237,-122.38772145011136
263 PRIMROSE RD,BURLINGAME,CA,94010-4207,22q@5vg-7xx-qs5,37.57745913748404,-122.34761538243662
264 LORTON AVE,BURLINGAME,CA,94010-4204,22k@5vg-7xx-qmk,37.57897805754115,-122.34569984368639
266 LORTON AVE,BURLINGAME,CA,94010-4204,22b@5vg-7xx-qmk,37.57897805754115,-122.34569984368639
269 PRIMROSE RD,BURLINGAME,CA,94010-4207,22f@5vg-7xx-qs5,37.57745913748404,-122.34761538243662
26 ANITA RD,BURLINGAME,CA,94010-3018,223@5vg-7y3-789,37.578326407051456,-122.33914897396572
270 EAST LN,BURLINGAME,CA,94010-2802,228@5vg-7xx-rrk,37.5804969476733,-122.34378422548384
270 EAST LN UNIT 1-4,BURLINGAME,CA,94010-2802,0e4w5dvntz@5vg-7xx-rrk,37.5804969476733,-122.34378422548384
270 LORTON AVE,BURLINGAME,CA,94010-4204,237@5vg-7xx-qmk,37.57897805754115,-122.34569984368639
2750 ADELINE DR,BURLINGAME,CA,94010-5597,222@5vg-7xy-xdv,37.58238444965481,-122.38246749476254
275 PRIMROSE RD,BURLINGAME,CA,94010-4207,22p@5vg-7xx-qs5,37.57745913748404,-122.34761538243662
2804 RIVERA DR,BURLINGAME,CA,94010-5832,227@5vg-7xz-s3q,37.5835286147028,-122.39155046297809
2813 HILLSIDE DR,BURLINGAME,CA,94010,227@5vg-7xz-nh5,37.57835517368503,-122.38122988802732
2832 RIVERA DR,BURLINGAME,CA,94010-5832,227@5vg-7xz-s89,37.58200920402234,-122.39346485016311
2838 ADELINE DR,BURLINGAME,CA,94010-5901,22c@5vg-7xz-nnq,37.58052377329548,-122.3858647563475
283 LORTON AVE,BURLINGAME,CA,94010-4203,22h@5vg-7xx-qmk,37.57897805754115,-122.34569984368639
2841 LAS PIEDRAS DR,BURLINGAME,CA,94010-5727,223@5vg-7xz-skf,37.58451863262348,-122.39661722318121
2855 ADELINE DRIVE,BURLINGAME,CA,94010,222@5vg-7xz-nqz,37.581360372421436,-122.38691551340047
287 LORTON AVE,BURLINGAME,CA,94010-4203,23f@5vg-7xx-qmk,37.57897805754115,-122.34569984368639
290 PRIMROSE RD,BURLINGAME,CA,94010-4208,222@5vg-7xx-qs5,37.57745913748404,-122.34761538243662
291 PRIMROSE RD,BURLINGAME,CA,94010-4207,22h@5vg-7xx-qs5,37.57745913748404,-122.34761538243662
2999 CANYON RD,BURLINGAME,CA,94010-6016,222@5vg-7xz-qfz,37.57463376721822,-122.38802405142935
2 ADRIAN CT #26,BURLINGAME,CA,94010-2101,0xzyzzrryx@5vg-7yq-gx5,37.60054811949696,-122.37852110288834
2 ADRIAN CT STE 2-4,BURLINGAME,CA,94010-2101,0rbfc3jmt3@5vg-7yq-gx5,37.60054811949696,-122.37852110288834
2 CALIFORNIA DR,BURLINGAME,CA,94010-4411,222@5vg-7y8-k75,37.577148399510484,-122.33958150375406
2 VICTORIA RD,BURLINGAME,CA,94010-2957,222@5vg-7y3-4y9,37.5832235450054,-122.33191803000983
301 AIRPORT BLVD,BURLINGAME,CA,94010-2073,06g7udii27@5vg-7y7-f9f,37.57215666117404,-122.37535772017041
301 CALIFORNIA,BURLINGAME,CA,94010,237@5vg-7xx-qpv,37.57981513642259,-122.34675053556826
301 CALIFORNIA DR #10,BURLINGAME,CA,94010-4142,22j@5vg-7xx-s5z,37.58015605014222,-122.34526739246738
301 CALIFORNIA DR # 4,BURLINGAME,CA,94010-4142,22v@5vg-7xx-s5z,37.58015605014222,-122.34526739246738
301 CALIFORNIA DR #9,BURLINGAME,CA,94010-4142,22w@5vg-7xx-s5z,37.58015605014222,-122.34526739246738
301 CALIFORNIA DR STE 2,BURLINGAME,CA,94010-4142,22h@5vg-7xx-s5z,37.58015605014222,-122.34526739246738
302 LANG RD,BURLINGAME,CA,94010-2003,224@5vg-7y2-f9f,37.58691301579742,-122.33463758256033
303-305 CALIFORNIA AVE,BURLINGAME,CA,94010-4114,23f@5vg-7xx-qpv,37.57981513642259,-122.34675053556826
3041 HILLSIDE DRIVE,BURLINGAME,CA,94010,229@5vh-83c-4y9,37.57596559388827,-122.39160797375752
305 CALIFORNIA DR,BURLINGAME,CA,94010-4114,22x@5vg-7xx-qpv,37.57981513642259,-122.34675053556826
305 PRIMROSE RD,BURLINGAME,CA,94010-4004,22s@5vg-7xx-qvf,37.57829620913984,-122.34866606140699
3067 MARIPOSA DR,BURLINGAME,CA,94010-5737,22f@5vh-83c-9s5,37.58349405748535,-122.401064786561
308 LANG RD,BURLINGAME,CA,94010-2003,228@5vg-7y2-f9f,37.58691301579742,-122.33463758256033
308 LORTON AVE,BURLINGAME,CA,94010-4104,22j@5vg-7xx-qpv,37.57981513642259,-122.34675053556826
308 PENINSULA AVENUE,BURLINGAME,CA,94010,224@5vg-7y3-54v,37.58170480355656,-122.33383401761456
309 PRIMROSE RD,BURLINGAME,CA,94010-4004,229@5vg-7xx-qvf,37.57829620913984,-122.34866606140699
30 LORTON AVE # 203,BURLINGAME,CA,94010-4442,24q@5vg-7y8-kcq,37.57562953828625,-122.34149717357782
310 LANG RD,BURLINGAME,CA,94010,226@5vg-7y2-f9f,37.58691301579742,-122.33463758256033
310 LORTON AVE,BURLINGAME,CA,94010-4104,22m@5vg-7xx-qpv,37.57981513642259,-122.34675053556826
311 AIRPORT BLVD,BURLINGAME,CA,94010-2073,0xt3l7lkzp@5vg-7y2-c89,37.590602254789985,-122.33735727982905
311 CALIFORNIA DR,BURLINGAME,CA,94010-4114,22y@5vg-7xx-qpv,37.57981513642259,-122.34675053556826
311 LORTON AVE,BURLINGAME,CA,94010-4103,238@5vg-7xx-qpv,37.57981513642259,-122.34675053556826
311 PRIMROSE RD,BURLINGAME,CA,94010-4004,22t@5vg-7xx-qvf,37.57829620913984,-122.34866606140699
312 AIRPORT BLVD,BURLINGAME,CA,94010-2073,0cvaxnfkbl@5vg-7y2-cqz,37.58976517330552,-122.33630649102369
3133 FRONTERA WAY APT 419,BURLINGAME,CA,94010,24b@5vh-83c-8n5,37.581974539775445,-122.40297891658302
314 LORTON AVE,BURLINGAME,CA,94010-4104,233@5vg-7xx-qpv,37.57981513642259,-122.34675053556826
315 LORTON AVE,BURLINGAME,CA,94010-4103,229@5vg-7xx-qpv,37.57981513642259,-122.34675053556826
315 PRIMROSE RD,BURLINGAME,CA,94010-4004,23y@5vg-7xx-qvf,37.57829620913984,-122.34866606140699
318 CHANNING ROAD,BURLINGAME,CA,94010,22p@5vg-7y2-g6k,37.58623138561806,-122.3376043098381
318 LANG RD,BURLINGAME,CA,94010,22h@5vg-7y2-f9f,37.58691301579742,-122.33463758256033
318 LORTON AVE,BURLINGAME,CA,94010-4104,22k@5vg-7xx-qpv,37.57981513642259,-122.34675053556826
319 PRIMROSE RD UNIT B,BURLINGAME,CA,94010-4004,234@5vg-7xx-qvf,37.57829620913984,-122.34866606140699
320-322 BEACH RD,BURLINGAME,CA,94010,223@5vg-7y2-bzf,37.58892807144353,-122.33525571196822
3205 HILLSIDE DR,BURLINGAME,CA,94010,228@5vh-83c-5zz,37.572926658470706,-122.39543638792708
320 PRIMROSE RD,BURLINGAME,CA,94010-4588,22f@5vg-7xx-qvf,37.57829620913984,-122.34866606140699
321 PRIMROSE RD,BURLINGAME,CA,94010-4404,22m@5vg-7xx-qvf,37.57829620913984,-122.34866606140699
322 AIRPORT BLVD,BURLINGAME,CA,94010-2073,0655pq5umc@5vg-7y2-cdv,37.590943084589256,-122.33587386279707
322 LANG RD,BURLINGAME,CA,94010-2003,222@5vg-7y2-f9f,37.58691301579742,-122.33463758256033
322 LORTON AVE,BURLINGAME,CA,94010-4104,22z@5vg-7xx-qpv,37.57981513642259,-122.34675053556826
327 LORTON AVE,BURLINGAME,CA,94010-4116,224@5vg-7xx-qpv,37.57981513642259,-122.34675053556826
328 LANG RD,BURLINGAME,CA,94010-2003,22j@5vg-7y2-f9f,37.58691301579742,-122.33463758256033
328 LANG ROAD,BURLINGAME,CA,94010,22j@5vg-7y2-f9f,37.58691301579742,-122.33463758256033
329 PRIMROSE RD,BURLINGAME,CA,94010-4093,233@5vg-7xx-qvf,37.57829620913984,-122.34866606140699
329 PRIMROSE RD # 117385,BURLINGAME,CA,94010-4093,0owoawtiwa@5vg-7xx-qvf,37.57829620913984,-122.34866606140699
329 PRIMROSE RD #117913,BURLINGAME,CA,94011,0siyrzl2ji@5vg-7xx-qvf,37.57829620913984,-122.34866606140699
329 PRIMROSE RD BOX 32,BURLINGAME,CA,94010-4093,233@5vg-7xx-qvf,37.57829620913984,-122.34866606140699
329 PRIMROSE ROADBOX 805,BURLINGAME,CA,94011,233@5vg-7xx-qvf,37.57829620913984,-122.34866606140699
32 HIGHLAND AVENUE 8,BURLINGAME,CA,94010,224@5vg-7y8-k2k,37.576807557178824,-122.34106467706087
330 BEACH RD,BURLINGAME,CA,94010-2004,226@5vg-7y2-bzf,37.58892807144353,-122.33525571196822
330 BLOOMFIELD RD,BURLINGAME,CA,94010-2868,22k@5vg-7y3-47q,37.583193777766326,-122.34143601006286
330 LORTON AVE,BURLINGAME,CA,94010-4104,249@5vg-7xx-qpv,37.57981513642259,-122.34675053556826
"330 PRIMROSE RD, #202",BURLINGAME,CA,94010-4026,24b@5vg-7xx-qvf,37.57829620913984,-122.34866606140699
330 PRIMROSE RD # 205,BURLINGAME,CA,94010-4026,244@5vg-7xx-qvf,37.57829620913984,-122.34866606140699
330 PRIMROSE RD # 214,BURLINGAME,CA,94010-4026,269@5vg-7xx-qvf,37.57829620913984,-122.34866606140699
330 PRIMROSE RD # 215,BURLINGAME,CA,94010-4026,24y@5vg-7xx-qvf,37.57829620913984,-122.34866606140699
330 PRIMROSE RD #218,BURLINGAME,CA,94010-4026,267@5vg-7xx-qvf,37.57829620913984,-122.34866606140699
330 PRIMROSE RD # 406,BURLINGAME,CA,94010-4029,255@5vg-7xx-qvf,37.57829620913984,-122.34866606140699
330 PRIMROSE RD # 407,BURLINGAME,CA,94010-4029,257@5vg-7xx-qvf,37.57829620913984,-122.34866606140699
330 PRIMROSE RD # 409,BURLINGAME,CA,94010-4029,23n@5vg-7xx-qvf,37.57829620913984,-122.34866606140699
330 PRIMROSE RD 409B,BURLINGAME,CA,94010-4029,23f@5vg-7xx-qvf,37.57829620913984,-122.34866606140699
330 PRIMROSE RD # 504,BURLINGAME,CA,94010-4031,25h@5vg-7xx-qvf,37.57829620913984,-122.34866606140699
330 PRIMROSE RD #504,BURLINGAME,CA,94010-4031,25h@5vg-7xx-qvf,37.57829620913984,-122.34866606140699
330 PRIMROSE RD # 508,BURLINGAME,CA,94010-4031,26c@5vg-7xx-qvf,37.57829620913984,-122.34866606140699
330 PRIMROSE RD # 512,BURLINGAME,CA,94010-4031,24x@5vg-7xx-qvf,37.57829620913984,-122.34866606140699
330 PRIMROSE RD # 606,BURLINGAME,CA,94010-4032,24h@5vg-7xx-qvf,37.57829620913984,-122.34866606140699
330 PRIMROSE RD # 610,BURLINGAME,CA,94010-4032,26d@5vg-7xx-qvf,37.57829620913984,-122.34866606140699
330 PRIMROSE RD STE 208,BURLINGAME,CA,94010-4026,26b@5vg-7xx-qvf,37.57829620913984,-122.34866606140699
330 PRIMROSE RD STE 400,BURLINGAME,CA,94010-4029,24z@5vg-7xx-qvf,37.57829620913984,-122.34866606140699
330 PRIMROSE RD STE 404,BURLINGAME,CA,94010-4029,23r@5vg-7xx-qvf,37.57829620913984,-122.34866606140699
330 PRIMROSE RD STE 412,BURLINGAME,CA,94010-4042,26h@5vg-7xx-qvf,37.57829620913984,-122.34866606140699
"330 PRIMROSE RD, STE 512",BURLINGAME,CA,94010,24x@5vg-7xx-qvf,37.57829620913984,-122.34866606140699
330 PRIMROSE RD STE 600,BURLINGAME,CA,94010-4032,268@5vg-7xx-qvf,37.57829620913984,-122.34866606140699
330 PRIMROSE RD UNIT 407,BURLINGAME,CA,94010-4029,257@5vg-7xx-qvf,37.57829620913984,-122.34866606140699
330 SW PRIMROSE RD # 502,BURLINGAME,CA,94010-4031,266@5vg-7xx-qvf,37.57829620913984,-122.34866606140699
333 AIRPORT BLVD,BURLINGAME,CA,94010-2073,0asipw77tm@5vg-7y2-c89,37.590602254789985,-122.33735727982905
333 CALIFORNIA DR,BURLINGAME,CA,94010,228@5vg-7xx-qpv,37.57981513642259,-122.34675053556826
335 BEACH RD,BURLINGAME,CA,94010,22g@5vg-7y2-fzz,37.587750144611064,-122.33568834054148
337 BEACH RD D,BURLINGAME,CA,94010,22n@5vg-7y2-fzz,37.587750144611064,-122.33568834054148
337 BEACH RD STE B,BURLINGAME,CA,94010-2076,226@5vg-7y2-fzz,37.587750144611064,-122.33568834054148
337 PRIMROSE,BURLINGAME,CA,94010,23b@5vg-7xx-qvf,37.57829620913984,-122.34866606140699
337 PRIMROSE AVE,BURLINGAME,CA,94010-4004,23b@5vg-7xx-qvf,37.57829620913984,-122.34866606140699
337 PRIMROSE RD,BURLINGAME,CA,94010-4004,23b@5vg-7xx-qvf,37.57829620913984,-122.34866606140699
339 BEACH RD,BURLINGAME,CA,94010-2005,234@5vg-7y2-fzz,37.587750144611064,-122.33568834054148
339 PRIMROSE RD,BURLINGAME,CA,94010-4004,22x@5vg-7xx-qvf,37.57829620913984,-122.34866606140699
33 BANCROFT RD,BURLINGAME,CA,94010,22m@5vg-7y3-4sq,37.582882777021325,-122.3334013880037
33 EDWARDS CT,BURLINGAME,CA,94010-2413,22k@5vg-7y4-vmk,37.59218212653465,-122.36801213940501
340 LORTON AVE,BURLINGAME,CA,94010-4151,22p@5vg-7xx-qpv,37.57981513642259,-122.34675053556826
340 LORTON AVE # 203,BURLINGAME,CA,94010-4126,22c@5vg-7xx-qpv,37.57981513642259,-122.34675053556826
340 LORTON AVE #204,BURLINGAME,CA,94010-4126,244@5vg-7xx-qpv,37.57981513642259,-122.34675053556826
340 LORTON AVE #214,BURLINGAME,CA,94010-4126,23t@5vg-7xx-qpv,37.57981513642259,-122.34675053556826
340 LORTON AVE STE 205,BURLINGAME,CA,94010-4126,243@5vg-7xx-qpv,37.57981513642259,-122.34675053556826
340 LORTON AVE STE 216,BURLINGAME,CA,94010-4126,22r@5vg-7xx-qpv,37.57981513642259,-122.34675053556826
340 W LORTON AVE STE 215,BURLINGAME,CA,94010-4126,22w@5vg-7xx-qpv,37.57981513642259,-122.34675053556826
341 BEACH RD,BURLINGAME,CA,94010-2005,223@5vg-7y2-fzz,37.587750144611064,-122.33568834054148
345 CALIFORNIA DR,BURLINGAME,CA,94010-4114,234@5vg-7xx-qpv,37.57981513642259,-122.34675053556826
345 LORTON 204,BURLINGAME,CA,94010,245@5vg-7xx-sqz,37.58065219492988,-122.34780123719086
345 LORTON AVE # 101,BURLINGAME,CA,94010-4134,23v@5vg-7xx-sqz,37.58065219492988,-122.34780123719086
345 LORTON AVE # 102,BURLINGAME,CA,94010-4134,0p7d4fj4hd@5vg-7xx-sqz,37.58065219492988,-122.34780123719086
345 LORTON AVE # 104,BURLINGAME,CA,94010-4134,23d@5vg-7xx-sqz,37.58065219492988,-122.34780123719086
345 LORTON AVE #104,BURLINGAME,CA,94010-4134,23d@5vg-7xx-sqz,37.58065219492988,-122.34780123719086
345 LORTON AVE # 201,BURLINGAME,CA,94010-4136,23c@5vg-7xx-sqz,37.58065219492988,-122.34780123719086
345 LORTON AVE #201,BURLINGAME,CA,94010-4136,23c@5vg-7xx-sqz,37.58065219492988,-122.34780123719086
345 LORTON AVE 205,BURLINGAME,CA,94010,237@5vg-7xx-sqz,37.58065219492988,-122.34780123719086
345 LORTON AVE # 302,BURLINGAME,CA,94010-4136,23w@5vg-7xx-sqz,37.58065219492988,-122.34780123719086
345 LORTON AVE # 305,BURLINGAME,CA,94010-4136,23f@5vg-7xx-sqz,37.58065219492988,-122.34780123719086
345 LORTON AVE STE 104,BURLINGAME,CA,94010-4134,23d@5vg-7xx-sqz,37.58065219492988,-122.34780123719086
345 LORTON AVE STE 306,BURLINGAME,CA,94010-4136,25x@5vg-7xx-sqz,37.58065219492988,-122.34780123719086
346 LORTON AVE,BURLINGAME,CA,94010-4104,22b@5vg-7xx-qpv,37.57981513642259,-122.34675053556826
347 CALIFORNIA DR,BURLINGAME,CA,94010-4114,227@5vg-7xx-qpv,37.57981513642259,-122.34675053556826
347 PRIMROSE RD,BURLINGAME,CA,94010-4168,22d@5vg-7xx-qvf,37.57829620913984,-122.34866606140699
347 PRIMROSE RD # B,BURLINGAME,CA,94010-4169,245@5vg-7xx-qvf,37.57829620913984,-122.34866606140699
347 PRIMROSE RD B,BURLINGAME,CA,94010,245@5vg-7xx-qvf,37.57829620913984,-122.34866606140699
347 PRIMROSE RD SUTIE C,BURLINGAME,CA,94010,25t@5vg-7xx-qvf,37.57829620913984,-122.34866606140699
348 LORTON AVE,BURLINGAME,CA,94010-4104,22q@5vg-7xx-qpv,37.57981513642259,-122.34675053556826
350 LANG RD,BURLINGAME,CA,94010-2003,222@5vg-7y2-fvf,37.58740932381882,-122.33717171454389
350 LANG ROAD,BURLINGAME,CA,94010,222@5vg-7y2-fvf,37.58740932381882,-122.33717171454389
350 LORTON AVE,BURLINGAME,CA,94010-4104,22v@5vg-7xx-qpv,37.57981513642259,-122.34675053556826
350 PRIMROSE RD,BURLINGAME,CA,94010-4005,23m@5vg-7xx-qvf,37.57829620913984,-122.34866606140699
355 LEXINGTON WAY,BURLINGAME,CA,94010,22b@5vg-7y3-dsq,37.58589054623288,-122.3390876376617
359 PRIMROSE RD,BURLINGAME,CA,94010-4004,235@5vg-7xx-qvf,37.57829620913984,-122.34866606140699
35 INGOLD RD,BURLINGAME,CA,94010-2206,222@5vg-7xz-g6k,37.59534152451406,-122.37771546956144
360 PRIMROSE RD,BURLINGAME,CA,94010-4005,226@5vg-7xx-qvf,37.57829620913984,-122.34866606140699
361 CALIFORNIA DR,BURLINGAME,CA,94010-4114,22t@5vg-7xx-qpv,37.57981513642259,-122.34675053556826
363 PRIMROSE RD,BURLINGAME,CA,94010-4004,22n@5vg-7xx-qvf,37.57829620913984,-122.34866606140699
370 LANG RD,BURLINGAME,CA,94010,223@5vg-7y2-fvf,37.58740932381882,-122.33717171454389
371 BEACH RD,BURLINGAME,CA,94010,22b@5vg-7y2-fzz,37.587750144611064,-122.33568834054148
371 PRIMROSE RD,BURLINGAME,CA,94010-4004,228@5vg-7xx-qvf,37.57829620913984,-122.34866606140699
373 BEACH RD,BURLINGAME,CA,94010-2005,22q@5vg-7y2-fzz,37.587750144611064,-122.33568834054148
375 BEACH RD,BURLINGAME,CA,94010-2005,224@5vg-7y2-fzz,37.587750144611064,-122.33568834054148
380 LANG RD,BURLINGAME,CA,94010-2003,225@5vg-7y2-f9f,37.58691301579742,-122.33463758256033
380 LANG ROAD,BURLINGAME,CA,94010,225@5vg-7y2-f9f,37.58691301579742,-122.33463758256033
381 BEACH RD,BURLINGAME,CA,94010,222@5vg-7y2-g49,37.58858725304834,-122.33673910827252
381 BEACH ROAD,BURLINGAME,CA,94010,222@5vg-7y2-g49,37.58858725304834,-122.33673910827252
383 BEACH RD,BURLINGAME,CA,94010-2005,22d@5vg-7y2-fzz,37.587750144611064,-122.33568834054148
388 BEACH ROAD,BURLINGAME,CA,94010,229@5vg-7y2-bzf,37.58892807144353,-122.33525571196822
390 LANG RD # A,BURLINGAME,CA,94010-2003,223@5vg-7y2-g8v,37.587068486829,-122.33865506466881
391 BEACH RD,BURLINGAME,CA,94010-2005,22r@5vg-7y2-fzz,37.587750144611064,-122.33568834054148
398 PRIMROSE RD,BURLINGAME,CA,94010-4005,22r@5vg-7xx-qvf,37.57829620913984,-122.34866606140699
398 PRIMROSE RD 1ST FL,BURLINGAME,CA,94010-4005,22r@5vg-7xx-qvf,37.57829620913984,-122.34866606140699
398 PRIMROSE RD UNIT 225,BURLINGAME,CA,94010-4005,0h3eqvrxec@5vg-7xx-rkz,37.579133260421955,-122.34971675011646
399 BEACH RD,BURLINGAME,CA,94010-2005,224@5vg-7y2-fvf,37.58740932381882,-122.33717171454389
3 CALIFORNIA DR,BURLINGAME,CA,94010-4410,223@5vg-7y3-73q,37.577985567110034,-122.3406321695701
3 HOWARD AVENUE,BURLINGAME,CA,94010,225@5vg-7y2-fj9,37.584897917655226,-122.33401947457249
401 CALIFORNIA DR,BURLINGAME,CA,94010-4008,226@5vg-7xx-sqz,37.58065219492988,-122.34780123719086
401 PRIMROSE RD D & E,BURLINGAME,CA,94010,222@5vg-7xx-rkz,37.579133260421955,-122.34971675011646
401 PRIMROSE RD F,BURLINGAME,CA,94010,222@5vg-7xx-rkz,37.579133260421955,-122.34971675011646
401 PRIMROSE RD # H,BURLINGAME,CA,94010-4063,235@5vg-7xx-rkz,37.579133260421955,-122.34971675011646
401 PRIMROSE RD STE A,BURLINGAME,CA,94010-4063,22x@5vg-7xx-rkz,37.579133260421955,-122.34971675011646
401 PRIMROSE RD STE C,BURLINGAME,CA,94010-4063,22y@5vg-7xx-rkz,37.579133260421955,-122.34971675011646
401 PRIMROSE RD STE G,BURLINGAME,CA,94010-4063,234@5vg-7xx-rkz,37.579133260421955,-122.34971675011646
401 PRIMROSE RD STE H,BURLINGAME,CA,94010-4063,235@5vg-7xx-rkz,37.579133260421955,-122.34971675011646
401 PRIMROSE UNIT D & E,BURLINGAME,CA,94010-4063,0d576i3vow@5vg-7xx-rkz,37.579133260421955,-122.34971675011646
405 BEACH RD,BURLINGAME,CA,94010-2019,228@5vg-7y2-fzz,37.587750144611064,-122.33568834054148
405 PRIMROSE RD # 206,BURLINGAME,CA,94010-4022,22n@5vg-7xx-rkz,37.579133260421955,-122.34971675011646
405 PRIMROSE RD # 208,BURLINGAME,CA,94010-4091,23j@5vg-7xx-rkz,37.579133260421955,-122.34971675011646
405 PRIMROSE RD #208,BURLINGAME,CA,94010-4091,23j@5vg-7xx-rkz,37.579133260421955,-122.34971675011646
405 PRIMROSE RD # 214,BURLINGAME,CA,94010-4022,23z@5vg-7xx-rkz,37.579133260421955,-122.34971675011646
405 PRIMROSE RD # 300,BURLINGAME,CA,94010-4014,23f@5vg-7xx-rkz,37.579133260421955,-122.34971675011646
405 PRIMROSE RD # 307,BURLINGAME,CA,94010-4043,24q@5vg-7xx-rkz,37.579133260421955,-122.34971675011646
405 PRIMROSE RD #308,BURLINGAME,CA,94010-4047,23w@5vg-7xx-rkz,37.579133260421955,-122.34971675011646
405 PRIMROSE RD # 309,BURLINGAME,CA,94010-4047,24t@5vg-7xx-rkz,37.579133260421955,-122.34971675011646
405 PRIMROSE RD #317,BURLINGAME,CA,94010-4043,24v@5vg-7xx-rkz,37.579133260421955,-122.34971675011646
405 PRIMROSE RD # 318,BURLINGAME,CA,94010-4043,253@5vg-7xx-rkz,37.579133260421955,-122.34971675011646
405 PRIMROSE RD #318,BURLINGAME,CA,94010-4043,253@5vg-7xx-rkz,37.579133260421955,-122.34971675011646
405 PRIMROSE RD # 324,BURLINGAME,CA,94010-4092,24j@5vg-7xx-rkz,37.579133260421955,-122.34971675011646
405 PRIMROSE RD STE 301,BURLINGAME,CA,94010-4092,23g@5vg-7xx-rkz,37.579133260421955,-122.34971675011646
405 PRIMROSE RD STE 310,BURLINGAME,CA,94010-4092,249@5vg-7xx-rkz,37.579133260421955,-122.34971675011646
405 PRIMROSE RD STE 314,BURLINGAME,CA,94010-4043,24g@5vg-7xx-rkz,37.579133260421955,-122.34971675011646
407 PRIMROSE RD,BURLINGAME,CA,94010-4009,23h@5vg-7xx-rkz,37.579133260421955,-122.34971675011646
40 BRODERICK RD,BURLINGAME,CA,94010-2202,222@5vg-7yq-5fz,37.59750974824858,-122.38235112511713
40 BRODERICK RD APT -A,BURLINGAME,CA,94010-2202,0uqo2ecrqe@5vg-7yq-5fz,37.59750974824858,-122.38235112511713
411 AIRPORT BLVD,BURLINGAME,CA,94010-2001,222@5vg-7y2-mx5,37.59109845609579,-122.3398914699592
411 PRIMROSE RD,BURLINGAME,CA,94010-4009,22j@5vg-7xx-rkz,37.579133260421955,-122.34971675011646
417 CALIFORNIA DR,BURLINGAME,CA,94010-4008,224@5vg-7xx-sqz,37.58065219492988,-122.34780123719086
419 CALIFORNIA DRIVE,BURLINGAME,CA,94010,227@5vg-7xx-sqz,37.58065219492988,-122.34780123719086
41 ARUNDEL RD,BURLINGAME,CA,94010-3023,22r@5vg-7y3-6x5,37.57950440562919,-122.33871643320278
42 ADRIAN CT,BURLINGAME,CA,94010-2101,22g@5vg-7yq-gx5,37.60054811949696,-122.37852110288834
42 PARK RD,BURLINGAME,CA,94010-4404,22b@5vg-7xx-vpv,37.576125823949454,-122.34403095204307
433 AIRPORT BLVD,BURLINGAME,CA,94010-2017,223@5vg-7y2-cnq,37.59026140879131,-122.33884067298193
433 AIRPORT BLVD # 109,BURLINGAME,CA,94010-2037,228@5vg-7y2-cnq,37.59026140879131,-122.33884067298193
433 AIRPORT BLVD # 123,BURLINGAME,CA,94010-2008,223@5vg-7y2-mx5,37.59109845609579,-122.3398914699592
433 AIRPORT BLVD #222,BURLINGAME,CA,94010,22q@5vg-7y2-cnq,37.59026140879131,-122.33884067298193
433 AIRPORT BLVD # 224,BURLINGAME,CA,94010-2011,235@5vg-7y2-cnq,37.59026140879131,-122.33884067298193
433 AIRPORT BLVD #305,BURLINGAME,CA,94010-2010,237@5vg-7y2-cnq,37.59026140879131,-122.33884067298193
433 AIRPORT BLVD # 307,BURLINGAME,CA,94010-2010,238@5vg-7y2-cnq,37.59026140879131,-122.33884067298193
433 AIRPORT BLVD 310/316,BURLINGAME,CA,94010-2010,223@5vg-7y2-cnq,37.59026140879131,-122.33884067298193
433 AIRPORT BLVD # 323,BURLINGAME,CA,94010-2010,239@5vg-7y2-cnq,37.59026140879131,-122.33884067298193
433 AIRPORT BLVD # 404,BURLINGAME,CA,94010-2014,24s@5vg-7y2-cnq,37.59026140879131,-122.33884067298193
433 AIRPORT BLVD #500,BURLINGAME,CA,94010-2016,227@5vg-7y2-cnq,37.59026140879131,-122.33884067298193
433 AIRPORT BLVD STE 103,BURLINGAME,CA,94010-2037,24g@5vg-7y2-cnq,37.59026140879131,-122.33884067298193
433 AIRPORT BLVD STE 121,BURLINGAME,CA,94010-2008,23t@5vg-7y2-cnq,37.59026140879131,-122.33884067298193
433 AIRPORT BLVD STE 125,BURLINGAME,CA,94010-2029,243@5vg-7y2-cnq,37.59026140879131,-122.33884067298193
433 AIRPORT BLVD STE 128,BURLINGAME,CA,94010-2029,23w@5vg-7y2-cnq,37.59026140879131,-122.33884067298193
433 AIRPORT BLVD STE 140,BURLINGAME,CA,94010-2017,0ihugq5ybe@5vg-7y2-cnq,37.59026140879131,-122.33884067298193
433 AIRPORT BLVD STE 1O2,BURLINGAME,CA,94010-2017,0tirxa226u@5vg-7y2-cnq,37.59026140879131,-122.33884067298193
433 AIRPORT BLVD STE 1OO,BURLINGAME,CA,94010-2017,0fffmlxn4a@5vg-7y2-cnq,37.59026140879131,-122.33884067298193
433 AIRPORT BLVD STE 222,BURLINGAME,CA,94010,22q@5vg-7y2-cnq,37.59026140879131,-122.33884067298193
433 AIRPORT BLVD STE 305,BURLINGAME,CA,94010,237@5vg-7y2-cnq,37.59026140879131,-122.33884067298193
"433 AIRPORT BLVD, STE 305",BURLINGAME,CA,94010,237@5vg-7y2-cnq,37.59026140879131,-122.33884067298193
433 AIRPORT BLVD STE 328,BURLINGAME,CA,94010-2053,22v@5vg-7y2-cnq,37.59026140879131,-122.33884067298193
433 AIRPORT BLVD STE 406,BURLINGAME,CA,94010-2014,23f@5vg-7y2-cnq,37.59026140879131,-122.33884067298193
433 AIRPORT BLVD STE 417,BURLINGAME,CA,94010-2014,24c@5vg-7y2-cnq,37.59026140879131,-122.33884067298193
433 AIRPORT BLVD STE 424,BURLINGAME,CA,94010,0qky6re6yk@5vg-7y2-cnq,37.59026140879131,-122.33884067298193
433 AIRPORT BLVD STE 426,BURLINGAME,CA,94010-2014,23h@5vg-7y2-cnq,37.59026140879131,-122.33884067298193
433 AIRPORT BLVD STE 501,BURLINGAME,CA,94010-2016,23p@5vg-7y2-cnq,37.59026140879131,-122.33884067298193
433 AIRPORT BLVD SUITE 331,BURLINGAME,CA,94010,23n@5vg-7y2-cnq,37.59026140879131,-122.33884067298193
433 CHATHAM RD,BURLINGAME,CA,94010,222@5vg-7y3-cqz,37.58334906761282,-122.34545318296854
439 PRIMROSE RD,BURLINGAME,CA,94010-4009,227@5vg-7xx-rkz,37.579133260421955,-122.34971675011646
451 CHATHAM ROAD,BURLINGAME,CA,94010,226@5vg-7y3-dgk,37.584186106394824,-122.34650391857039
469 BLOOMFIELD RD,BURLINGAME,CA,94010-2757,22s@5vg-7y3-92k,37.58570497691512,-122.34458822636635
469 BLOOMFIELD ROAD,BURLINGAME,CA,94010,22s@5vg-7y3-92k,37.58570497691512,-122.34458822636635
470 CHATHAM RD,BURLINGAME,CA,94010-2712,229@5vg-7y3-dgk,37.584186106394824,-122.34650391857039
477 BLOOMFIELD RD,BURLINGAME,CA,94010-2757,225@5vg-7y3-92k,37.58570497691512,-122.34458822636635
477 BLOOMFIELD ROAD,BURLINGAME,CA,94010,225@5vg-7y3-92k,37.58570497691512,-122.34458822636635
480 PRIMROSE RD,BURLINGAME,CA,94010-4083,224@5vg-7xx-qj9,37.57947420651548,-122.34823365478508
483 ROLLINS ROAD,BURLINGAME,CA,94010,22y@5vg-7y3-dvz,37.58672763364263,-122.34013839091496
489 ROLLINS RD,BURLINGAME,CA,94010,22d@5vg-7y3-dqf,37.586386764260816,-122.3416216932809
49 PARK RD,BURLINGAME,CA,94010-4491,229@5vg-7xx-vpv,37.576125823949454,-122.34403095204307
500 AIRPORT BLVD # 100,BURLINGAME,CA,94010-1980,226@5vg-7y2-mrk,37.5907575800971,-122.34137483765278
500 AIRPORT BLVD #101,BURLINGAME,CA,94010-1980,23b@5vg-7y2-mrk,37.5907575800971,-122.34137483765278
500 AIRPORT BLVD # 340,BURLINGAME,CA,94010-1934,229@5vg-7y2-mrk,37.5907575800971,-122.34137483765278
500 AIRPORT BLVD # 365,BURLINGAME,CA,94010-1936,227@5vg-7y2-mrk,37.5907575800971,-122.34137483765278
500 AIRPORT BLVD # 420,BURLINGAME,CA,94010-1941,22z@5vg-7y2-mrk,37.5907575800971,-122.34137483765278
500 ALMER RD #108,BURLINGAME,CA,94010,28j@5vg-7xx-rff,37.578792298143085,-122.35119982156094
500 ALMER ROAD APT 102,BURLINGAME,CA,94010,28f@5vg-7xx-rff,37.578792298143085,-122.35119982156094
500 EL CAMINO REAL # 106,BURLINGAME,CA,94010-5148,276@5vg-7xx-d9z,37.57811032503362,-122.35416589278368
500 EL CAMINO REAL #306,BURLINGAME,CA,94010,23w@5vg-7xx-d9z,37.57811032503362,-122.35416589278368
500 PRIMROSE RD,BURLINGAME,CA,94010-4088,224@5vg-7xx-r49,37.57997029132977,-122.3507674485645
500 PRIMROSE RD # 1,BURLINGAME,CA,94010-4096,0psybny2hu@5vg-7xx-r49,37.57997029132977,-122.3507674485645
500 PRIMROSE RD # 3,BURLINGAME,CA,94010-4096,0gtstqr73l@5vg-7xx-r8v,37.580311251222966,-122.34928435482115
505 CALIFORNIA DR,BURLINGAME,CA,94010-3912,225@5vg-7xx-st9,37.58148923306245,-122.34885194855363
507 CALIFORNIA DR,BURLINGAME,CA,94010-3912,22w@5vg-7xx-st9,37.58148923306245,-122.34885194855363
508 BAYSWATER AVE,BURLINGAME,CA,94010,22p@5vg-7y3-3h5,37.58102321420834,-122.33680061738838
508 PENINSULA AVE APT 1,BURLINGAME,CA,94010-2982,22y@5vg-7y3-3yv,37.580186032152945,-122.33574992577309
50 ADRIAN CT,BURLINGAME,CA,94010-2101,225@5vg-7yq-h3q,37.5990289488237,-122.38043615375912
50 BRODERICK,BURLINGAME,CA,94010,223@5vg-7yq-5fz,37.59750974824858,-122.38235112511713
50 CALIFORNIA DR,BURLINGAME,CA,94010-4494,222@5vg-7y3-73q,37.577985567110034,-122.3406321695701
50 EDWARDS CT,BURLINGAME,CA,94010-2413,222@5vg-7y4-v9f,37.59336001445129,-122.36757994771101
50 INGOLD RD,BURLINGAME,CA,94010-2206,224@5vg-7xz-fvf,37.59651938664453,-122.3772834014731
510 CORBITT DRIVE,BURLINGAME,CA,94010,223@5vg-7y3-d35,37.58586012282911,-122.34860541899872
510 OAK GROVE AVE,BURLINGAME,CA,94010,226@5vg-7y3-94v,37.58654200254521,-122.34563898462164
511 BURLINGAME AVE,BURLINGAME,CA,94010,226@5vg-7y3-5vf,37.58387548230717,-122.33846946749681
512 BURLINGAME AVE,BURLINGAME,CA,94010-2852,22d@5vg-7y3-f4v,37.58471259666737,-122.33952019967836
524 PRIMROSE AVE #206,BURLINGAME,CA,94010,26j@5vg-7xx-r49,37.57997029132977,-122.3507674485645
524 PRIMROSE RD APT # 201,BURLINGAME,CA,94010,0aqk227ssq@5vg-7xx-r49,37.57997029132977,-122.3507674485645
530 EL CAMINO REAL # 304,BURLINGAME,CA,94010-5177,24x@5vg-7xx-d9z,37.57811032503362,-122.35416589278368
530 EL CAMINO REAL APT 110,BURLINGAME,CA,94010-5173,24z@5vg-7xx-d9z,37.57811032503362,-122.35416589278368
533 AIRPORT BLVD,BURLINGAME,CA,94010-2018,229@5vg-7y3-b8v,37.58992054659436,-122.34032404225437
533 AIRPORT BLVD # 127,BURLINGAME,CA,94010-2007,247@5vg-7y3-b8v,37.58992054659436,-122.34032404225437
533 AIRPORT BLVD # 140,BURLINGAME,CA,94010-2069,24x@5vg-7y3-b8v,37.58992054659436,-122.34032404225437
533 AIRPORT BLVD # 216,BURLINGAME,CA,94010-2027,23t@5vg-7y3-b8v,37.58992054659436,-122.34032404225437
533 AIRPORT BLVD # 225,BURLINGAME,CA,94010-2027,23c@5vg-7y3-b8v,37.58992054659436,-122.34032404225437
533 AIRPORT BLVD # 315,BURLINGAME,CA,94010-2041,23q@5vg-7y3-b8v,37.58992054659436,-122.34032404225437
533 AIRPORT BLVD # 355,BURLINGAME,CA,94010-2018,0bba7fn42k@5vg-7y3-b8v,37.58992054659436,-122.34032404225437
533 AIRPORT BLVD # 380,BURLINGAME,CA,94010-2043,24k@5vg-7y3-b8v,37.58992054659436,-122.34032404225437
533 AIRPORT BLVD # 385,BURLINGAME,CA,94010-2043,0zh3xldaaw@5vg-7y3-b8v,37.58992054659436,-122.34032404225437
533 AIRPORT BLVD # 400,BURLINGAME,CA,94010-2028,226@5vg-7y3-b8v,37.58992054659436,-122.34032404225437
533 AIRPORT BLVD #400,BURLINGAME,CA,94010,226@5vg-7y3-b8v,37.58992054659436,-122.34032404225437
533 AIRPORT BLVD 400,BURLINGAME,CA,94010,226@5vg-7y3-b8v,37.58992054659436,-122.34032404225437
533 AIRPORT BLVD # 430,BURLINGAME,CA,94010-2018,0xzc77th7y@5vg-7y3-b8v,37.58992054659436,-122.34032404225437
533 AIRPORT BLVD 4TH FL,BURLINGAME,CA,94010,229@5vg-7y3-b8v,37.58992054659436,-122.34032404225437
533 AIRPORT BLVD # 503,BURLINGAME,CA,94010-2015,225@5vg-7y3-b8v,37.58992054659436,-122.34032404225437
533 AIRPORT BLVD #503,BURLINGAME,CA,94010-2015,225@5vg-7y3-b8v,37.58992054659436,-122.34032404225437
"533 AIRPORT BLVD, #503",BURLINGAME,CA,94010-2015,225@5vg-7y3-b8v,37.58992054659436,-122.34032404225437
533 AIRPORT BLVD #505,BURLINGAME,CA,94010-2015,236@5vg-7y3-b8v,37.58992054659436,-122.34032404225437
533 AIRPORT BLVD # 523,BURLINGAME,CA,94010-2015,232@5vg-7y3-b8v,37.58992054659436,-122.34032404225437
533 AIRPORT BLVD STE 100,BURLINGAME,CA,94010-2007,22y@5vg-7y3-b8v,37.58992054659436,-122.34032404225437
533 AIRPORT BLVD STE 120,BURLINGAME,CA,94010,248@5vg-7y3-b8v,37.58992054659436,-122.34032404225437
533 AIRPORT BLVD STE 135,BURLINGAME,CA,94010-2068,24p@5vg-7y3-b8v,37.58992054659436,-122.34032404225437
533 AIRPORT BLVD STE 200,BURLINGAME,CA,94010-2009,22d@5vg-7y3-b8v,37.58992054659436,-122.34032404225437
"533 AIRPORT BLVD, STE 216",BURLINGAME,CA,94010-2027,23t@5vg-7y3-b8v,37.58992054659436,-122.34032404225437
533 AIRPORT BLVD STE 303,BURLINGAME,CA,94010-2040,22n@5vg-7y3-b8v,37.58992054659436,-122.34032404225437
533 AIRPORT BLVD STE 400,BURLINGAME,CA,94010-2028,226@5vg-7y3-b8v,37.58992054659436,-122.34032404225437
533 AIRPORT BLVD STE 455,BURLINGAME,CA,94010-2018,0ff3piqmtr@5vg-7y3-b8v,37.58992054659436,-122.34032404225437
533 AIRPORT BLVD STE 465,BURLINGAME,CA,94010-2018,0ffhlvxptl@5vg-7y3-b8v,37.58992054659436,-122.34032404225437
533 AIRPORT BLVD STE 500,BURLINGAME,CA,94010-2015,24j@5vg-7y3-b8v,37.58992054659436,-122.34032404225437
533 AIRPORT BLVD STE 525,BURLINGAME,CA,94010-2032,22b@5vg-7y3-b8v,37.58992054659436,-122.34032404225437
533 AIRPORT BLVD SUIT 400,BURLINGAME,CA,94010,226@5vg-7y3-b8v,37.58992054659436,-122.34032404225437
533 AIRPORT BLVD  SUITE 120,BURLINGAME,CA,94010,248@5vg-7y3-b8v,37.58992054659436,-122.34032404225437
533 AIRPORT BLVD SUITE #400,BURLINGAME,CA,94010,226@5vg-7y3-b8v,37.58992054659436,-122.34032404225437
533 AIRPORT BLVD SUITE 400,BURLINGAME,CA,94010,226@5vg-7y3-b8v,37.58992054659436,-122.34032404225437
533 N AIRPORT BLVD # 400,BURLINGAME,CA,94010-2028,226@5vg-7y3-b8v,37.58992054659436,-122.34032404225437
535 ALMER RD # 3,BURLINGAME,CA,94010-7739,24j@5vg-7xx-dgk,37.57845131967995,-122.35268286911717
555 AIRPORT BLVD,BURLINGAME,CA,94010-2000,225@5vg-7y3-b6k,37.58908349271332,-122.33927325660301
565 CRAIG ROAD,BURLINGAME,CA,940106707,224@5vg-7y7-xt9,37.5565322967947,-122.37294213092247
567 AIRPORT BLVD,BURLINGAME,CA,94010-2002,224@5vg-7y3-c5z,37.58923877360981,-122.34329070915213
577 AIRPORT BLVD,BURLINGAME,CA,94010-2020,224@5vg-7y3-9zz,37.588742628120656,-122.3407566035728
577 AIRPORT BLVD STE 100,BURLINGAME,CA,94010-2021,22p@5vg-7y3-9zz,37.588742628120656,-122.3407566035728
600 AIRPORT BLVD,BURLINGAME,CA,94010,222@5vg-7y3-btv,37.590416687901296,-122.34285818146299
604 PENINSULA AVE APT #6,BURLINGAME,CA,94010,24c@5vg-7y3-3yv,37.580186032152945,-122.33574992577309
609 CALIFORNIA DR,BURLINGAME,CA,94010-3730,22b@5vg-7xy-2x5,37.58198527951288,-122.35138578410994
60 BAY VIEW PL,BURLINGAME,CA,94010-1907,222@5vg-7y2-mtv,37.59159459322093,-122.34242564279774
60 BAYVIEW PL,BURLINGAME,CA,94010,222@5vg-7y2-mtv,37.59159459322093,-122.34242564279774
60 EDWARDS CT,BURLINGAME,CA,94010-2413,224@5vg-7y4-kzz,37.59252330961546,-122.36652909352374
615 AIRPORT BLVD,BURLINGAME,CA,94010-1913,222@5vg-7y3-c5z,37.58923877360981,-122.34329070915213
6170 SKYLINE BLVD,BURLINGAME,CA,94010,22g@5vg-7y7-26k,37.56923878743857,-122.3927161182152
632 TRENTON WAY,BURLINGAME,CA,94010,22n@5vg-7y3-975,37.586045878684615,-122.34310497176513
63 LOMA VISTA DR,BURLINGAME,CA,94010,226@5vh-83c-3h5,37.57376322152492,-122.39648708013087
65 CALIFORNIA DR,BURLINGAME,CA,94010-4410,223@5vg-7y8-k2k,37.576807557178824,-122.34106467706087
65 STAR WAY,BURLINGAME,CA,94010,22c@5vg-7y4-pqf,37.588835158558794,-122.36380882637273
6650 GOLF COURSE DR,BURLINGAME,CA,94010,222@5vg-7y7-m8v,37.557678213552926,-122.38202330362454
6 CASTRO COURT,BURLINGAME,CA,94010,22j@5vg-7xz-tgk,37.58622593461934,-122.38920413879048
6 CASTRO CT,BURLINGAME,CA,94010-5824,22j@5vg-7xz-tgk,37.58622593461934,-122.38920413879048
700 AIRPORT BLVD,BURLINGAME,CA,94010-1908,222@5vg-7y5-45f,37.590571826641785,-122.34687559782381
700 AIRPORT BLVD # 110,BURLINGAME,CA,94010-1900,22d@5vg-7y5-45f,37.590571826641785,-122.34687559782381
700 AIRPORT BLVD # 180,BURLINGAME,CA,94010-1981,22t@5vg-7y5-45f,37.590571826641785,-122.34687559782381
700 AIRPORT BLVD # 270,BURLINGAME,CA,94010-1937,237@5vg-7y5-45f,37.590571826641785,-122.34687559782381
700 AIRPORT BLVD 380,BURLINGAME,CA,94010,232@5vg-7y5-45f,37.590571826641785,-122.34687559782381
700 AIRPORT BLVD # 410,BURLINGAME,CA,94010-1900,228@5vg-7y5-45f,37.590571826641785,-122.34687559782381
700 AIRPORT BLVD #420,BURLINGAME,CA,94010-1937,22m@5vg-7y5-45f,37.590571826641785,-122.34687559782381
700 AIRPORT BLVD # 460,BURLINGAME,CA,94010-1945,236@5vg-7y5-45f,37.590571826641785,-122.34687559782381
700 AIRPORT BLVD STE 250,BURLINGAME,CA,94010,22f@5vg-7y5-45f,37.590571826641785,-122.34687559782381
700 AIRPORT BLVD STE 380,BURLINGAME,CA,94010-1931,232@5vg-7y5-45f,37.590571826641785,-122.34687559782381
700 AIRPORT BLVDSTE 410,BURLINGAME,CA,94010,0tocsxaw3d@5vg-7y3-b8v,37.58992054659436,-122.34032404225437
700 AIRPORT BLVD STE 490,BURLINGAME,CA,94010-1945,22c@5vg-7y5-45f,37.590571826641785,-122.34687559782381
"700 AIRPORT BLVD, SUITE 250",BURLINGAME,CA,94010,22f@5vg-7y5-45f,37.590571826641785,-122.34687559782381
700 PENINSULA AVE,BURLINGAME,CA,94010-3010,22q@5vg-7y3-66k,37.57866723080181,-122.33766575448603
706 CAROLAN AVE,BURLINGAME,CA,94010-2711,223@5vg-7xy-2kz,37.58316324820082,-122.35095340049737
708 CAROLAN AVE,BURLINGAME,CA,94010-2711,224@5vg-7xy-2kz,37.58316324820082,-122.35095340049737
709 BAYSWTER AVE,BURLINGAME,CA,94010,073uzbix7z@5vg-7y7-f9f,37.57215666117404,-122.37535772017041
70 STAR WAY,BURLINGAME,CA,94010-2411,22b@5vg-7y4-pqf,37.588835158558794,-122.36380882637273
711 BAYSWATER AVE,BURLINGAME,CA,94010-3036,22b@5vg-7y3-6x5,37.57950440562919,-122.33871643320278
713 CROSSWAY RD,BURLINGAME,CA,94010-3704,22k@5vg-7xx-zfz,37.58164429202011,-122.35286887467394
723 CALIFORNIA DR,BURLINGAME,CA,94010-3703,22d@5vg-7xy-2zf,37.58282226309406,-122.35243651336154
728 LINDEN AVE,BURLINGAME,CA,94010,237@5vg-7xy-2kz,37.58316324820082,-122.35095340049737
732 NEUCHATEL AVE,BURLINGAME,CA,94010,22h@5vg-7xx-zfz,37.58164429202011,-122.35286887467394
733 CALIFORNIA DR,BURLINGAME,CA,94010-3703,223@5vg-7xy-2zf,37.58282226309406,-122.35243651336154
733 NEUCHATEL AVE,BURLINGAME,CA,94010-3706,22r@5vg-7xx-zfz,37.58164429202011,-122.35286887467394
733 NEUCHATEL AVENUE,BURLINGAME,CA,94010,22r@5vg-7xx-zfz,37.58164429202011,-122.35286887467394
734 WALNUT AVENUE,BURLINGAME,CA,94010,223@5vg-7xx-c89,37.577428287195666,-122.35713186844198
734 WINCHESTER DRIVE,BURLINGAME,CA,94010,22n@5vg-7y3-d35,37.58586012282911,-122.34860541899872
743 ACACIA DR,BURLINGAME,CA,94010-3701,22b@5vg-7xx-zpv,37.580962268480654,-122.35583498412653
747 ACACIA DRIVE,BURLINGAME,CA,94010,22m@5vg-7xx-zpv,37.580962268480654,-122.35583498412653
751 CALIFORNIA DR,BURLINGAME,CA,94010-3703,22c@5vg-7xy-2zf,37.58282226309406,-122.35243651336154
751 LINDEN AVE,BURLINGAME,CA,94010-2715,22d@5vg-7xy-2kz,37.58316324820082,-122.35095340049737
765 AIRPORT BLVD,BURLINGAME,CA,94010,22v@5vg-7y5-2hq,37.589889901285005,-122.34984211506469
770 AIRPORT BLVD,BURLINGAME,CA,94010-1912,22b@5vg-7y4-mzf,37.59187320812448,-122.35997812362108
770 AIRPORT BOULEVARD,BURLINGAME,CA,94010,22b@5vg-7y4-mzf,37.59187320812448,-122.35997812362108
775 CALIFORNIA DR,BURLINGAME,CA,94010-3703,228@5vg-7xy-2zf,37.58282226309406,-122.35243651336154
777 CALIFORNIA DR,BURLINGAME,CA,94010-3703,226@5vg-7xy-2zf,37.58282226309406,-122.35243651336154
778 BURLWAY RD STE 100,BURLINGAME,CA,94010-1704,0xd74tawxx@5vg-7y4-t9z,37.59723479794523,-122.364800171703
783 CALIFORNIA DR,BURLINGAME,CA,94010-3703,22b@5vg-7xy-2zf,37.58282226309406,-122.35243651336154
800 AIRPORT BLVD,BURLINGAME,CA,94010-1928,222@5vg-7y5-435,37.59106780959776,-122.34940967694139
800 AIRPORT BLVD # 300,BURLINGAME,CA,94010-1905,22q@5vg-7y5-435,37.59106780959776,-122.34940967694139
800 AIRPORT BLVD # 304,BURLINGAME,CA,94010-1919,22k@5vg-7y5-435,37.59106780959776,-122.34940967694139
800 AIRPORT BLVD #308,BURLINGAME,CA,94010-1919,238@5vg-7y5-435,37.59106780959776,-122.34940967694139
800 AIRPORT BLVD #325,BURLINGAME,CA,94010,22g@5vg-7y5-435,37.59106780959776,-122.34940967694139
800 AIRPORT BLVD # 402,BURLINGAME,CA,94010-1929,22v@5vg-7y5-435,37.59106780959776,-122.34940967694139
800 AIRPORT BLVD # 410,BURLINGAME,CA,94010-1929,22b@5vg-7y5-435,37.59106780959776,-122.34940967694139
800 AIRPORT BLVD # 421,BURLINGAME,CA,94010-1929,22n@5vg-7y5-435,37.59106780959776,-122.34940967694139
800 AIRPORT BLVD #421,BURLINGAME,CA,94010-1929,22n@5vg-7y5-435,37.59106780959776,-122.34940967694139
800 AIRPORT BLVD # 422,BURLINGAME,CA,94010-1929,22p@5vg-7y5-435,37.59106780959776,-122.34940967694139
800 AIRPORT BLVD # 504,BURLINGAME,CA,94010-1930,22h@5vg-7y5-435,37.59106780959776,-122.34940967694139
800 AIRPORT BLVD # 508,BURLINGAME,CA,94010-1930,235@5vg-7y5-435,37.59106780959776,-122.34940967694139
800 AIRPORT BLVD # 518,BURLINGAME,CA,94010-1930,236@5vg-7y5-435,37.59106780959776,-122.34940967694139
800 AIRPORT BLVD STE 301,BURLINGAME,CA,94010-1919,22r@5vg-7y5-435,37.59106780959776,-122.34940967694139
800 AIRPORT BLVD STE 412,BURLINGAME,CA,94010-1929,224@5vg-7y5-435,37.59106780959776,-122.34940967694139
800 AIRPORT BLVD STE 417,BURLINGAME,CA,94010-1929,22m@5vg-7y5-435,37.59106780959776,-122.34940967694139
800 AIRPORT BLVD STE 488,BURLINGAME,CA,94010-1928,04tmk2nhqo@5vg-7y5-435,37.59106780959776,-122.34940967694139
800 WINCHESTER DR,BURLINGAME,CA,94010-2635,22k@5vg-7xx-y5f,37.58669710048017,-122.34965618382404
801 HOWARD AVE,BURLINGAME,CA,94010-3099,22d@5vg-7y3-6zf,37.58034156008395,-122.3397671216658
802 BURLWAY RD,BURLINGAME,CA,94010-1706,22c@5vg-7y4-whq,37.5957157633846,-122.36671553141304
802 LINDEN AVENUE,BURLINGAME,CA,94010,22z@5vg-7xx-wtv,37.58483718183284,-122.35305489139496
808 BURLWAY RD # 1,BURLINGAME,CA,94010-1717,239@5vg-7y4-whq,37.5957157633846,-122.36671553141304
808 BURLWAY RD # 3,BURLINGAME,CA,94010-1710,236@5vg-7y4-whq,37.5957157633846,-122.36671553141304
808 BURLWAY RD # 6,BURLINGAME,CA,94010-1710,23c@5vg-7y4-whq,37.5957157633846,-122.36671553141304
808 BURLWAY RD # 7,BURLINGAME,CA,94010-1710,235@5vg-7y4-whq,37.5957157633846,-122.36671553141304
808 BURLWAY ROAD SUITE 3,BURLINGAME,CA,94010,236@5vg-7y4-whq,37.5957157633846,-122.36671553141304
808 BURLWAY ROAD UNIT 4,BURLINGAME,CA,94010,23g@5vg-7y4-whq,37.5957157633846,-122.36671553141304
809 CALIFORNIA DR,BURLINGAME,CA,94010-3604,22z@5vg-7xx-x3q,37.584155140233065,-122.35602108686308
809 CALIFORNIA DRIVE,BURLINGAME,CA,94010,22z@5vg-7xx-x3q,37.584155140233065,-122.35602108686308
810 MORRELL AVENUE,BURLINGAME,CA,94010,22d@5vg-7xx-yd9,37.586015128403076,-122.3526225194673
810 STANTON RD,BURLINGAME,CA,94010-1404,223@5vg-7y4-tjv,37.600240160864,-122.37048695688215
815 EL CAMINO REAL,BURLINGAME,CA,94010-5087,23g@5vg-7xx-f2k,37.580280180209876,-122.35880099800237
816 PALOMA AVE,BURLINGAME,CA,94010,22g@5vg-7xy-28v,37.58145816081842,-122.35836872588968
819 COWAN RD # A,BURLINGAME,CA,94010-1220,224@5vg-7yq-f4v,37.602749849132806,-122.37363979658471
819 COWAN RD # C,BURLINGAME,CA,94010-1220,226@5vg-7yq-f4v,37.602749849132806,-122.37363979658471
819 COWAN RD C,BURLINGAME,CA,94010,226@5vg-7yq-f4v,37.602749849132806,-122.37363979658471
819 COWAN RD # D,BURLINGAME,CA,94010-1220,22d@5vg-7yq-f4v,37.602749849132806,-122.37363979658471
819 COWAN RD STE E,BURLINGAME,CA,94010-1220,227@5vg-7yq-f4v,37.602749849132806,-122.37363979658471
819 MITTEN RD,BURLINGAME,CA,94010-1323,225@5vg-7yq-hnq,37.60191330676631,-122.37258884029004
819 MITTEN RD #39,BURLINGAME,CA,94010-1323,25h@5vg-7yq-hnq,37.60191330676631,-122.37258884029004
820 STANTON RD,BURLINGAME,CA,94010-9991,228@5vg-7y4-tjv,37.600240160864,-122.37048695688215
820 STANTON RD UNIT A,BURLINGAME,CA,94010-9991,0klxyotcqp@5vg-7y4-tjv,37.600240160864,-122.37048695688215
821 CALIFORNIA,BURLINGAME,CA,94010,22p@5vg-7xx-wzf,37.5833182112059,-122.3549703397308
823 EDGEHILL DR,BURLINGAME,CA,94010,22j@5vg-7xx-wzf,37.5833182112059,-122.3549703397308
824 COWAN RD,BURLINGAME,CA,94010-1205,223@5vg-7yq-cnq,37.60240856278903,-122.37512289650664
824 COWAN RD.,BURLINGAME,CA,94010-1205,223@5vg-7yq-cnq,37.60240856278903,-122.37512289650664
825 MAHLER RD,BURLINGAME,CA,94010-1603,22g@5vg-7y4-rp9,37.59655243466679,-122.36776641800114
826 BURLWAY RD,BURLINGAME,CA,94010-1706,237@5vg-7y4-whq,37.5957157633846,-122.36671553141304
827 CALIFORNIA DR,BURLINGAME,CA,94010-3604,22w@5vg-7xx-x3q,37.584155140233065,-122.35602108686308
827 MALCOLM RD,BURLINGAME,CA,94010-1406,222@5vg-7y4-tjv,37.600240160864,-122.37048695688215
827 MALCOM ROAD,BURLINGAME,CA,94010,0dannfp5pd@5vg-7y7-f9f,37.57215666117404,-122.37535772017041
828 AIRPORT BLVD,BURLINGAME,CA,94010-1911,22g@5vg-7y4-mzf,37.59187320812448,-122.35997812362108
828-C MAHLER RD,BURLINGAME,CA,94010,22f@5vg-7y4-rp9,37.59655243466679,-122.36776641800114
830 BURLWAY RD,BURLINGAME,CA,94010-1706,23f@5vg-7y4-whq,37.5957157633846,-122.36671553141304
831 MITTEN RD STE 100,BURLINGAME,CA,94010-1300,25r@5vg-7yq-hnq,37.60191330676631,-122.37258884029004
831 MITTEN RD STE 202,BURLINGAME,CA,94010-1300,24x@5vg-7yq-hnq,37.60191330676631,-122.37258884029004
831 MITTEN RD STE 216,BURLINGAME,CA,94010-1300,23t@5vg-7yq-hnq,37.60191330676631,-122.37258884029004
832 FAIRFIELD RD,BURLINGAME,CA,94010-3723,22n@5vg-7xy-28v,37.58145816081842,-122.35836872588968
833 MAHLER RD,BURLINGAME,CA,94010-1636,227@5vg-7y4-t7q,37.59773028909631,-122.36733420473264
833 MAHLER RD # 11,BURLINGAME,CA,94010-1609,22c@5vg-7y4-t7q,37.59773028909631,-122.36733420473264
833 MAHLER RD # 12,BURLINGAME,CA,94010-1609,22n@5vg-7y4-t7q,37.59773028909631,-122.36733420473264
833 MAHLER RD # 14,BURLINGAME,CA,94010-1609,228@5vg-7y4-t7q,37.59773028909631,-122.36733420473264
833 MAHLER RD # 9,BURLINGAME,CA,94010-1636,0rq7brjpit@5vg-7y4-t7q,37.59773028909631,-122.36733420473264
833 MAHLER RD #9,BURLINGAME,CA,94010-1636,0rq7brjpit@5vg-7y4-t7q,37.59773028909631,-122.36733420473264
833 MAHLER RD STE 10,BURLINGAME,CA,94010,223@5vg-7y4-t7q,37.59773028909631,-122.36733420473264
833 MAHLER RD STE 2,BURLINGAME,CA,94010,224@5vg-7y4-t7q,37.59773028909631,-122.36733420473264
833 MAHLER RD UNIT 18,BURLINGAME,CA,94010-1609,22p@5vg-7y4-t7q,37.59773028909631,-122.36733420473264
833 MAHLER ROAD SUITE 14,BURLINGAME,CA,94010,228@5vg-7y4-t7q,37.59773028909631,-122.36733420473264
833 MAHLER ROAD UNIT1,BURLINGAME,CA,94010,227@5vg-7y4-t7q,37.59773028909631,-122.36733420473264
835 AIRPORT BLVD,BURLINGAME,CA,94010,22n@5vg-7y5-2hq,37.589889901285005,-122.34984211506469
836 COWAN RD,BURLINGAME,CA,94010-1205,0vaex53mbb@5vg-7y7-f9f,37.57215666117404,-122.37535772017041
837 COWAN RD,BURLINGAME,CA,94010-1204,225@5vg-7yq-hh5,37.601572034224404,-122.37407194182535
839 MITTEN RD STE 200,BURLINGAME,CA,94010-1331,22b@5vg-7yq-hh5,37.601572034224404,-122.37407194182535
840 BURLWAY RD,BURLINGAME,CA,94010-1706,223@5vg-7y4-whq,37.5957157633846,-122.36671553141304
840 EDGEHILL DR,BURLINGAME,CA,94010-3613,228@5vg-7xx-x3q,37.584155140233065,-122.35602108686308
840 HINCKLEY RD,BURLINGAME,CA,94010-1516,222@5vg-7y4-ty9,37.598566933406616,-122.36838511238676
840 HINCKLEY RD # 101,BURLINGAME,CA,94010-1505,22d@5vg-7y4-ty9,37.598566933406616,-122.36838511238676
840 HINCKLEY RD # 107,BURLINGAME,CA,94010-1505,243@5vg-7y4-ty9,37.598566933406616,-122.36838511238676
840 HINCKLEY RD # 125,BURLINGAME,CA,94010-1500,256@5vg-7y4-ty9,37.598566933406616,-122.36838511238676
840 HINCKLEY RD #126,BURLINGAME,CA,94010-1500,255@5vg-7y4-ty9,37.598566933406616,-122.36838511238676
840 HINCKLEY RD # 147,BURLINGAME,CA,94010-1505,23q@5vg-7y4-ty9,37.598566933406616,-122.36838511238676
840 HINCKLEY RD # 150,BURLINGAME,CA,94010-1507,225@5vg-7y4-ty9,37.598566933406616,-122.36838511238676
840 HINCKLEY RD # 230,BURLINGAME,CA,94010-1509,22x@5vg-7y4-ty9,37.598566933406616,-122.36838511238676
840 HINCKLEY RD STE 100,BURLINGAME,CA,94010-1505,23z@5vg-7y4-ty9,37.598566933406616,-122.36838511238676
840 HINCKLEY RD STE 126,BURLINGAME,CA,94010-1500,255@5vg-7y4-ty9,37.598566933406616,-122.36838511238676
840 HINCKLEY RD STE 245,BURLINGAME,CA,94010-1518,224@5vg-7y4-ty9,37.598566933406616,-122.36838511238676
840 HINKLEY RD 233,BURLINGAME,CA,94010,0kyni6dwnp@5vg-7y7-f9f,37.57215666117404,-122.37535772017041
840 MAHLER RD,BURLINGAME,CA,94010-1604,228@5vg-7y4-rp9,37.59655243466679,-122.36776641800114
840 MALCOLM RD # 200,BURLINGAME,CA,94010-1413,228@5vg-7yq-hwk,37.5998989159256,-122.37197006164098
840 STANTON RD,BURLINGAME,CA,94010-1404,227@5vg-7y4-tjv,37.600240160864,-122.37048695688215
841 CALIFORNIA DR # A,BURLINGAME,CA,94010-3604,23y@5vg-7xx-x3q,37.584155140233065,-122.35602108686308
841 CALIFORNIA DR #A,BURLINGAME,CA,94010-3604,23y@5vg-7xx-x3q,37.584155140233065,-122.35602108686308
841 CALIFORNIA DR A,BURLINGAME,CA,94010,22t@5vg-7xx-x3q,37.584155140233065,-122.35602108686308
842 MAHLER ROAD,BURLINGAME,CA,94010,22s@5vg-7y4-rp9,37.59655243466679,-122.36776641800114
842 STANTON RD,BURLINGAME,CA,94010-1404,225@5vg-7y4-tjv,37.600240160864,-122.37048695688215
843 MALCOLM RD,BURLINGAME,CA,94010-1406,226@5vg-7yq-hwk,37.5998989159256,-122.37197006164098
843 STANTON RD,BURLINGAME,CA,94010-1403,224@5vg-7y4-sbk,37.59788448255141,-122.37135130442587
845 HINCKLEY RD,BURLINGAME,CA,94010-1502,229@5vg-7y4-rrk,37.597389085562604,-122.36881731431859
845 MALCOLM RD,BURLINGAME,CA,94010-1409,222@5vg-7yq-hwk,37.5998989159256,-122.37197006164098
847 HINCKLEY RD,BURLINGAME,CA,94010-1502,22c@5vg-7y4-rrk,37.597389085562604,-122.36881731431859
847 ROLLINS RD #3,BURLINGAME,CA,94010,22d@5vg-7xx-y35,37.587193066008176,-122.35219013656717
848 NEWHALL ROAD,BURLINGAME,CA,94010,226@5vg-7xx-pgk,37.57959802721632,-122.36176691629028
850 BULRINGAME AVE,BURLINGAME,CA,94010,0csaewo2re@5vg-7y7-f9f,37.57215666117404,-122.37535772017041
850 BURLINGAME AVE,BURLINGAME,CA,94010-2899,22k@5vg-7y3-4jv,37.5820158078732,-122.3418685278283
850 MAHLER RD,BURLINGAME,CA,94010-1604,22h@5vg-7y4-rp9,37.59655243466679,-122.36776641800114
850 MITTEN RD,BURLINGAME,CA,94010-1304,224@5vg-7yq-hh5,37.601572034224404,-122.37407194182535
850 STANTON RD STE B,BURLINGAME,CA,94010-1414,224@5vg-7y4-tvz,37.59906232619262,-122.37091913613908
851 BURLWAY 519,BURLINGAME,CA,94010,24p@5vg-7y4-wff,37.594879071716605,-122.36566465455482
851 BURLWAY 705,BURLINGAME,CA,94010,238@5vg-7y4-wff,37.594879071716605,-122.36566465455482
851 BURLWAY RD # 103,BURLINGAME,CA,94010-1746,23d@5vg-7y4-wff,37.594879071716605,-122.36566465455482
851 BURLWAY RD # 201,BURLINGAME,CA,94010-1709,233@5vg-7y4-wff,37.594879071716605,-122.36566465455482
851 BURLWAY RD # 206,BURLINGAME,CA,94010-1709,22k@5vg-7y4-wff,37.594879071716605,-122.36566465455482
851 BURLWAY RD # 301,BURLINGAME,CA,94010-1712,253@5vg-7y4-wff,37.594879071716605,-122.36566465455482
851 BURLWAY RD # 309,BURLINGAME,CA,94010-1712,22s@5vg-7y4-wff,37.594879071716605,-122.36566465455482
851 BURLWAY RD #316,BURLINGAME,CA,94010-1725,225@5vg-7y4-wff,37.594879071716605,-122.36566465455482
851 BURLWAY RD #422,BURLINGAME,CA,94010-1713,228@5vg-7y4-wff,37.594879071716605,-122.36566465455482
851 BURLWAY RD # 501,BURLINGAME,CA,94010-1714,22w@5vg-7y4-wff,37.594879071716605,-122.36566465455482
851 BURLWAY RD # 503,BURLINGAME,CA,94010-1714,22j@5vg-7y4-wff,37.594879071716605,-122.36566465455482
851 BURLWAY RD # 523,BURLINGAME,CA,94010-1714,22z@5vg-7y4-wff,37.594879071716605,-122.36566465455482
851 BURLWAY RD # 600,BURLINGAME,CA,94010-1715,22v@5vg-7y4-wff,37.594879071716605,-122.36566465455482
851 BURLWAY RD # 601,BURLINGAME,CA,94010-1715,236@5vg-7y4-wff,37.594879071716605,-122.36566465455482
851 BURLWAY RD # 607,BURLINGAME,CA,94010-1715,23q@5vg-7y4-wff,37.594879071716605,-122.36566465455482
851 BURLWAY RD # 700,BURLINGAME,CA,94010-1707,229@5vg-7y4-wff,37.594879071716605,-122.36566465455482
851 BURLWAY RD #700,BURLINGAME,CA,94010-1707,229@5vg-7y4-wff,37.594879071716605,-122.36566465455482
851 BURLWAY RD # 706,BURLINGAME,CA,94010-1716,24v@5vg-7y4-wff,37.594879071716605,-122.36566465455482
851 BURLWAY RD #706,BURLINGAME,CA,94010-1716,24v@5vg-7y4-wff,37.594879071716605,-122.36566465455482
851 BURLWAY RD # 710,BURLINGAME,CA,94010-1716,22y@5vg-7y4-wff,37.594879071716605,-122.36566465455482
851 BURLWAY RD # 711,BURLINGAME,CA,94010-1716,23m@5vg-7y4-wff,37.594879071716605,-122.36566465455482
851 BURLWAY RD # 900,BURLINGAME,CA,94010-1722,23w@5vg-7y4-wff,37.594879071716605,-122.36566465455482
851 BURLWAY RD STE 316,BURLINGAME,CA,94010-1725,225@5vg-7y4-wff,37.594879071716605,-122.36566465455482
851 BURLWAY RD STE 413,BURLINGAME,CA,94010-1713,23h@5vg-7y4-wff,37.594879071716605,-122.36566465455482
851 BURLWAY RD STE 523,BURLINGAME,CA,94010-1714,22z@5vg-7y4-wff,37.594879071716605,-122.36566465455482
851 BURLWAY RD STE 728,BURLINGAME,CA,94010-1716,22g@5vg-7y4-wff,37.594879071716605,-122.36566465455482
851 BURLWAY RD STE 800,BURLINGAME,CA,94010-1722,22m@5vg-7y4-wff,37.594879071716605,-122.36566465455482
"851 BURLWAY RD, STE 900",BURLINGAME,CA,94010-1722,23w@5vg-7y4-wff,37.594879071716605,-122.36566465455482
851 BURLWAY ROAD STE 710,BURLINGAME,CA,94010,22y@5vg-7y4-wff,37.594879071716605,-122.36566465455482
851 BURLWAY ROAD SUITE 210,BURLINGAME,CA,94010,0slk3pq45f@5vg-7y4-wff,37.594879071716605,-122.36566465455482
851 CALIFORNIA DR,BURLINGAME,CA,94010-3604,223@5vg-7xx-x3q,37.584155140233065,-122.35602108686308
851 CALIFORNIA DR STE A,BURLINGAME,CA,94010-3604,0hys456me7@5vg-7xx-x3q,37.584155140233065,-122.35602108686308
851 CALIFORNIA DR STE D,BURLINGAME,CA,94010-3604,0m6llm2eoa@5vg-7xx-x3q,37.584155140233065,-122.35602108686308
851 CALIFORNIA DR UNIT B,BURLINGAME,CA,94010-3604,22c@5vg-7xx-x3q,37.584155140233065,-122.35602108686308
851 HINCKLEY RD,BURLINGAME,CA,94010-1502,226@5vg-7y4-rrk,37.597389085562604,-122.36881731431859
855 HINCKLEY RD,BURLINGAME,CA,94010,222@5vg-7y4-rrk,37.597389085562604,-122.36881731431859
855 MAHLER RD,BURLINGAME,CA,94010-1603,22j@5vg-7y4-rp9,37.59655243466679,-122.36776641800114
855 STANTON,BURLINGAME,CA,94010,226@5vg-7y4-sbk,37.59788448255141,-122.37135130442587
855 STANTON RD,BURLINGAME,CA,94010-1403,226@5vg-7y4-sbk,37.59788448255141,-122.37135130442587
855 STANTON RD #200,BURLINGAME,CA,94010-1403,0vzh2tjx5d@5vg-7y4-sbk,37.59788448255141,-122.37135130442587
855 STANTON RD STE 300,BURLINGAME,CA,94010,225@5vg-7y4-sbk,37.59788448255141,-122.37135130442587
855 STANTON ROAD STE 100,BURLINGAME,CA,94010,06qc5fszhu@5vg-7y4-sbk,37.59788448255141,-122.37135130442587
858 STANTON RD,BURLINGAME,CA,94010-1404,226@5vg-7y4-tjv,37.600240160864,-122.37048695688215
859 CALIFORNIA DR,BURLINGAME,CA,94010-3604,23m@5vg-7xx-x3q,37.584155140233065,-122.35602108686308
859 COWAN RD # 1F,BURLINGAME,CA,94010-1221,0mzghj4mdr@5vg-7yq-cyv,37.60123074549817,-122.37555501943777
859 COWAN RD 1ST FL,BURLINGAME,CA,94010,225@5vg-7yq-cyv,37.60123074549817,-122.37555501943777
859 COWAN RD #200,BURLINGAME,CA,94010-1221,0zrzhoinnb@5vg-7yq-cyv,37.60123074549817,-122.37555501943777
859 HINCKLEY RD,BURLINGAME,CA,94010-1502,228@5vg-7y4-rrk,37.597389085562604,-122.36881731431859
85 CALIFORNIA DR,BURLINGAME,CA,94010-4410,222@5vg-7xx-vj9,37.57764471097861,-122.34211534129776
860 MAHLER RD,BURLINGAME,CA,94010-1604,22n@5vg-7y4-rp9,37.59655243466679,-122.36776641800114
860 STANTON RD,BURLINGAME,CA,94010-1404,22b@5vg-7y4-tjv,37.600240160864,-122.37048695688215
863 MALCOLM RD,BURLINGAME,CA,94010-1406,222@5vg-7y4-sdv,37.598721078871165,-122.37240221858966
863 MITTEN RD,BURLINGAME,CA,94010-1307,222@5vg-7yq-hdv,37.60073548526973,-122.37302099686995
865 BURLWAY RD,BURLINGAME,CA,94010-1705,222@5vg-7y4-wtv,37.59453789340162,-122.36714774504716
865 HINCKLEY RD,BURLINGAME,CA,94010-1502,223@5vg-7y4-rrk,37.597389085562604,-122.36881731431859
867 CALIFORNIA DR,BURLINGAME,CA,94010-3604,22d@5vg-7xx-x3q,37.584155140233065,-122.35602108686308
868 BURLWAY RD,BURLINGAME,CA,94010-1706,238@5vg-7y4-whq,37.5957157633846,-122.36671553141304
868 COWAN RD,BURLINGAME,CA,94010-1205,222@5vg-7yq-ch5,37.602067260261066,-122.37660597250414
870 MAHLER RD,BURLINGAME,CA,94010-1604,225@5vg-7y4-rp9,37.59655243466679,-122.36776641800114
875 COWAN RD # A,BURLINGAME,CA,94010-1229,23c@5vg-7yq-cyv,37.60123074549817,-122.37555501943777
875 COWAN RD STE C,BURLINGAME,CA,94010-1229,23m@5vg-7yq-cyv,37.60123074549817,-122.37555501943777
875 STANTON RD,BURLINGAME,CA,94010-1403,222@5vg-7y4-tsq,37.59822571607143,-122.36986822036474
877 COWAN RD STE C,BURLINGAME,CA,94010-1231,248@5vg-7yq-cyv,37.60123074549817,-122.37555501943777
877 MAHLER RD,BURLINGAME,CA,94010-1603,25t@5vg-7y4-rp9,37.59655243466679,-122.36776641800114
877 MAHLER RD #118,BURLINGAME,CA,94010-1639,0tcrgb2qpx@5vg-7y4-rp9,37.59655243466679,-122.36776641800114
877 MAHLER RD #151,BURLINGAME,CA,94010-1642,06h6ijfoiw@5vg-7y4-rp9,37.59655243466679,-122.36776641800114
877 MAHLER RD 2ND FL,BURLINGAME,CA,94010,25t@5vg-7y4-rp9,37.59655243466679,-122.36776641800114
877 MAHLER RD STE 105,BURLINGAME,CA,94010-1639,0og6sjxpv7@5vg-7y4-rzf,37.595374571268465,-122.36819862029922
877 MAHLER RD STE 126,BURLINGAME,CA,94010-1640,04yf4a6q4e@5vg-7y4-rp9,37.59655243466679,-122.36776641800114
877 MAHLER RD STE 155,BURLINGAME,CA,94010-1640,0ax5buczvq@5vg-7y4-rzf,37.595374571268465,-122.36819862029922
877 MAHLER RD STE 160,BURLINGAME,CA,94010-1640,0tjn57rbh6@5vg-7y4-rp9,37.59655243466679,-122.36776641800114
877 MAHLER RD STE 162,BURLINGAME,CA,94010-1640,0huftu54if@5vg-7y4-rp9,37.59655243466679,-122.36776641800114
877 MAHLER RD STE 175,BURLINGAME,CA,94010-1603,03exltige7@5vg-7y4-rp9,37.59655243466679,-122.36776641800114
877 MALCOLM RD,BURLINGAME,CA,94010-1406,225@5vg-7y4-sdv,37.598721078871165,-122.37240221858966
880 MITTEN RD # 102,BURLINGAME,CA,94010-1309,229@5vg-7yq-ht9,37.60039421034516,-122.37450407609616
880 MITTEN RD # 105,BURLINGAME,CA,94010-1309,22c@5vg-7yq-ht9,37.60039421034516,-122.37450407609616
880 MITTEN RD STE 107,BURLINGAME,CA,94010-1309,22x@5vg-7yq-ht9,37.60039421034516,-122.37450407609616
880 MITTEN RD STE 110,BURLINGAME,CA,94010-1309,226@5vg-7yq-ht9,37.60039421034516,-122.37450407609616
880 MITTEN ROAD SUITE 105,BURLINGAME,CA,94010,22c@5vg-7yq-ht9,37.60039421034516,-122.37450407609616
880 STANTON RD,BURLINGAME,CA,94010-1404,2cx@5vg-7y4-tjv,37.600240160864,-122.37048695688215
881 CALIFORNIA DR,BURLINGAME,CA,94010,225@5vg-7xx-xt9,37.58499204888227,-122.35707184373047
887 MITTEN RD # 200,BURLINGAME,CA,94010-1303,22b@5vg-7yq-ht9,37.60039421034516,-122.37450407609616
888 HINCKLEY RD,BURLINGAME,CA,94010-1503,225@5vg-7y4-rrk,37.597389085562604,-122.36881731431859
888 MAHLER RD,BURLINGAME,CA,94010-1604,23n@5vg-7y4-rp9,37.59655243466679,-122.36776641800114
890-C MAHLER ROAD,BURLINGAME,CA,94010,22d@5vg-7y4-rp9,37.59655243466679,-122.36776641800114
890 COWAN RD,BURLINGAME,CA,94010-1226,222@5vg-7yq-ct9,37.60088944058866,-122.3770380731259
890 COWAN RD # I,BURLINGAME,CA,94010-1208,228@5vg-7yq-ct9,37.60088944058866,-122.3770380731259
890 COWAN RD STE B,BURLINGAME,CA,94010-1208,223@5vg-7yq-ct9,37.60088944058866,-122.3770380731259
890 COWAN RD STE C,BURLINGAME,CA,94010-1208,227@5vg-7yq-ct9,37.60088944058866,-122.3770380731259
890 COWAN RD STE G,BURLINGAME,CA,94010,225@5vg-7yq-ct9,37.60088944058866,-122.3770380731259
890 COWAN ROAD SUITE C,BURLINGAME,CA,94010,227@5vg-7yq-ct9,37.60088944058866,-122.3770380731259
890 MAHLER RD,BURLINGAME,CA,94010-1604,22d@5vg-7y4-rp9,37.59655243466679,-122.36776641800114
890 MAHLER RD # C,BURLINGAME,CA,94010-1604,254@5vg-7y4-rp9,37.59655243466679,-122.36776641800114
891 CALIFORNIA DR,BURLINGAME,CA,94010-3604,22y@5vg-7xx-x3q,37.584155140233065,-122.35602108686308
895 MITTEN RD,BURLINGAME,CA,94010-1303,224@5vg-7yq-ht9,37.60039421034516,-122.37450407609616
897 HINCKLEY RD,BURLINGAME,CA,94010,222@5vg-7y4-rkz,37.597047865843955,-122.37030039998913
899 STANTON RD,BURLINGAME,CA,94010-1403,0b2qluty6w@5vg-7y4-sbk,37.59788448255141,-122.37135130442587
900 PENINSULA AVE,BURLINGAME,CA,94010-3083,227@5vg-7y3-789,37.578326407051456,-122.33914897396572
903 CALIFORNIA DR,BURLINGAME,CA,94010-3605,229@5vg-7xx-xnq,37.58465099000491,-122.35855490402543
909 CALIFORNIA DR,BURLINGAME,CA,94010-3605,22q@5vg-7xx-xnq,37.58465099000491,-122.35855490402543
90 EL CAMINO REAL,BURLINGAME,CA,94010-5223,23d@5vg-7xx-t35,37.57544402597251,-122.34699713150732
917 CALIFORNIA DR,BURLINGAME,CA,94010-3605,22n@5vg-7xx-xnq,37.58465099000491,-122.35855490402543
921 CHULA VISTA AVE,BURLINGAME,CA,94010,22k@5vg-7xy-26k,37.58381409515573,-122.35750414875409
921 LARKSPUR DRIVE,BURLINGAME,CA,94010,225@5vg-7xx-wx5,37.58567411808243,-122.35410565145001
922 CAPUCHINO AVE,BURLINGAME,CA,94010,22c@5vg-7xx-kzz,37.58313195645147,-122.360470200843
925 BAYSWATER AVE,BURLINGAME,CA,94010-3002,22d@5vg-7y3-789,37.578326407051456,-122.33914897396572
930 OAKGROVE AVE,BURLINGAME,CA,94010,224@5vg-7xy-2rk,37.58350421712059,-122.34947026374319
931 CAPUCHINO AVE,BURLINGAME,CA,94010-3647,22d@5vg-7xx-pd9,37.581953988998535,-122.36090245029463
935 PARK AVE,BURLINGAME,CA,94010-2628,225@5vg-7xy-2p9,37.584000225205436,-122.35200414107723
935 PARK AVENUE,BURLINGAME,CA,94010,225@5vg-7xy-2p9,37.584000225205436,-122.35200414107723
936 OAK GROVE AVE,BURLINGAME,CA,94010-2730,224@5vg-7y3-d9z,37.583845169852275,-122.34798710310041
948 HOWARD AVE,BURLINGAME,CA,94010-3009,223@5vg-7xx-s89,37.57965984119205,-122.34273353043557
975 ROLLINS RD,BURLINGAME,CA,94010-2604,228@5vg-7xx-z2k,37.58734792944569,-122.35620720076976
977 EL CAMINO REAL APT 305,BURLINGAME,CA,94010-5094,23g@5vg-7xx-pn5,37.5799391118029,-122.36028396909555
980 DAVID RD B,BURLINGAME,CA,94010,22c@5vg-7y4-w8v,37.59351426135554,-122.37159687304447
980 DAVID RD # G,BURLINGAME,CA,94010-2112,228@5vg-7y4-w8v,37.59351426135554,-122.37159687304447
980 DAVID RD STE A,BURLINGAME,CA,94010-2112,225@5vg-7y4-w8v,37.59351426135554,-122.37159687304447
980 DAVID RD STE C,BURLINGAME,CA,94010-2112,224@5vg-7y4-w8v,37.59351426135554,-122.37159687304447
980 DAVID ROAD SUITE G,BURLINGAME,CA,94010,228@5vg-7y4-w8v,37.59351426135554,-122.37159687304447
988 HOWARD AVE STE 200,BURLINGAME,CA,94010-8019,22m@5vg-7xx-s89,37.57965984119205,-122.34273353043557
990 BURLINGAME AVE,BURLINGAME,CA,94010,222@5vg-7y3-cnq,37.58251200845507,-122.34440245710901
PO BOX 1032,BURLINGAME,CA,940111032,0n4srtfwuu@5vg-7xz-3kf,37.594471257421816,-122.38618082929747
PO BOX 1037,BURLINGAME,CA,94011,0n4srtfwuu@5vg-7xz-3kf,37.594471257421816,-122.38618082929747
PO BOX 1044,BURLINGAME,CA,94011-1578,0n4srtfwuu@5vg-7xz-3kf,37.594471257421816,-122.38618082929747
P O BOX 1064,BURLINGAME,CA,94011,0n4srtfwuu@5vg-7xz-3kf,37.594471257421816,-122.38618082929747
P O BOX 1135,BURLINGAME,CA,94011,0n4srtfwuu@5vg-7xz-3kf,37.594471257421816,-122.38618082929747
PO BOX 117085,BURLINGAME,CA,94011,0n4srtfwuu@5vg-7xz-3kf,37.594471257421816,-122.38618082929747
P O BOX 117212,BURLINGAME,CA,94011,0n4srtfwuu@5vg-7xz-3kf,37.594471257421816,-122.38618082929747
P O BOX 117340,BURLINGAME,CA,94011,0n4srtfwuu@5vg-7xz-3kf,37.594471257421816,-122.38618082929747
PO BOX 117343,BURLINGAME,CA,94011,0n4srtfwuu@5vg-7xz-3kf,37.594471257421816,-122.38618082929747
P O BOX 117459,BURLINGAME,CA,94011,0n4srtfwuu@5vg-7xz-3kf,37.594471257421816,-122.38618082929747
PO BOX 117478,BURLINGAME,CA,94011-7850,0n4srtfwuu@5vg-7xz-3kf,37.594471257421816,-122.38618082929747
P O BOX 117504,BURLINGAME,CA,94011,0n4srtfwuu@5vg-7xz-3kf,37.594471257421816,-122.38618082929747
P O BOX 117531,BURLINGAME,CA,94010,0n4srtfwuu@5vg-7xz-3kf,37.594471257421816,-122.38618082929747
P O BOX 117674,BURLINGAME,CA,94011,0n4srtfwuu@5vg-7xz-3kf,37.594471257421816,-122.38618082929747
PO BOX 117906,BURLINGAME,CA,94011,0n4srtfwuu@5vg-7xz-3kf,37.594471257421816,-122.38618082929747
PO BOX 117909,BURLINGAME,CA,94011,0n4srtfwuu@5vg-7xz-3kf,37.594471257421816,-122.38618082929747
P O BOX 1183,BURLINGAME,CA,94011,0n4srtfwuu@5vg-7xz-3kf,37.594471257421816,-122.38618082929747
P O BOX 121,BURLINGAME,CA,94011,0n4srtfwuu@5vg-7xz-3kf,37.594471257421816,-122.38618082929747
P O BOX 1321,BURLINGAME,CA,94011,0n4srtfwuu@5vg-7xz-3kf,37.594471257421816,-122.38618082929747
P O BOX 1361534 PLAZA LANE,BURLINGAME,CA,94010,0cbl6qynkh@5vg-7y7-f9f,37.57215666117404,-122.37535772017041
P O BOX 1367,BURLINGAME,CA,940111367,0n4srtfwuu@5vg-7xz-3kf,37.594471257421816,-122.38618082929747
PO BOX 1396,BURLINGAME,CA,940111396,0n4srtfwuu@5vg-7xz-3kf,37.594471257421816,-122.38618082929747
P O BOX 141,BURLINGAME,CA,94011,0n4srtfwuu@5vg-7xz-3kf,37.594471257421816,-122.38618082929747
P O BOX 1413,BURLINGAME,CA,94011,0n4srtfwuu@5vg-7xz-3kf,37.594471257421816,-122.38618082929747
P O BOX 1492,BURLINGAME,CA,94010,0n4srtfwuu@5vg-7xz-3kf,37.594471257421816,-122.38618082929747
P O BOX 1541,BURLINGAME,CA,94011,0n4srtfwuu@5vg-7xz-3kf,37.594471257421816,-122.38618082929747
PO BOX 1574,BURLINGAME,CA,94011-1578,0n4srtfwuu@5vg-7xz-3kf,37.594471257421816,-122.38618082929747
P O BOX 1611,BURLINGAME,CA,94011,0n4srtfwuu@5vg-7xz-3kf,37.594471257421816,-122.38618082929747
PO BOX 1611,BURLINGAME,CA,94011-2098,0n4srtfwuu@5vg-7xz-3kf,37.594471257421816,-122.38618082929747
PO BOX 1614,BURLINGAME,CA,94011,0n4srtfwuu@5vg-7xz-3kf,37.594471257421816,-122.38618082929747
PO BOX 1617,BURLINGAME,CA,94010,0n4srtfwuu@5vg-7xz-3kf,37.594471257421816,-122.38618082929747
PO BOX 1623,BURLINGAME,CA,94011,0n4srtfwuu@5vg-7xz-3kf,37.594471257421816,-122.38618082929747
P O BOX 1646,BURLINGAME,CA,940111646,0n4srtfwuu@5vg-7xz-3kf,37.594471257421816,-122.38618082929747
P O BOX 1652,BURLINGAME,CA,94011,0n4srtfwuu@5vg-7xz-3kf,37.594471257421816,-122.38618082929747
P O BOX 1656,BURLINGAME,CA,94011,0n4srtfwuu@5vg-7xz-3kf,37.594471257421816,-122.38618082929747
PO BOX 1664,BURLINGAME,CA,94011,0n4srtfwuu@5vg-7xz-3kf,37.594471257421816,-122.38618082929747
PO BOX 1671,BURLINGAME,CA,94011,0n4srtfwuu@5vg-7xz-3kf,37.594471257421816,-122.38618082929747
P O BOX 1691,BURLINGAME,CA,940111278,0n4srtfwuu@5vg-7xz-3kf,37.594471257421816,-122.38618082929747
P O BOX 1729,BURLINGAME,CA,94011,0n4srtfwuu@5vg-7xz-3kf,37.594471257421816,-122.38618082929747
PO BOX 1752,BURLINGAME,CA,94011,0n4srtfwuu@5vg-7xz-3kf,37.594471257421816,-122.38618082929747
P O BOX 1772,BURLINGAME,CA,94011,0n4srtfwuu@5vg-7xz-3kf,37.594471257421816,-122.38618082929747
P O BOX 178,BURLINGAME,CA,94010,0n4srtfwuu@5vg-7xz-3kf,37.594471257421816,-122.38618082929747
PO BOX 178,BURLINGAME,CA,94011-0209,0n4srtfwuu@5vg-7xz-3kf,37.594471257421816,-122.38618082929747
P O BOX 1793,BURLINGAME,CA,940111793,0n4srtfwuu@5vg-7xz-3kf,37.594471257421816,-122.38618082929747
PO BOX 1821,BURLINGAME,CA,94011,0n4srtfwuu@5vg-7xz-3kf,37.594471257421816,-122.38618082929747
P O BOX 1845,BURLINGAME,CA,94011,0n4srtfwuu@5vg-7xz-3kf,37.594471257421816,-122.38618082929747
PO BOX 1963,BURLINGAME,CA,94011-2098,0n4srtfwuu@5vg-7xz-3kf,37.594471257421816,-122.38618082929747
P O BOX 2024,BURLINGAME,CA,94011,0n4srtfwuu@5vg-7xz-3kf,37.594471257421816,-122.38618082929747
PO BOX 2094,BURLINGAME,CA,94011,0n4srtfwuu@5vg-7xz-3kf,37.594471257421816,-122.38618082929747
PO BOX 242,BURLINGAME,CA,94011,0n4srtfwuu@5vg-7xz-3kf,37.594471257421816,-122.38618082929747
P O BOX 33,BURLINGAME,CA,94011,0n4srtfwuu@5vg-7xz-3kf,37.594471257421816,-122.38618082929747
P O BOX 4043,BURLINGAME,CA,94010,0n4srtfwuu@5vg-7xz-3kf,37.594471257421816,-122.38618082929747
P O BOX 4085,BURLINGAME,CA,94011,0n4srtfwuu@5vg-7xz-3kf,37.594471257421816,-122.38618082929747
P O BOX 4344,BURLINGAME,CA,94011,0n4srtfwuu@5vg-7xz-3kf,37.594471257421816,-122.38618082929747
PO BOX 468,BURLINGAME,CA,94011-0469,0n4srtfwuu@5vg-7xz-3kf,37.594471257421816,-122.38618082929747
P O BOX 505,BURLINGAME,CA,94011,0n4srtfwuu@5vg-7xz-3kf,37.594471257421816,-122.38618082929747
PO BOX 711,BURLINGAME,CA,94011-0711,0n4srtfwuu@5vg-7xz-3kf,37.594471257421816,-122.38618082929747
P O BOX 808,BURLINGAME,CA,94011,0n4srtfwuu@5vg-7xz-3kf,37.594471257421816,-122.38618082929747
PO BOX 808,BURLINGAME,CA,94011-0700,0n4srtfwuu@5vg-7xz-3kf,37.594471257421816,-122.38618082929747
PO BOX 816,BURLINGAME,CA,94011-0710,0n4srtfwuu@5vg-7xz-3kf,37.594471257421816,-122.38618082929747
P O BOX 97,BURLINGAME,CA,94011,0n4srtfwuu@5vg-7xz-3kf,37.594471257421816,-122.38618082929747
120 W SANTA INEZ AVE,HILLSBOROUGH,CA,94010-6859,227@5vg-7y8-brk,37.56707191959812,-122.33649108823596
1250 ARMSBY DRIVE,HILLSBOROUGH,CA,94010,226@5vg-7y2-47q,37.57872917961692,-122.37023200379618
1790 FOREST VIEW AVE,HILLSBOROUGH,CA,94010-6377,223@5vg-7xx-nbk,37.57807892974549,-122.3636820338309
252 EL CERRITO AVE,HILLSBOROUGH,CA,94010,224@5vg-7y9-cyv,37.56353761031802,-122.33778861698055
501 EL CERRITO AVE,HILLSBOROUGH,CA,94010-6821,224@5vg-7y9-bzf,37.56049974878163,-122.34161947393017
5 HEATHER PL,HILLSBOROUGH,CA,94010-7213,223@5vh-7xh-gtv,37.54177385172166,-122.36206522641287
80 NEW PLACE RD,HILLSBOROUGH,CA,94010,222@5vg-7y7-7yv,37.568654633808194,-122.36713919298869
903 TOURNAMENT DR,HILLSBOROUGH,CA,94010-7427,223@5vh-7y9-ndv,37.5455529944995,-122.33624317007332
903 TOURNAMENT DRIVE,HILLSBOROUGH,CA,94010,223@5vh-7y9-ndv,37.5455529944995,-122.33624317007332
1008 CRESTVIEW DR,MILLBRAE,CA,94030,22f@5vg-7yk-kcq,37.59770998322385,-122.41892979939337
101 N ROLLINS RD,MILLBRAE,CA,94030,0ud7gw7qgd@5vg-7yk-wzf,37.600290808045884,-122.40305305231347
102 S EL CAMINO REAL,MILLBRAE,CA,94030-3121,224@5vg-7yq-3wk,37.59766342843671,-122.38636784856733
103 EL CAMINO REAL,MILLBRAE,CA,94030-2605,225@5vg-7yp-zfz,37.59933625753413,-122.38846971903814
1055 EL CAMINO REAL,MILLBRAE,CA,94030-2013,229@5vg-7yq-6x5,37.606862979030936,-122.39792861700714
1085 EL CAMINO REAL,MILLBRAE,CA,94030-2013,22b@5vg-7yq-6x5,37.606862979030936,-122.39792861700714
108 PARK PL,MILLBRAE,CA,94030-1235,223@5vg-7yd-fmk,37.613893677756124,-122.40485432989975
10 EL CAMINO REAL,MILLBRAE,CA,94030,224@5vg-7yp-zcq,37.59849985318079,-122.3874187789447
1100 EL CAMINO REAL,MILLBRAE,CA,94030-2015,224@5vg-7yq-8n5,37.60838230321863,-122.39601389383218
110 S EL CAMINO REAL,MILLBRAE,CA,94030-3121,222@5vg-7yq-3wk,37.59766342843671,-122.38636784856733
1180 EL CAMINO REAL,MILLBRAE,CA,94030-2015,223@5vg-7yq-6zf,37.607699179443465,-122.39897965422969
121 EL CAMINO REAL,MILLBRAE,CA,94030-2605,224@5vg-7yp-zfz,37.59933625753413,-122.38846971903814
1241 SLEEPY HOLLOW LANE,MILLBRAE,CA,94030,227@5vg-7yk-jgk,37.59839351862542,-122.41596483711898
1241 SLEEPY HOLLOW LN,MILLBRAE,CA,94030-1528,227@5vg-7yk-jgk,37.59839351862542,-122.41596483711898
1242 MILLBRAE AVE,MILLBRAE,CA,94030,222@5vg-7ym-dy9,37.59003164704659,-122.40545563352829
1320 EL CAMINO REAL,MILLBRAE,CA,94030,22b@5vg-7yd-hkf,37.609371519075616,-122.40108175780341
1335 EL CAMINO REAL,MILLBRAE,CA,94030,25d@5vg-7yd-hkf,37.609371519075616,-122.40108175780341
133 EL CAMINO REAL,MILLBRAE,CA,94030-2605,223@5vg-7yp-zfz,37.59933625753413,-122.38846971903814
"135 S EL CAMINO REAL, # 105",MILLBRAE,CA,94030-3122,0wqjocithq@5vg-7yq-3nq,37.596485576566586,-122.38679979340314
1366 EL CAMINO REAL,MILLBRAE,CA,94030,224@5vg-7yd-hkf,37.609371519075616,-122.40108175780341
1375 EL CAMINO REAL,MILLBRAE,CA,94030-1410,227@5vg-7yd-hkf,37.609371519075616,-122.40108175780341
1390 EL CAMINO REAL,MILLBRAE,CA,94030-1411,22c@5vg-7yd-hkf,37.609371519075616,-122.40108175780341
"1395 EL CAMINO REAL, UNIT B",MILLBRAE,CA,94030-1473,244@5vg-7yd-f2k,37.61020765829401,-122.40213282415345
150 EL CAMINO REAL,MILLBRAE,CA,94030-2606,06ci77hun4@5vg-7yk-wzf,37.600290808045884,-122.40305305231347
151 EL CAMINO REAL #426,MILLBRAE,CA,94030-2657,26q@5vg-7yq-26k,37.600172641496144,-122.38952066884707
151 EL CAMINO REAL UNIT 426,MILLBRAE,CA,94030,26q@5vg-7yq-26k,37.600172641496144,-122.38952066884707
1567 EL CAMINO REAL,MILLBRAE,CA,94030-1213,0r2a2cqa47@5vg-7yd-dqf,37.61138540229465,-122.40170103855003
161 N ROLLINS RD,MILLBRAE,CA,94030,0y6ykftc4y@5vg-7yq-2c5,37.60153832749452,-122.3835889935341
1625 EL CAMINO REAL,MILLBRAE,CA,94030-1214,0lbs6xadzy@5vg-7yd-fmk,37.613893677756124,-122.40485432989975
1661 EL CAMINO REAL,MILLBRAE,CA,94030-1214,22g@5vg-7yd-fmk,37.613893677756124,-122.40485432989975
1671 EL CAMINO REAL,MILLBRAE,CA,94030-1214,22d@5vg-7yd-fmk,37.613893677756124,-122.40485432989975
1701 EL CAMINO ROAD,MILLBRAE,CA,94030,0xou6yekbp@5vg-7yk-wzf,37.600290808045884,-122.40305305231347
170 EL CAMINO REAL,MILLBRAE,CA,94030-2606,229@5vg-7yq-26k,37.600172641496144,-122.38952066884707
1711 EL CAMINO REAL,MILLBRAE,CA,94030-1215,22v@5vg-7yd-fmk,37.613893677756124,-122.40485432989975
1741 EL CAMINO REAL,MILLBRAE,CA,94030-1215,04c6jkgiwf@5vg-7xz-hyv,37.59313964734218,-122.38259621443156
1781 EL CAMINO REAL,MILLBRAE,CA,94030,226@5vg-7yc-fmk,37.614729728774165,-122.40590544643078
1781 EL CAMINO REAL # 7,MILLBRAE,CA,94030-1215,0m75oefxdh@5vg-7yc-fmk,37.614729728774165,-122.40590544643078
1781 EL CAMINO REAL STE 111,MILLBRAE,CA,94030,0slxvb6zhl@5vg-7yc-fmk,37.614729728774165,-122.40590544643078
1781 EL CAMINO REAL STE 7,MILLBRAE,CA,94030,0m75oefxdh@5vg-7yc-fmk,37.614729728774165,-122.40590544643078
1781 EL CAMINO REAL STE 8,MILLBRAE,CA,94030,0ukpbup2kp@5vg-7yc-fmk,37.614729728774165,-122.40590544643078
1781 EL CAMINO REAL UNIT 47,MILLBRAE,CA,94030,0t4pgpp2aq@5vg-7yc-fmk,37.614729728774165,-122.40590544643078
195 EL CAMINO REAL,MILLBRAE,CA,94030-2605,226@5vg-7yp-zfz,37.59933625753413,-122.38846971903814
1 OLD BAYSHORE HWY,MILLBRAE,CA,94030-3120,222@5vg-7yq-cqz,37.603245070963,-122.37617386091318
213 EL CAMINO REAL,MILLBRAE,CA,94030-2607,22h@5vg-7yp-zpv,37.6010090050662,-122.3905716283709
219 EL CAMINO REAL,MILLBRAE,CA,94030-2607,235@5vg-7yp-zpv,37.6010090050662,-122.3905716283709
230 LOYOLA DR,MILLBRAE,CA,94030,224@5vg-7ym-f75,37.59090314450526,-122.39699185091881
235 BROADWAY,MILLBRAE,CA,94030-2507,22d@5vg-7yp-zzz,37.59983117955777,-122.39100352783251
238 BROADWAY,MILLBRAE,CA,94030,22q@5vg-7yp-zzz,37.59983117955777,-122.39100352783251
245 EL CAMINO REAL,MILLBRAE,CA,94030-2607,22g@5vg-7yp-zpv,37.6010090050662,-122.3905716283709
249 S ASHTON AVE,MILLBRAE,CA,94030-3032,228@5vg-7xz-59f,37.58957182999961,-122.39340747139856
249 SOUTH ASHTON AVENUE,MILLBRAE,CA,94030,228@5vg-7xz-59f,37.58957182999961,-122.39340747139856
25 HILLCREST BLVD,MILLBRAE,CA,94030-2637,22f@5vg-7yp-zs5,37.601845348243714,-122.39162259760907
263 AVIADOR AVE,MILLBRAE,CA,94030,228@5vg-7yq-3bk,37.60169190802053,-122.38760584184239
270 BROADWAY,MILLBRAE,CA,94030-2508,222@5vg-7yp-zpv,37.6010090050662,-122.3905716283709
279 EL CAMINO REAL,MILLBRAE,CA,94030,22t@5vg-7yp-zpv,37.6010090050662,-122.3905716283709
293 EL CAMINO REAL,MILLBRAE,CA,94030-2607,22b@5vg-7yp-zpv,37.6010090050662,-122.3905716283709
2 WILLOW AVE,MILLBRAE,CA,94030,223@5vg-7yq-4n5,37.596639118307266,-122.39081636837084
300 EL CAMINO REAL,MILLBRAE,CA,94030-2610,228@5vg-7yp-zpv,37.6010090050662,-122.3905716283709
301 EL CAMINO REAL,MILLBRAE,CA,94030-2609,22c@5vg-7yp-zs5,37.601845348243714,-122.39162259760907
309 BROADWAY,MILLBRAE,CA,94030-2509,226@5vg-7yq-249,37.60066752932705,-122.39205448572581
311 EL CAMINO REAL,MILLBRAE,CA,940302609,22p@5vg-7yp-zs5,37.601845348243714,-122.39162259760907
328 BROADWAY,MILLBRAE,CA,94030-2510,22n@5vg-7yq-249,37.60066752932705,-122.39205448572581
333 BROADWAY,MILLBRAE,CA,94030-2509,22g@5vg-7yq-249,37.60066752932705,-122.39205448572581
333 EL CAMINO REAL,MILLBRAE,CA,94030,225@5vg-7yp-zs5,37.601845348243714,-122.39162259760907
334 BROADWAY,MILLBRAE,CA,94030-2510,22c@5vg-7yq-249,37.60066752932705,-122.39205448572581
350 ADRIAN RD,MILLBRAE,CA,94030-3105,224@5vg-7yq-h5z,37.59986542877127,-122.38148709063057
352 BROADWAY,MILLBRAE,CA,94030,223@5vg-7yp-zs5,37.601845348243714,-122.39162259760907
355 EL CAMINO REAL,MILLBRAE,CA,94030,228@5vg-7yp-zs5,37.601845348243714,-122.39162259760907
357 EL CAMINO REAL,MILLBRAE,CA,94030,229@5vg-7yp-zs5,37.601845348243714,-122.39162259760907
380 VALLEJO DR 227,MILLBRAE,CA,94030,23d@5vh-83c-btv,37.58315250012232,-122.4025472598034
395 RICHMOND DR APT 17,MILLBRAE,CA,94030,23x@5vg-7yk-yn5,37.60097399260398,-122.4000876075559
401 E MILLBRAE AVE,MILLBRAE,CA,94030-3111,222@5vg-7yq-ckf,37.602903754633196,-122.37765693529471
407 BROADWAY,MILLBRAE,CA,94030,22b@5vg-7yq-9cq,37.60150385870369,-122.39310545333238
414 BROADWAY,MILLBRAE,CA,94030-1906,22c@5vg-7yq-9cq,37.60150385870369,-122.39310545333238
420 BROADWAY,MILLBRAE,CA,94030-1906,22d@5vg-7yq-9cq,37.60150385870369,-122.39310545333238
435 BROADWAY,MILLBRAE,CA,94030-1905,233@5vg-7yq-9cq,37.60150385870369,-122.39310545333238
447 BROADWAY,MILLBRAE,CA,94030-1905,22m@5vg-7yq-9cq,37.60150385870369,-122.39310545333238
448-450 BROADWAY,MILLBRAE,CA,94030-1906,22n@5vg-7yq-9cq,37.60150385870369,-122.39310545333238
465 BROADWAY,MILLBRAE,CA,94030-1905,232@5vg-7yq-9cq,37.60150385870369,-122.39310545333238
475 EL CAMINO REAL # 407,MILLBRAE,CA,94030-2643,233@5vg-7yq-92k,37.602681671028066,-122.39267357656101
496 RICHMOND DR #5,MILLBRAE,CA,94030,237@5vg-7yk-wtv,37.59994919151649,-122.40453573876366
507 HELEN DR,MILLBRAE,CA,94030-1619,225@5vg-7yk-xyv,37.60044373700746,-122.40706937516694
510 BROADWAY,MILLBRAE,CA,94030,22k@5vg-7yq-8vz,37.602340167687096,-122.39415643065162
525 EL CAMINO REAL,MILLBRAE,CA,94030-2030,0hbigoeidv@5vg-7yq-94v,37.60351797341863,-122.39372456522615
607 SANTA SUSANA AVE,MILLBRAE,CA,94030-1240,226@5vg-7yd-3kf,37.610854861550216,-122.40868342226996
675 BROADWAY,MILLBRAE,CA,94030-1909,223@5vg-7yq-9pv,37.604012724471765,-122.39625841442584
716 MAGNOLIA AVE,MILLBRAE,CA,94030-1858,223@5vg-7yq-9zz,37.602834922961804,-122.3966902461939
905 HELEN DR,MILLBRAE,CA,94030,22h@5vg-7yk-jn5,37.59873526208997,-122.41448232003273
940 CHADBORNE AVE,MILLBRAE,CA,94030,0jccggdmkp@5vg-7yk-wzf,37.600290808045884,-122.40305305231347
940 CHADBOURNE AVE,MILLBRAE,CA,94030,22y@5vg-7yk-qvf,37.59527314507079,-122.39674739296649
"979 BROADWAY ST, STE 100",MILLBRAE,CA,94030-1993,22b@5vg-7yq-9s5,37.60484897227179,-122.3973094208797
9 HILLCREST BLVD,MILLBRAE,CA,94030-2637,22c@5vg-7yq-bhq,37.60302315819496,-122.39119069852738
LUDEMAN LN END OF,MILLBRAE,CA,94030,0jtydj6qbu@5vg-7yk-wzf,37.600290808045884,-122.40305305231347
PO BOX 232,MILLBRAE,CA,94030-0538,3qb@5vg-7yk-yn5,37.60097399260398,-122.4000876075559
P O BOX 994,MILLBRAE,CA,94030,3qb@5vg-7yk-yn5,37.60097399260398,-122.4000876075559
PO BOX 994,MILLBRAE,CA,94030-0999,3qb@5vg-7yk-yn5,37.60097399260398,-122.4000876075559
