Account #	Business Name	Start Date	Expire Date	Address
20509315	101 MOBILITY	7/1/2025	6/30/2027	1731 ADRIAN RD STE 9, BURLINGAME, CA 94010-2109
20510000	1120 BROADWAY, LLC	10/28/2024	6/30/2027	1120 BROADWAY, BURLINGAME, CA 94010-3422
20501122	1199 HOWARD LLC	7/1/2010	6/30/2027	330 PRIMROSE RD # 606, BURLINGAME, CA 94010-4032
20501289	1202 HAIR STUDIO (GINA A GIUSTI)	11/5/2010	6/30/2026	1202 CAPUCHINO AVE, BURLINGAME, CA 94010-3404
20504964	1202 HAIR STUDIO - HAIR BY MARINA	2/1/2022	6/30/2027	1202 CAPUCHINO, BURLINGAME, CA 94010
20506247	1418 BELLEVUE AVE APTS.	7/1/2008	6/30/2027	--ON FILE--
20503173	1440 CHAPIN OWNER LLC	4/23/2018	6/30/2027	235 MONTGOMERY ST STE 1202, SAN FRANCISCO, CA 94104-3103
20500814	1501 ADRIAN RD. LLC	7/1/2016	6/30/2027	1501 ADRIAN RD, BURLINGAME, CA 94010-2102
20504692	1799 BUILDING-GELLER & PREINER	7/1/2018	6/30/2026	1799 BAYSHORE HWY # 100, BURLINGAME, CA 94010-1306
20502233	1815 OGDEN DRIVE APTS	7/1/2011	6/30/2027	--ON FILE--
20500982	1860 EL CAMINO REAL LLC	7/1/2010	6/30/2027	1860 EL CAMINO REAL, BURLINGAME, CA 94010-3127
20502237	1900 TROUSDALE DR APTS	7/1/2011	6/30/2027	1900 TROUSDALE DR, BURLINGAME, CA 94010-5387
20508934	1ST LIGHT SALES CORP	3/15/2025	6/30/2027	1869 MOFFAT BLVD, MANTECA, CA 95336-8944
20503841	2001 SECURITY SYSTEMS & ELECTRICAL WORKS	4/14/2005	6/30/2027	4529 HOUNDSHAVEN WAY, SAN JOSE, CA 95111-3708
20500977	226 KITCHEN, INC.	7/6/2020	6/30/2027	226 LORTON AVE, BURLINGAME, CA 94010-4204
20501218	232 PARK ROAD	7/1/2010	6/30/2027	--ON FILE--
20500581	24/7 ROOTER & PLUMBING SERVICES INC	5/29/2013	6/30/2027	1070 QUESADA AVE, SAN FRANCISCO, CA 94124-3418
20508603	2715 HILLSIDE	10/12/2024	6/30/2027	--ON FILE--
20508932	2MM CONTRACTORS INC	3/10/2025	6/30/2027	1133 EL CAMINO REAL # 2, BURLINGAME, CA 94010-4955
20501854	3 J & Z INC.	12/16/2020	6/30/2027	286 GATEWAY DR, PACIFICA, CA 94044-1203
20506276	3PRONG INC.	7/1/2022	6/30/2027	1375 BURLINGAME AVE L2, BURLINGAME, CA 94010
20508048	3SERG HOME BUILDER, INC	3/4/2024	6/30/2026	--ON FILE--
20506940	4 WINDS INVESTMENT	12/1/2022	6/30/2027	1041 PALOMA AVE, BURLINGAME, CA 94010-3653
20510028	415 ROOFING CORP	5/18/2026	6/30/2026	2111 LANE ST 24231, SAN FRANCISCO, CA 94124-9098
20501785	4LEAF, INC.	8/16/2010	6/30/2027	2126 RHEEM DR, PLEASANTON, CA 94588-2775
20506380	5 STARS NAIL SPA	10/11/2019	6/30/2027	1800 MAGNOLIA AVE, BURLINGAME, CA 94010-4502
20506248	55 BACKFLOW TESTING & SERVICE	7/1/2015	6/30/2027	--ON FILE--
20507063	5S CONSTRUCTION INC.	3/15/2023	6/30/2026	1578 ALLEN CT, CASTRO VALLEY, CA 94546-6801
20509298	7 DAY ATTORNEYS, APC	3/5/2025	6/30/2027	533 N AIRPORT BLVD # 400, BURLINGAME, CA 94010-2028
20500074	7-ELEVEN FOOD STORE	3/17/1989	6/30/2027	975 ROLLINS RD, BURLINGAME, CA 94010-2604
20502978	72 INFINITY HEATING & AIR INC.	6/15/2021	6/30/2027	--ON FILE--
20509037	7M GENERAL ENGINEERING, INC.	5/1/2025	6/30/2026	1479 SARATOGA AVE STE 110A, SAN JOSE, CA 95129-4934
20503806	7PIERS CAPITAL	1/2/2013	6/30/2027	1799 BAYSHORE HWY # 296, BURLINGAME, CA 94010-1318
20504128	800 AIRPORT LLC	10/26/2018	6/30/2027	800 AIRPORT BLVD, BURLINGAME, CA 94010-1928
20509437	836-868 COWAN RD, LLC	8/28/2025	6/30/2026	836 COWAN RD, BURLINGAME, CA 94010-1205
20509438	836-868 COWAN RD, LLC	8/28/2025	6/30/2026	868 COWAN RD, BURLINGAME, CA 94010-1205
20505325	877 MAHLER LLC	1/1/2022	6/30/2027	877 MAHLER RD, BURLINGAME, CA 94010-1603
20500815	888 TABLE TENNIS CENTER	6/4/2020	6/30/2027	888 HINCKLEY RD, BURLINGAME, CA 94010-1503
20506595	90 ECR LLC	7/1/2009	6/30/2027	90 EL CAMINO REAL, BURLINGAME, CA 94010-5223
20500486	901 JEFFERSON STREET, LLC	7/1/2015	6/30/2026	329 PRIMROSE RD, BURLINGAME, CA 94010-4093
20510025	A & B MECHANICAL INC	5/14/2026	6/30/2027	24179 PARK ST, HAYWARD, CA 94544-1421
20505163	A & O PENINSULA PHARMACY	2/18/2022	6/30/2027	1860 EL CAMINO REAL # 108, BURLINGAME, CA 94010-3106
20508226	A & Q ELECTRICAL INC	5/22/2024	6/30/2027	--ON FILE--
20508165	A 1 BUDGET PLUMBING	4/29/2024	6/30/2026	--ON FILE--
20508312	A AZZARIA PHOTOGRAPHY	7/1/2024	6/30/2027	--ON FILE--
20500281	A BLACK TIE AFFAIR INC	7/1/2009	6/30/2027	161 BEACON ST, S SAN FRANCISCO, CA 94080-6921
20505200	A CLASS LIMOUSINE CORPORATION	7/1/2014	6/30/2027	1534 PLAZA LN # 160, BURLINGAME, CA 94010-3204
20504679	A HONEY DO LIST HANDYMAN	10/26/2021	6/30/2026	--ON FILE--
20509252	A MENDEZ CONSTRUCTION	4/1/2025	6/30/2026	--ON FILE--
20505572	A PLUS TREE LLC	7/30/2019	6/30/2026	400 CAPITOL MALL 900, SACRAMENTO, CA 95814-4430
20500245	A RUNNER'S MIND	4/1/2010	6/30/2027	1111 HOWARD AVE, BURLINGAME, CA 94010-4214
20505150	A&A GAS & MART	6/9/2014	6/30/2027	1100 BROADWAY, BURLINGAME, CA 94010-3422
20501853	A&A LEGAL SERVICE	4/27/1983	6/30/2027	880 MITTEN RD # 102, BURLINGAME, CA 94010-1309
20502059	A&B ROOFING, INC	10/31/1983	6/30/2027	--ON FILE--
20501943	A&C TRADE CONSULTANTS INC	12/3/1999	6/30/2027	1 EDWARDS CT # 101, BURLINGAME, CA 94010-2428
20507325	A&D AUTOMATIC GATE COMPANY	7/1/2023	6/30/2027	810 WARRINGTON AVE, REDWOOD CITY, CA 94063-3528
20508462	A&E DESIGN COLLECTIVE	3/7/2024	6/30/2027	124 N 29TH ST STE 100, BILLINGS, MT 59101-2079
20504016	A&E ELECTRICAL COMPANY, INC.	9/17/2021	6/30/2026	30997 HUNTWOOD AVE #106, HAYWARD, CA 94544-7041
20503881	A+ AUTO GLASS	5/20/2005	6/30/2026	533 AIRPORT BLVD # 400, BURLINGAME, CA 94010-2028
20508991	A+ PLUS ROOFING	4/3/2025	6/30/2027	57 MOZDEN LN, PLEASANT HILL, CA 94523-4901
20509829	A-1 BAY AREA ROOTER & PLUMBING	2/23/2026	6/30/2026	--ON FILE--
20502755	A-1 CLEANERS	1/18/2018	6/30/2027	240 PRIMROSE RD, BURLINGAME, CA 94010-4208
20510160	A-1 HAULING	7/5/2026	6/30/2027	--ON FILE--
20500048	A-1 HEATING AND COOLING	10/19/2015	6/30/2026	476 W TAYLOR ST, SAN JOSE, CA 95110-1928
20505819	A-1 PAINTING	7/1/2008	6/30/2027	145 S MAGNOLIA AVE, S SAN FRANCISCO, CA 94080-4535
20500905	A-A LOCK & ALARM INC	12/4/1995	6/30/2027	1251 EL CAMINO REAL, MENLO PARK, CA 94025-4208
20509109	A-ONE CONSTRUCTION	6/9/2025	6/30/2027	45847 WARM SPRINGS BLVD # 1, FREMONT, CA 94539-6779
20508215	A-Z CREATIVITY LLC	5/31/2024	6/30/2027	1200 FITZGERALD DR 1148, PINOLE, CA 94564-2252
20509310	A. DUBROVSKY, M.D., INC.	8/4/2025	6/30/2027	--ON FILE--
20509458	A.C.EBNETER ESTIMATES	10/1/2025	6/30/2026	--ON FILE--
20501725	A.G. SIEBEN & ASSOCIATES INC	4/7/1999	6/30/2027	533 AIRPORT BLVD #400, BURLINGAME, CA 94010-2028
20509410	A.M PLUMBING	8/27/2025	6/30/2026	1640 MABURY RD STE B, SAN JOSE, CA 95133-1032
20500284	A.M. FITZGERALD & ASSOCIATES LLC	1/6/2010	6/30/2027	700 AIRPORT BLVD # 270, BURLINGAME, CA 94010-1937
20509392	A.R ELECTRIC	9/3/2025	6/30/2026	--ON FILE--
20500822	A.S.F. ELECTRIC INC	7/3/1995	6/30/2027	76 HILL ST, DALY CITY, CA 94014-2504
20506198	A.W. DEVELOPMENT	5/18/1983	6/30/2027	330 PRIMROSE RD 409B, BURLINGAME, CA 94010-4029
20510040	A1 FENCE & DECK, INC.	6/1/2026	6/30/2027	363 EL CAMINO REAL STE 218, SOUTH SAN FRANCISCO, CA 94080-5954
20506407	A2Z BUSINESS SYSTEMS	7/1/2008	6/30/2027	200 VALLEY DR STE 12, BRISBANE, CA 94005-1222
20506885	A3 PIPELINE	11/1/2022	6/30/2027	121 QUINT ST, SAN FRANCISCO, CA 94124-1403
20505669	A3 SMART HOME LP	3/8/2022	6/30/2027	1277 TREAT BLVD STE 1000, WALNUT CREEK, CA 94597-7975
20507222	AA CUSTOMS PROAV INC.	5/1/2023	6/30/2027	833 MAHLER RD # 11, BURLINGAME, CA 94010-1609
20500159	AA NETWORKS CORP.	2/24/2010	6/30/2027	111 ANZA BLVD # 130, BURLINGAME, CA 94010-1918
20501579	AAA FENCE CO., INC.	10/9/2020	6/30/2027	2560 SAN JUAN HOLLISTER RD, HOLLISTER, CA 95023
20505414	AAA FURNACE & AIR COND CO	9/5/2014	6/30/2027	1712 STONE AVE STE 1, SAN JOSE, CA 95125-1387
20503154	AAA RESTAURANT FIRE CONTROL	11/13/2012	6/30/2027	30113 UNION CITY BLVD, UNION CITY, CA 94587-1511
20508816	AAPAC LOGISTIC TRANSPORTATION INC	1/1/2025	6/30/2027	1633 BAYSHORE HWY STE 301, BURLINGAME, CA 94010-1515
20503438	AB CAD	2/20/2004	6/30/2027	--ON FILE--
20509431	ABBEY FLOORING	10/8/2025	6/30/2026	3233 DWIGHT RD, ELK GROVE, CA 95758-6439
20503918	ABBEY PARTY RENTALS	2/14/2013	6/30/2027	411 ALLAN ST, DALY CITY, CA 94014-1627
20508030	ABBEY ROOFING INC	3/4/2024	6/30/2026	117 17TH AVE, SAN MATEO, CA 94402-2463
20510087	ABC STEEL FENCE LLC	7/1/2026	6/30/2027	18193 ROAD 238, PORTERVILLE, CA 93257-9507
20507439	ABC SUPPLY INTERIORS, INC.	8/1/2023	6/30/2027	1 ABC PKWY, BELOIT, WI 53511-4466
20506417	ABC TREE FARMS LLC	9/24/2015	6/30/2027	1800 EL CAMINO REAL, BURLINGAME, CA 94010-3102
20509411	ABC&D INC	9/8/2025	6/30/2026	2510 CHANNING AVE, SAN JOSE, CA 95131-1004
20508190	ABERCROMBIE & FITCH # 11594	7/5/2024	6/30/2027	1218 BURLINGAME AVE, BURLINGAME, CA 94010-4128
20500621	ABILITYPATH	7/1/2010	6/30/2027	899 STANTON RD, BURLINGAME, CA 94010-1403
20505308	ABILITYPATH	6/19/2008	6/30/2027	1764 MARCO POLO WAY, BURLINGAME, CA 94010-4503
20507054	ABL HEALTH CARE, LLC	2/16/2023	6/30/2027	1601 BAYSHORE HWY STE 258, BURLINGAME, CA 94010-1514
20505982	ABLE CONSTRUCTION GROUP INC.	6/6/2022	6/30/2027	1020 RUFF DR, SAN JOSE, CA 95110-1613
20503308	ABLE HOME COMPANION	7/6/2012	6/30/2027	1838 EL CAMINO REAL #230, BURLINGAME, CA 94010-3112
20509647	ABLE MAINTENANCE INC	12/11/2025	6/30/2027	3224 REGIONAL PKWY, SANTA ROSA, CA 95403-8214
20509227	ABLE PLUMBING SEWER & DRAIN	7/8/2025	6/30/2027	1020 RUFF DR, SAN JOSE, CA 95110-1613
20502984	ABM BUILDING SOLUTIONS	9/3/2002	6/30/2027	6200 GOODYEAR RD, BENICIA, CA 94510-1243
20505683	ABM ELECTRICAL POWER SERVICES, LLC	8/13/2019	6/30/2026	6940 KOLL CENTER PKWY # 100, PLEASANTON, CA 94566-3145
20506507	ABM INDUSTRY GROUPS LLC	7/1/2022	6/30/2027	14141 SOUTHWEST FWY, SUGAR LAND, TX 77478-3493
20509436	ABOVE ALL ROOFING SOLUTIONS INC	9/16/2025	6/30/2026	--ON FILE--
20505054	ABRAMSON FINANCIAL PLANNING, LLC	1/3/2022	6/30/2027	--ON FILE--
20504002	ABRIL ROOFING INC	6/6/2013	6/30/2027	3490 PACHECO BLVD, MARTINEZ, CA 94553-2194
20507317	ABS-CBN INTERNATIONAL	7/10/2023	6/30/2027	533 AIRPORT BLVD STE 455, BURLINGAME, CA 94010-2018
20502349	ABX ENGINEERING INC	3/14/2001	6/30/2026	875 STANTON RD, BURLINGAME, CA 94010-1403
20504203	AC ENTERPRISES	7/1/2013	6/30/2026	21965 MEEKLAND AVE, HAYWARD, CA 94541-3862
20508824	ACADEMY OF VOLLEYBALL LLC	1/1/2025	6/30/2027	1465 N CAROLAN AVE, BURLINGAME, CA 94010-2403
20502675	ACB	12/5/2011	6/30/2027	--ON FILE--
20504031	ACCECOMM LLC	7/1/2021	6/30/2027	1341 VANCOUVER AVE, BURLINGAME, CA 94010-5671
20510012	ACCEL FIRE PROTECTION SERVICES	5/1/2026	6/30/2026	--ON FILE--
20502957	ACCENT BUILDING RESTORATION INC	9/16/2002	6/30/2027	4711 E FALCON DR STE 141, MESA, AZ 85215-2516
20503180	ACCENTCARE OF CALIFORNIA, INC.	3/1/2018	6/30/2027	533 AIRPORT BLVD, BURLINGAME, CA 94010-2018
20500110	ACCESS UNIFORMS & EMBROIDERY WORKS	9/15/1989	6/30/2027	1731 ADRIAN RD # 1, BURLINGAME, CA 94010-2108
20505971	ACCO ENGINEERED SYSTEMS, INC.	7/1/1982	6/30/2027	888 E WALNUT ST, PASADENA, CA 91101-1895
20509097	ACCREDITING COMMISSION FOR SCHOOLS, WASC	7/1/2023	6/30/2027	533 AIRPORT BLVD STE 200, BURLINGAME, CA 94010-2009
20502065	ACCURATE FIRESTOP, INC.	1/1/2020	6/30/2027	1057 SERPENTINE LN, PLEASANTON, CA 94566-8465
20506178	ACE FIRE EQUIPMENT & SERVICE CO INC	7/1/1982	6/30/2027	1870 W BAYSHORE RD, EAST PALO ALTO, CA 94303-2701
20503455	ACE HEATING & AIR CONDITIONING INC	6/5/2008	6/30/2027	--ON FILE--
20508939	ACE PARKING MANAGEMENT, INC	3/17/2025	6/30/2027	835 AIRPORT BLVD, BURLINGAME, CA 94010-1982
20508837	ACE ROOFING	2/2/2025	6/30/2027	1525 BANCROFT, SAN FRANCISCO, CA 94124
20505514	ACE ROOFING EAST BAY	4/1/2022	6/30/2026	50 MENDELL ST # 5, SAN FRANCISCO, CA 94124-1751
20502654	ACE STUDIO / ATELIER 812	2/15/2002	6/30/2027	--ON FILE--
20508661	ACERTAIN GROUP LLC	9/1/2024	6/30/2027	--ON FILE--
20500967	ACME BREAD COMPANY DIVISION III	7/1/2010	6/30/2027	2730 9TH ST, BERKELEY, CA 94710-2633
20508463	ACOSTA & SONS, INC.	8/30/2024	6/30/2026	736 WAKEFIELD CT, OAKDALE, CA 95361-7761
20505398	ACRUX CONSULTING INC	8/22/2014	6/30/2027	530 EL CAMINO REAL # 304, BURLINGAME, CA 94010-5177
20502452	ACTION SIGN SYSTEMS	9/1/2011	6/30/2026	3580 HAVEN AVE STE 1, REDWOOD CITY, CA 94063-4639
20509507	ACTION TOWING	10/16/2025	6/30/2027	1790 INDUSTRIAL WAY, REDWOOD CITY, CA 94063-1104
20500714	ACTIVE NETWORK	6/3/2016	6/30/2027	3550 LENOX RD NE STE 300, ATLANTA, GA 30326-4334
20509787	ACTS AVIATION SECURITY INC	4/18/2025	6/30/2026	860 STANTON RD, BURLINGAME, CA 94010-1404
20505976	ACUMEN LLC	7/1/2008	6/30/2027	500 AIRPORT BLVD # 365, BURLINGAME, CA 94010-1936
20504721	AD ART SIGN CO	8/4/2010	6/30/2026	150 EXECUTIVE PARK BLVD STE 2100, SAN FRANCISCO, CA 94134-3364
20502168	ADAM CHINN AND ASSOCIATES	8/25/2017	6/30/2027	1430 HOWARD AVE, BURLINGAME, CA 94010-4202
20500375	ADAMS FINE TAILORING	10/16/1992	6/30/2027	1324 BROADWAY, BURLINGAME, CA 94010-3426
20504579	ADAMS POOL SOLUTIONS	5/5/2014	6/30/2027	--ON FILE--
20504117	ADAMS VALVES INC.	10/25/2018	6/30/2027	12303 CUTTEN RD, HOUSTON, TX 77066-1807
20503339	ADANAC FIRE PROTECTION INC	9/18/2003	6/30/2027	--ON FILE--
20506511	ADAPTIVE SYSTEMS, INC.	10/28/2019	6/30/2026	--ON FILE--
20501679	ADARY ELECTRIC INC	12/19/2013	6/30/2027	500 SAINT THOMAS LN, FOSTER CITY, CA 94404-3976
20507561	ADCO DRYWALL AND METAL FRAMING INC	10/17/2023	6/30/2027	11242 PYRITES WAY, GOLD RIVER, CA 95670-4481
20500417	ADELARDO M. FERRER, M.D.	2/18/2016	6/30/2027	1838 EL CAMINO REAL # 230, BURLINGAME, CA 94010-3112
20500100	ADELINE MARKET	7/18/1989	6/30/2027	1508 ADELINE DR, BURLINGAME, CA 94010-4606
20503498	ADEPT CONSTRUCTION SOLUTIONS, INC.	7/3/2018	6/30/2026	1485 BAYSHORE BLVD 133, SAN FRANCISCO, CA 94124
20506139	ADNA'S AUTOMOTIVE	7/1/2015	6/30/2027	1343 MARSTEN RD, BURLINGAME, CA 94010-2405
20505195	ADP GLOBAL LOGISTICS, LLC.	7/1/2014	6/30/2027	1818 GILBRETH RD # 223, BURLINGAME, CA 94010-1223
20503396	ADT, LLC	7/13/2012	6/30/2027	PO BOX 310702, BOCA RATON, FL 33431-0799
20509096	ADVANCE CONSTRUCTION TECHNOLOGY LLC	5/21/2025	6/30/2026	48995 MILMONT DR, FREMONT, CA 94538-7315
20509752	ADVANCED AUTOMATIC SPRINKLER, INC	1/22/2026	6/30/2026	1947 SAN RAMON VALLEY BLVD STE 100, SAN RAMON, CA 94583-1212
20507294	ADVANCED CHEMICAL TRANSPORT LLC	6/20/2023	6/30/2027	967 MABURY RD, SAN JOSE, CA 95133-1080
20508019	ADVANCED INTEGRATED PEST MANAGEMENT, INC.	1/1/2023	6/30/2027	1482 STONE POINT DR, ROSEVILLE, CA 95661-2839
20501707	ADVANCED TYPOGRAPHY	3/8/1999	6/30/2027	1321 N CAROLAN AVE, BURLINGAME, CA 94010-2401
20506180	ADVANTAGE ROOFING INC	3/11/2009	6/30/2027	--ON FILE--
20500970	AE MORROW LTD	7/1/2010	6/30/2027	1050 RALSTON AVE, BELMONT, CA 94002-2240
20500858	AECO SYSTEMS INC	9/15/1995	6/30/2027	3512 BREAKWATER CT, HAYWARD, CA 94545-3611
20502305	AECOM TECHNICAL SERVICES, INC	7/25/2011	6/30/2027	4840 COX RD, GLEN ALLEN, VA 23060-6292
20500541	AEGIS FIRE SYSTEMS DBA PYE BARKER FIRE & SAFETY	3/29/2016	6/30/2027	500 BOULDER CT STE A, PLEASANTON, CA 94566-8311
20509349	AERIAL NAIL & SPA LOUNGE	8/18/2025	6/30/2027	401 PRIMROSE RD STE H, BURLINGAME, CA 94010-4063
20508854	AERIAL NAIL & SPA LOUNGE	2/5/2025	6/30/2026	401 PRIMROSE RD # H, BURLINGAME, CA 94010-4063
20509290	AERIAL NAIL & SPA LOUNGE	8/1/2025	6/30/2026	401 PRIMROSE RD # H, BURLINGAME, CA 94010-4063
20509400	AERIAL NAIL SPA LOUNGE	8/15/2025	6/30/2026	401 PRIMROSE RD # H, BURLINGAME, CA 94010-4063
20505462	AEROBAY OFFICE CENTER	7/1/2008	6/30/2027	801 AMERICAN ST, SAN CARLOS, CA 94070-4172
20500393	AERONET WORLDWIDE, INC	7/1/2009	6/30/2027	1755 ROLLINS RD, BURLINGAME, CA 94010-2207
20508937	AES INDUSTRIAL	3/18/2025	6/30/2027	888 E WALNUT ST, PASADENA, CA 91101-1895
20503353	AFASCI INC	10/22/2003	6/30/2027	2633 MARTINEZ DR, BURLINGAME, CA 94010-5828
20510105	AFFECTIONATE HOME COMPANION LLC	6/15/2026	6/30/2027	1838 EL CAMINO REAL STE 230, BURLINGAME, CA 94010-3112
20501105	AFS CARGO EXPRESS INC.	7/30/2020	6/30/2027	1541 ROLLINS RD, BURLINGAME, CA 94010-2305
20506646	AGBIO COMPANY	7/1/2009	6/30/2027	1513 RIVER OAKS DR, MODESTO, CA 95356-9686
20505538	AGGRESSIVE CONSTRUCTION, INC.	5/29/2013	6/30/2026	5171 TULLY RD, MODESTO, CA 95356-9106
20503514	AGILE102 INC.	7/3/2018	6/30/2027	--ON FILE--
20500387	AGILITI SURGICAL, INC.	7/1/2009	6/30/2027	11095 VIKING DR STE 300, EDEN PRAIRIE, MN 55344-7219
20507037	AGILOC INTERNATIONAL, INC	2/1/2023	6/30/2027	433 AIRPORT BLVD, BURLINGAME, CA 94010-2017
20504640	AGRARIAN CRAFTS	2/26/2019	6/30/2027	1020 EDWARDS RD, BURLINGAME, CA 94010-2318
20506257	AGUILAR & SONS	7/1/1982	6/30/2027	--ON FILE--
20501849	AGUILAR BUILDING COMPANY	12/14/2020	6/30/2027	390 EL CAMINO REAL #G, BELMONT, CA 94002-2037
20500406	AH SAM A CORP	7/1/2009	6/30/2027	2645 S EL CAMINO REAL, SAN MATEO, CA 94403-2331
20507542	AHOINC LLC	7/20/2020	6/30/2027	--ON FILE--
20504870	AIM SERVICES, CORP	4/10/2019	6/30/2027	--ON FILE--
20505767	AIR & LUBE SYSTEMS, INC.	1/20/2009	6/30/2027	8353 DEMETRE AVE, SACRAMENTO, CA 95828-0920
20507441	AIR CARE HEATHING & COOLING INC	8/21/2023	6/30/2027	1577 ALMADEN RD, SAN JOSE, CA 95125-1261
20505307	AIR EXCHANGE, INC.	7/22/2014	6/30/2027	495 EDISON CT STE A, FAIRFIELD, CA 94534-1683
20502839	AIR FLOW PROS	3/21/2012	6/30/2026	--ON FILE--
20509865	AIR SHARKS LLC	3/13/2026	6/30/2026	1560 N 4TH ST STE 102, SAN JOSE, CA 95112-4618
20500821	AIR SYSTEMS INC.	7/1/2016	6/30/2027	--ON FILE--
20501603	AIR SYSTEMS SERVICE & CONSTRUCTION, INC.	10/1/2020	6/30/2027	151 BLUE RAVINE RD, FOLSOM, CA 95630-4704
20509835	AIRESERV OF CAMPBELL AND SARATOGA	3/3/2026	6/30/2027	--ON FILE--
20503548	AIRGAS USA, LLC	8/15/2012	6/30/2027	3737 WORSHAM AVE, LONG BEACH, CA 90808-1774
20501770	AIRPORT CORPORATE CENTER LLC	3/31/1999	6/30/2027	533 AIRPORT BLVD # 225, BURLINGAME, CA 94010-2027
20500516	AIRPORT SERVICE CENTER ASSOCIATES	7/1/2009	6/30/2027	890 COWAN RD, BURLINGAME, CA 94010-1226
20509592	AIRTRON HEATING AND AIR CONDITIONING	11/19/2025	6/30/2026	6203 SAN IGNACIO AVE STE 110, SAN JOSE, CA 95119-1358
20509300	AIS HEATING & AIR CONDITIONING INC	8/1/2025	6/30/2027	76 WRIGHT BROTHERS AVE, LIVERMORE, CA 94551-9496
20502128	AIXTEK	7/1/2010	6/30/2027	20 N RAILROAD AVE, SAN MATEO, CA 94401-3261
20503934	AJ TUTORING INC.	9/11/2018	6/30/2027	1199 HOWARD AVE # 250, BURLINGAME, CA 94010-4275
20500649	AJISHO USA LLC	3/16/2020	6/30/2027	1204 BROADWAY, BURLINGAME, CA 94010-3424
20509613	AL DE CONSTRUCTION COMPANY	12/2/2025	6/30/2026	--ON FILE--
20509995	AL JR'S ROOFING	4/28/2026	6/30/2026	--ON FILE--
20502524	ALAN GORMAN BICYCLE SPECIALIST	11/9/2017	6/30/2027	1745 ADRIAN RD #15, BURLINGAME, CA 94010-2100
20501136	ALASKA AIRLINES, INC.	10/11/2016	6/30/2027	555 AIRPORT BLVD, BURLINGAME, CA 94010-2000
20508779	ALATORRE CONSTRUCTION	1/8/2025	6/30/2026	1918 N 6TH ST, CONCORD, CA 94519-2216
20509520	ALBERT NAHMAN PLUMBING HEATING AND COOLING	10/28/2025	6/30/2026	2616 BARRINGTON CT, HAYWARD, CA 94545-1100
20503363	ALBERTO RIOS LANDSCAPING	7/10/2012	6/30/2027	--ON FILE--
20503354	ALBERTO RODRIGUEZ LANDSCAPING	7/10/2012	6/30/2027	--ON FILE--
20506273	ALCAL SPECIALTY CONTRACTING INC	7/1/1982	6/30/2027	946 N MARKET BLVD, SACRAMENTO, CA 95834-1268
20508338	ALCID PHYSICAL THERAPY & PERFORMANCE, PC	7/15/2024	6/30/2027	1704 N ROLLINS RD APT A, BURLINGAME, CA 94010-2208
20502324	ALCON LABORATORIES INC	8/2/2011	6/30/2027	6201 SOUTH FWY #TB4, FORT WORTH, TX 76134-2099
20509382	ALDA THERAPEUTICS, INC.	7/21/2025	6/30/2027	--ON FILE--
20505632	ALECO ELECTRIC INC	4/18/2022	6/30/2026	607 ELMIRA RD #314, VACAVILLE, CA 95687-4655
20507290	ALEF CONSTRUCTION CORPORATION	6/30/2023	6/30/2027	--ON FILE--
20502346	ALEJANDRA GAMEZ-VILLANUEVA	10/1/2018	6/30/2027	840 HINCKLEY RD # 107, BURLINGAME, CA 94010-1505
20506154	ALERT DOOR SERVICE INC	5/14/1985	6/30/2027	925 N AMPHLETT BLVD, SAN MATEO, CA 94401-1105
20508996	ALEX SIEGEL, AIA	6/14/2025	6/30/2027	850 BURLINGAME AVE, BURLINGAME, CA 94010-2899
20505107	ALEXANDER COMPANY	7/1/1982	6/30/2027	--ON FILE--
20502665	ALEXANDER'S AESTHETICS	3/8/2002	6/30/2027	1675 ROLLINS RD # D, BURLINGAME, CA 94010-2320
20509423	ALFA & OMEGA CONSTRUCTION AND REMODELING INC.	9/10/2025	6/30/2026	230 ROSE AVE APT A, PLEASANTON, CA 94566-6523
20506302	ALFARO ENGINEERING, INC.	8/26/2015	6/30/2027	921 N AMPHLETT BLVD, SAN MATEO, CA 94401-1105
20508618	ALFARO FIRE PROTECTION SYSTEMS	10/22/2024	6/30/2027	--ON FILE--
20503865	ALFIE HOLMES PAINTING	3/26/2008	6/30/2027	536 SYLVAN AVE, SAN MATEO, CA 94403-3214
20509889	ALFREDO CARDENAS	4/12/2026	6/30/2027	--ON FILE--
20508796	ALI JAN BARBERSHOP	1/26/2025	6/30/2027	218 PRIMROSE RD STE 30, BURLINGAME, CA 94010-4208
20506612	ALICE LORRAINE HOLISTIC HAIRCARE	11/20/2019	6/30/2027	1120 BURLINGAME AVE, BURLINGAME, CA 94010-4106
20505138	ALIGANOUSH MUSIC	7/1/2018	6/30/2027	1133 RHINETTE AVE # 1, BURLINGAME, CA 94010-3453
20501369	ALIZA AND NORMAN KARASICK	7/1/2010	6/30/2027	112 ANITA RD, BURLINGAME, CA 94010-3076
20502598	ALL ABOUT PARKING, INC.	12/6/2017	6/30/2027	1139 SAN CARLOS AVE STE 311, SAN CARLOS, CA 94070-2450
20506544	ALL ABOUT ROOFING	8/10/2022	6/30/2026	2548 SEABOARD AVE, SAN JOSE, CA 95131-1026
20505934	ALL AIR MECHANICAL	4/20/2015	6/30/2027	535 RAILROAD AVE, S SAN FRANCISCO, CA 94080-3450
20502109	ALL BAY CONTRACTORS	1/24/2011	6/30/2027	43233 OSGOOD RD, FREMONT, CA 94539-5657
20500305	ALL BAY PAINT INC	1/20/2016	6/30/2027	--ON FILE--
20505395	ALL BAY SOLAR	8/19/2014	6/30/2027	--ON FILE--
20507208	ALL CALIFORNIA MORTGAGE	3/9/2012	6/30/2027	--ON FILE--
20504600	ALL CITIES YELLOW CAB	11/7/2013	6/30/2027	--ON FILE--
20501957	ALL CITY ELECTRIC	1/5/2021	6/30/2027	--ON FILE--
20502372	ALL CITY MANAGEMENT SERVICES	8/10/2011	6/30/2027	11643 TELEGRAPH RD, SANTA FE SPRINGS, CA 90670-3656
20500600	ALL DATA LLC #135163	7/1/2010	6/30/2027	9650 W TARON, ELK GROVE, CA 95757
20506847	ALL FENCE COMPANY INC	7/1/2009	6/30/2027	1900 SPRING ST, REDWOOD CITY, CA 94063-2410
20509604	ALL FLOOR WORKS INC	12/15/2025	6/30/2027	401 BETHELL AVE, MOUNTAIN HOUSE, CA 95391-1050
20500052	ALL NATURAL STONE BURLINGAME, INC.	2/1/2010	6/30/2027	1575 ADRIAN RD, BURLINGAME, CA 94010-2107
20510021	ALL PRO PAINTING LLC	5/13/2026	6/30/2026	--ON FILE--
20509945	ALL PRO REPIPES INC	4/16/2026	6/30/2027	2684 PACER LN, SAN JOSE, CA 95111-2010
20507257	ALL PRO WINDOWS AND GLASS	5/24/2023	6/30/2027	195 EL CAMINO REAL, SAN BRUNO, CA 94066-5426
20504916	ALL SEAS WHOESALE	2/18/2019	6/30/2026	2390 JERROLD AVE, SAN FRANCISCO, CA 94124-1013
20504086	ALL SEASONS ROOFING & WATERPROOFING INC	9/4/2014	6/30/2027	1720 SMITH AVE, SAN JOSE, CA 95112-4122
20503226	ALL SORTS LLC	5/4/2018	6/30/2026	1500 SHERMAN AVE # 1A, BURLINGAME, CA 94010-4872
20503035	ALL STAR FIRE PROTECTION LLC	3/26/2018	6/30/2027	79 BELVEDERE ST STE 17, SAN RAFAEL, CA 94901-4801
20506140	ALL THAT GLITTERS	10/25/1983	6/30/2027	1454 BROADWAY, BURLINGAME, CA 94010-3428
20501841	ALL-GUARD SYSTEMS INC	7/30/1999	6/30/2027	1306 STEALTH ST, LIVERMORE, CA 94551-9356
20506781	ALL-IN X COMB TOGETHER	9/10/2022	6/30/2027	851 CALIFORNIA DR, BURLINGAME, CA 94010-3604
20502799	ALLA SKALNYI M.D. INC.	2/10/2012	6/30/2027	1750 EL CAMINO REAL # 103, BURLINGAME, CA 94010-3210
20501461	ALLANA BUICK & BERS INC	11/22/2010	6/30/2027	990 COMMERCIAL ST STE 200, PALO ALTO, CA 94303-4930
20508829	ALLEGIANT LOGISTICS	1/31/2025	6/30/2027	504 ROBERT AVE, SANTA CLARA, CA 95050-2955
20506614	ALLEGION ACCESS TECHNOLOGIES LLC	8/11/2009	6/30/2027	251 LITTLE FALLS DR, WILMINGTON, DE 19808-1674
20503930	ALLEGRA ENTERTAINMENT & EVENTS	8/1/2005	6/30/2027	42 PARK RD, BURLINGAME, CA 94010-4404
20507942	ALLEN BROTHERS WEST COAST	10/18/2022	6/30/2027	4051 SEAPORT BLVD, WEST SACRAMENTO, CA 95691-3489
20505928	ALLEN DRYWALL & ASSOC	1/5/1982	6/30/2027	380 LANG RD, BURLINGAME, CA 94010-2003
20504892	ALLIANCE ENVIRONMENTAL GROUP	11/9/2010	6/30/2027	1250 CAMPBELL AVE, SAN JOSE, CA 95126-1006
20502917	ALLIANCE ROOFING COMPANY INC	8/27/2002	6/30/2027	630 MARTIN AVE, SANTA CLARA, CA 95050-2914
20506522	ALLIED FIRE PROTECTION	7/29/2022	6/30/2027	555 HIGH ST, OAKLAND, CA 94601-3989
20510152	ALLIED HEATING AND AIR CONDITIONING CO, INC.	7/6/2026	6/30/2027	12 DE LUCA PL, SAN RAFAEL, CA 94901-3909
20504961	ALLIED LIMOUSINE	7/1/2013	6/30/2027	1745 ADRIAN RD # 17, BURLINGAME, CA 94010-2100
20504732	ALLIED PROPANE SERVICE INC	10/5/2007	6/30/2027	5000 SEAPORT AVE, RICHMOND, CA 94804-4695
20510117	ALLIED UNIVERSAL JANITORIAL SERVICES	1/1/2025	6/30/2027	1031 S CLAREMONT ST, SAN MATEO, CA 94402-1835
20504205	ALLIED WASTE SERVICES OF SAN MATEO COUNTY	7/29/1981	6/30/2027	1680 EDGEWORTH AVE, DALY CITY, CA 94015-1932
20503069	ALMA'S LANDSCAPING	7/1/2012	6/30/2027	PO BOX 5042, SAN MATEO, CA 94402-0054
20503505	ALMACARE INC.	8/1/2012	6/30/2027	--ON FILE--
20509586	ALO, LLC	11/14/2025	6/30/2027	1390 BURLINGAME AVE, BURLINGAME, CA 94010-4109
20507356	ALPHA CONSTRUCTION & SOLUTIONS INC.	7/26/2023	6/30/2027	--ON FILE--
20508945	ALPHA HVAC & ELECTRICAL	3/18/2025	6/30/2026	2494 LONE OAK DR, SAN JOSE, CA 95121-1136
20506108	ALSCO, INC.	7/27/1981	6/30/2027	1575 INDIANA ST, SAN FRANCISCO, CA 94107-3529
20508833	ALTA OFF THE AVENUE	1/15/2025	6/30/2027	--ON FILE--
20509823	ALTA PLANNING + DESIGN, INC.	2/19/2026	6/30/2027	101 SW MAIN ST STE 2000, PORTLAND, OR 97204-3230
20507110	ALTA-CAL ROOFING	3/27/2023	6/30/2026	2300 TECHNOLOGY PKWY STE 8, HOLLISTER, CA 95023-2536
20500241	ALTERATIONS TO GO	5/7/1991	6/30/2027	1805 EL CAMINO REAL #A, BURLINGAME, CA 94010-3202
20505363	ALTERNATIVE HVAC SOLUTIONS INC	8/4/2014	6/30/2027	1661 INDUSTRIAL RD A, SAN CARLOS, CA 94070
20501347	ALTERNATIVE TECHS COOPERATIVE, INC.	7/1/2010	6/30/2027	1050 HEINZ AVE, BERKELEY, CA 94710-2719
20507148	ALTOS VENTURES MANAGEMENT, INC.	4/1/2023	6/30/2027	250 CALIFORNIA DR 4TH FL, BURLINGAME,, CA 94010
20509257	ALVAH CONTRACTING, LLC	7/21/2025	6/30/2026	220 S SPRUCE AVE STE 100, SOUTH SAN FRANCISCO, CA 94080-4560
20504525	ALYSSA BOTHMAN, LLC	10/3/2013	6/30/2027	1440 CHAPIN AVE # 100, BURLINGAME, CA 94010-4011
20509795	ALYSSA VALLE	2/8/2026	6/30/2027	218 PRIMROSE RD STE 02, BURLINGAME, CA 94010-4208
20510030	AM CONSTRUCTION	5/16/2026	6/30/2026	--ON FILE--
20509291	AM-CRO ELECTRICAL INC	7/28/2025	6/30/2026	5241 NASHVILLE TRL, PLACERVILLE, CA 95667-9183
20506118	AMANO MCGANN, INC.	7/1/2015	6/30/2027	900 DOOLITTLE DR STE 8A, SAN LEANDRO, CA 94577-1029
20500337	AMATO INDUSTRIES	6/18/1992	6/30/2027	890 MAHLER RD, BURLINGAME, CA 94010-1604
20508681	AMBIT CALIFORNIA, LLC	11/20/2024	6/30/2026	6555 SIERRA DR, IRVING, TX 75039-2479
20500206	AMC CARGO INC.	1/3/2020	6/30/2027	877 MAHLER RD 2ND FL, BURLINGAME, CA 94010
20508541	AMCAL ROOFING	9/23/2024	6/30/2026	339 LAKESHORE DR, SAN FRANCISCO, CA 94132-1120
20507221	AMECO SOLAR LLC	5/8/2023	6/30/2026	4705 LAUREL CANYON BLVD #205, VALLEY VILLAGE, CA 91607-5900
20502164	AMER BUS MGMT	7/3/2000	6/30/2027	1300 INDUSTRIAL RD STE 17, SAN CARLOS, CA 94070-4122
20504860	AMERDEEP DESIGNS	4/5/2019	6/30/2027	--ON FILE--
20504568	AMERESCO, INC.	12/15/2021	6/30/2027	120 S CENTRAL AVE, CLAYTON, MO 63105-1705
20508376	AMERICA PRINTING & SIGNS	7/1/2024	6/30/2027	1321 N CAROLAN AVE, BURLINGAME, CA 94010-2401
20506519	AMERICAN ARRAY SOLAR ELECTRIC	8/1/2022	6/30/2027	2021 LAS POSITAS CT STE 129, LIVERMORE, CA 94551-7308
20505218	AMERICAN ASPHALT REPAIR & RESURFACE CO INC	5/21/2008	6/30/2027	24200 CLAWITER RD, HAYWARD, CA 94545-2216
20503117	AMERICAN BUILDERS & CONTR	1/13/2003	6/30/2027	1336 MARSTEN RD, BURLINGAME, CA 94010-2406
20502786	AMERICAN CAREQUEST INC.	1/26/2018	6/30/2027	819 COWAN RD C, BURLINGAME, CA 94010
20503776	AMERICAN CAREQUEST PALLIATIVE CARE & HOSPICE FDN	8/7/2018	6/30/2027	819 COWAN RD # C, BURLINGAME, CA 94010-1220
20501892	AMERICAN CRANE RENTAL, INC.	12/18/2020	6/30/2027	17800 COMCONEX RD, MANTECA, CA 95336-8121
20504149	AMERICAN DEBRIS BOX SERVICE INC.	2/3/2006	6/30/2027	PO BOX 3187, HALF MOON BAY, CA 94019-3218
20505291	AMERICAN DRILLING, INC.	7/2/2019	6/30/2027	1300 OLD BAYSHORE HWY, SAN JOSE, CA 95112-2811
20504834	AMERICAN EAGLE ROOFING, CO.	11/4/2009	6/30/2027	28 E 25TH AVE, SAN MATEO, CA 94403-2334
20509100	AMERICAN GLASS & GLAZING	2/1/2025	6/30/2027	6571 LAS POSITAS RD, LIVERMORE, CA 94551-5157
20502972	AMERICAN HOME RENEWAL INC	11/25/2013	6/30/2027	310 SHAW RD STE A, S SAN FRANCISCO, CA 94080-6615
20502878	AMERICAN HONOR BUILDER, INC.	6/1/2021	6/30/2027	1731 ADRIAN RD STE 6, BURLINGAME, CA 94010-2109
20502559	AMERICAN INC.	11/21/2017	6/30/2027	1345 N AMERICAN ST, VISALIA, CA 93291-9334
20505937	AMERICAN INTERIOR PLANT SERVICE	4/21/2015	6/30/2027	--ON FILE--
20500453	AMERICAN LEAK DETECTION	7/1/2009	6/30/2027	1201 ANDERSEN DR STE N, SAN RAFAEL, CA 94901-5342
20509658	AMERICAN MEDICAL RESPONSE WEST	1/1/2026	6/30/2027	1626 ROLLINS RD, BURLINGAME, CA 94010-2302
20501830	AMERICAN MEDICAL RESPONSE WEST	5/16/2017	6/30/2027	1510 ROLLINS RD, BURLINGAME, CA 94010-2306
20505592	AMERICAN NATIONAL RED CROSS	1/1/1998	6/30/2026	1710 TROUSDALE, BURLINGAME, CA 94010
20506014	AMERICAN POSTAL WORKERS UNION	7/1/1982	6/30/2027	1350 BAYSHORE HWY #360, BURLINGAME, CA 94010-1882
20502500	AMERICAN REALTY & CONSTRUCTION INC.	7/1/2017	6/30/2027	1489 WEBSTER ST STE 218, SAN FRANCISCO, CA 94115-3760
20510109	AMERICAN SHEET METAL PARTITION CO., INC.	6/15/2026	6/30/2027	8615 23RD AVE, SACRAMENTO, CA 95826-4903
20509202	AMERICAN SIGN INSTALLATION COMPANY	6/28/2025	6/30/2027	--ON FILE--
20508961	AMERICAN STANDARD HOME SERVICES	3/24/2025	6/30/2026	902 W CARRIER PKWY, GRAND PRAIRIE, TX 75050-1101
20504084	AMERICAN STANDARD ROOFING INC.	10/13/2021	6/30/2027	1340 DONNER AVE, SAN FRANCISCO, CA 94124-3613
20509120	AMERICAN STEEL & STAIRWAYS, INC.	6/1/2025	6/30/2026	8525 FOREST ST STE A, GILROY, CA 95020-3797
20502702	AMERICAN WATER HEATER SERVICE INC	12/15/2011	6/30/2027	35325 FIRCREST ST STE C, NEWARK, CA 94560-1230
20508975	AMERICO BUILDERS LLC	3/28/2025	6/30/2026	1040 E HOWELL AVE, ANAHEIM, CA 92805-6406
20506403	AMERIGAS PROPANE	6/3/2009	6/30/2027	500 N GULPH RD, KING OF PRUSSIA, PA 19406-2822
20509201	AMG DESIGN & BUILD	6/27/2025	6/30/2026	--ON FILE--
20503423	AMIN DEAN, CPA	1/15/2004	6/30/2027	1799 BAYSHORE HWY # 100, BURLINGAME, CA 94010-1306
20508442	AMPERSAND CAPITAL GROUP LP	1/2/2024	6/30/2027	1290 HOWARD AVE STE 201-D, BURLINGAME, CA 94010-4222
20508952	AMPLISIFY	4/1/2025	6/30/2027	--ON FILE--
20508408	AMQOR	7/30/2024	6/30/2027	1310 ROLLINS RD, BURLINGAME, CA 94010-2410
20506416	AMS.NET, INC.	9/30/2019	6/30/2027	502 COMMERCE WAY, LIVERMORE, CA 94551-7812
20508167	AMY M. JENSEN, CERTIFIED INTEGRAL COACH	7/1/2024	6/30/2027	533 AIRPORT BLVD STE 400, BURLINGAME, CA 94010-2028
20505626	AMY TRUSSO LMFT	1/1/2015	6/30/2027	405 PRIMROSE RD #308, BURLINGAME, CA 94010-4047
20505326	ANATOMY	7/1/2008	6/30/2027	827 CALIFORNIA DR, BURLINGAME, CA 94010-3604
20502700	ANCHOR FIN/INS.SERV	12/14/2011	6/30/2027	533 AIRPORT BLVD # 400, BURLINGAME, CA 94010-2028
20507262	ANDERSEN BAKERY	6/30/2023	6/30/2027	1849 EL CAMINO REAL, BURLINGAME, CA 94010
20509230	ANDERSON COMMERCIAL FLOORING	8/11/2025	6/30/2027	1000 GRAND AVE, OAKLAND, CA 94607-2933
20504735	ANDERSON YAZDI HWANG ET AL	12/23/2013	6/30/2027	350 PRIMROSE RD, BURLINGAME, CA 94010-4005
20508895	ANDRA NORRIS GALLERY	1/1/2025	6/30/2027	311 LORTON AVE, BURLINGAME, CA 94010-4103
20507271	ANDRADA REMODELING	6/9/2023	6/30/2026	940 CHADBORNE AVE, MILLBRAE, CA 94030
20500959	ANDRE-BOUDIN BAKERIES INC	7/1/2010	6/30/2027	160 JEFFERSON ST LOWR L, SAN FRANCISCO, CA 94133
20505742	ANDREA DE GRAFF	1/1/2022	6/30/2027	1601 BAYSHORE HWY # 245, BURLINGAME, CA 94010-1508
20501414	ANDREINI BROTHERS INC	2/24/1998	6/30/2027	151 MAIN ST, HALF MOON BAY, CA 94019-1705
20504329	ANDRESEN	12/17/2018	6/30/2027	855 STANTON, BURLINGAME, CA 94010
20504580	ANDREW LEI, CPA	10/24/2013	6/30/2027	345 LORTON AVE # 305, BURLINGAME, CA 94010-4136
20510055	ANEZINOS BUILDWORKS	5/28/2026	6/30/2026	455 ALLAN ST, DALY CITY, CA 94014-1627
20509141	ANGEL CONSTRUCTION SERVICES INC	6/3/2025	6/30/2027	--ON FILE--
20505980	ANGEL DANAE LLC	10/1/2008	6/30/2027	1126 BROADWAY # 7, BURLINGAME, CA 94010-3449
20507058	ANGELS HAIR	3/2/2023	6/30/2026	1200 HOWARD AVE STE 103, BURLINGAME, CA 94010-4223
20510069	ANGIE'S NP PRACTICE	6/8/2026	6/30/2027	--ON FILE--
20505963	ANGUAN CORPORATION	7/1/2008	6/30/2026	1419 BURLINGAME AVE # R, BURLINGAME, CA 94010-4123
20508383	ANMAC WATER TREATMENT SERVICE INC	7/22/2024	6/30/2027	--ON FILE--
20502584	ANNE H HINCKLE	12/5/2001	6/30/2027	1616 SANCHEZ, BURLINGAME, CA 94010
20507558	ANNE THAI M.D.	7/1/2015	6/30/2027	1720 EL CAMINO REAL STE 135, BURLINGAME, CA 94010-3215
20508410	ANNIE - SERENITY MEDSPA LLC	5/28/2024	6/30/2026	1720 EL CAMINO REAL # 160, BURLINGAME, CA 94010-3231
20500495	ANNING JOHNSON COMPANY	2/14/2020	6/30/2027	22955 KIDDER ST, HAYWARD, CA 94545-1670
20510163	ANSON APARTMENTS LLC	9/28/2020	6/30/2027	--ON FILE--
20502057	ANTHEM INTERIORS INC.	4/1/2021	6/30/2027	1208 DONNELLY AVE, BURLINGAME, CA 94010-4102
20506488	ANTHONY WONG	1/4/2023	6/30/2027	850 BURLINGAME AVE, BURLINGAME, CA 94010-2899
20508686	ANTONIO BUSELLI TRUST/MARIA BUSELLI FILOUS TRUST	1/1/2024	6/30/2027	815 EL CAMINO REAL, BURLINGAME, CA 94010-5087
20502609	ANTONIO GONZALES LANDSCAPING	11/7/2011	6/30/2027	1609 S NORFOLK ST, SAN MATEO, CA 94401-3607
20507145	ANX HOME HEALTHCARE	4/1/2023	6/30/2027	1633 BAYSHORE HWY # 234, BURLINGAME, CA 94010-1588
20507146	ANX HOSPICE CARE NURSING INC.	4/1/2023	6/30/2027	1633 BAYSHORE HWY # 236, BURLINGAME, CA 94010-1588
20504565	ANY CAR SERVICES INC	5/11/2007	6/30/2027	1 PARK RD, BURLINGAME, CA 94010-4403
20509940	ANYI LANDSCAPE STUDIO	5/1/2026	6/30/2027	2647 ROYAL ANN DR, UNION CITY, CA 94587-4927
20502513	ANZA PARKING	9/7/2001	6/30/2027	615 AIRPORT BLVD, BURLINGAME, CA 94010-1913
20509432	AP CIVIL ENGINEERING & CONSTRUCTION	9/12/2025	6/30/2026	--ON FILE--
20502877	AP GROUP LIFE SAFETY USA LLC	4/3/2012	6/30/2027	188 CIRBY WAY, ROSEVILLE, CA 95678-6481
20508127	APACHE INDUSTRIAL UNITED	4/22/2024	6/30/2026	3690 SPRIG DR STE A, BENICIA, CA 94510-1223
20508921	APB GENERAL ENGINEERING	3/24/2025	6/30/2026	2721 KEVIN RD, SAN PABLO, CA 94806-1412
20502691	APEX BUSINESS SERVICES (USA) LLC	12/8/2011	6/30/2027	1350 BAYSHORE HWY # 920, BURLINGAME, CA 94010-1818
20500849	APEX CLEANING AND JANITORIAL	7/1/2016	6/30/2027	1301 BEACON AVE, SAN MATEO, CA 94401-3039
20508590	APEX COURT ACADEMY	10/8/2024	6/30/2027	850 BURLINGAME AVE, BURLINGAME, CA 94010-2899
20506132	APEX DRIVING SCHOOL	7/1/2015	6/30/2027	533 AIRPORT BLVD # 430, BURLINGAME, CA 94010-2018
20500199	APEX FREIGHT SYSTEM, INC.	1/3/2020	6/30/2027	877 MAHLER RD 2ND FL, BURLINGAME, CA 94010
20500212	APEX HOLDING GROUP, INC.	1/1/2020	6/30/2027	877 MAHLER RD 2ND FL, BURLINGAME, CA 94010
20505726	APEX MARITIME CO., INC	3/1/2015	6/30/2027	877 MAHLER RD 2ND FL, BURLINGAME, CA 94010
20500716	APEX MARITIME CO., INC.	5/1/2020	6/30/2027	1541 ROLLINS RD, BURLINGAME, CA 94010-2305
20504457	APEX POWER, ELECTRICAL SUPPLY AND SOLUTIONS	12/22/2006	6/30/2027	895 MITTEN RD, BURLINGAME, CA 94010-1303
20501053	APEX REFRIGERATION CORP	7/1/2010	6/30/2027	2430 SPRING CT F, CONCORD, CA 94520
20504659	APOLLO BUILDING AND ROOFING GROUP INC.	12/20/2021	6/30/2026	1515 OAKLAND BLVD #140, WALNUT CREEK, CA 94596-4345
20509580	APPARATUS ARCHITECTURE	11/1/2025	6/30/2027	4450 18TH ST, SAN FRANCISCO, CA 94114-2429
20503248	APPLE INC	7/1/2003	6/30/2027	1301 BURLINGAME AVE, BURLINGAME, CA 94010-4108
20506974	APPLEGATE APPLIANCE	1/1/2023	6/30/2026	--ON FILE--
20509673	APPLIED GENERAL CONSTRUCTION, INC	12/24/2025	6/30/2026	1398 MARIN ST, SAN FRANCISCO, CA 94124-1219
20509838	APPLIED ORTHOTICS & PROSTHETICS, INC.	3/3/2026	6/30/2027	1740 MARCO POLO WAY STE 10, BURLINGAME, CA 94010-4522
20509232	APTIVE ENVIRONMENTAL, INC	7/14/2025	6/30/2027	5132 N 300 W STE 150, PROVO, UT 84604-5819
20504309	AQUA NAIL SALON	7/11/2006	6/30/2027	1234 HOWARD AVE, BURLINGAME, CA 94010-4215
20508856	AQUA-METRIC SALES COMPANY	2/6/2025	6/30/2027	4050 FLAT ROCK DR, RIVERSIDE, CA 92505-5858
20502216	AQUALINE PIPING, INC.	9/13/2017	6/30/2027	2108 BERING DR STE C, SAN JOSE, CA 95131-2029
20501356	AQUAMATIC FIRE PROTECTION INC	12/8/1997	6/30/2027	540 GARCIA AVE STE A, PITTSBURG, CA 94565-4950
20505754	ARAMARK UNIFORM & CAREER APPAREL	7/1/2008	6/30/2027	2680 PALUMBO DR, LEXINGTON, KY 40509-1000
20502671	ARANA BAY AREA PAINTING INC	12/29/2017	6/30/2026	--ON FILE--
20505187	ARB, INC.	4/28/2008	6/30/2026	26000 COMMERCENTRE DR, LAKE FOREST, CA 92630-8816
20508676	ARBOR MD TREE CARE, INC	11/15/2024	6/30/2027	7041 KOLL CENTER PKWY STE 120, PLEASANTON, CA 94566-3175
20500568	ARBY OF MERCED / TOPPER JEWELERS	10/21/1993	6/30/2027	1294 BURLINGAME AVE, BURLINGAME, CA 94010-4128
20509920	ARC RESTORATION & WATERPROOFING	4/7/2026	6/30/2026	--ON FILE--
20505617	ARC TEC, INC.	8/7/2019	6/30/2027	2960 E NORTHERN AVE C, PHOENIX, CA 85028
20509801	ARC'TERYX BURLINGAME	3/14/2026	6/30/2026	1354 BURLINGAME AVE, BURLINGAME, CA 94010-4109
20506328	ARC70 CAPITAL LLC	8/1/2022	6/30/2027	250 CALIFORNIA DR, BURLINGAME, CA 94010-4172
20505537	ARCH PLUMBING, INC.	7/26/2019	6/30/2026	121 QUINT ST, SAN FRANCISCO, CA 94124-1403
20504362	ARCHITECTS ORANGE	12/26/2018	6/30/2027	144 N ORANGE ST, ORANGE, CA 92866-1400
20509751	ARCHITECTURAL FENESTRATION & RESTORATION INC	1/1/2026	6/30/2026	196 TUNSTEAD AVE, SAN ANSELMO, CA 94960-2622
20505528	ARCHITECTURE ALLURE, INC	10/24/2014	6/30/2027	51 SOMERSET ST, SAN FRANCISCO, CA 94134-1250
20504406	ARCHIVED SF	1/10/2019	6/30/2026	1419 BURLINGAME AVE STE W, BURLINGAME, CA 94010-4119
20510029	ARCTIC HVAC & CONSTRUCTION	5/15/2026	6/30/2027	8145 SIGNAL CT # D, SACRAMENTO, CA 95824-2346
20508835	ARCUS ARCHITECTURE AND PLANNING	1/1/2025	6/30/2027	61 WALTER U LUM PL, SAN FRANCISCO, CA 94108-1801
20505806	ARE YOU BEING SERVED? INC	9/9/2019	6/30/2027	--ON FILE--
20509017	AREN ELECTRIC CO., INC.	4/15/2025	6/30/2027	23 HAMPSHIRE AVE, DALY CITY, CA 94015-2835
20505909	ARENA STUART RENTALS, INC.	9/23/2019	6/30/2027	454 S ABBOTT AVE, MILPITAS, CA 95035, CA 95035
20508894	ARES HOLDINGS LLC DBA NEXTECH	2/21/2025	6/30/2027	1045 S JOHN RODES BLVD, MELBOURNE, FL 32904-2000
20506514	ARFLOR CONSTRUCTION	8/10/2022	6/30/2026	22425 FLAGG ST, HAYWARD, CA 94541-4909
20504226	ARGOS CAPITAL INVESTMENTS, LLC	11/15/2018	6/30/2027	--ON FILE--
20503202	ARHAUS LLC	8/6/2021	6/30/2027	1230 BURLINGAME AVE, BURLINGAME, CA 94010-4128
20508707	ARIA SPA	1/1/2025	6/30/2027	1141 CALIFORNIA DR, BURLINGAME, CA 94010-3505
20508421	ARIADNE LLC	8/10/2024	6/30/2027	--ON FILE--
20509948	ARIES GLOBAL SUPPLY LLC	5/15/2026	6/30/2027	--ON FILE--
20500379	ARIES INSURANCE AGENCY	11/12/1992	6/30/2026	1601 BAYSHORE HWY #223, BURLINGAME, CA 94010-1508
20509348	ARISALVA CONSTRUCTION	9/1/2025	6/30/2026	2644 SARATOGA AVE, CONCORD, CA 94519-1641
20507986	ARMOUR FENCE	2/12/2024	6/30/2026	--ON FILE--
20506096	ARREGLO CONSTRUCTION	6/6/2022	6/30/2027	676 CORONA DR, PACIFICA, CA 94044-3417
20509134	ARRGO BUILDERS. INC.	10/21/2025	6/30/2027	710 W JULIAN ST, SAN JOSE, CA 95126-2713
20506199	ARRIAGA MASONRY	8/1/2015	6/30/2027	3060 EL CERRITO PLZ # 340, EL CERRITO, CA 94530-4011
20508855	ARRIS BUILD GROUP, INC.	12/15/2025	6/30/2026	420 1ST AVE, SAN MATEO, CA 94401-3203
20505348	ARRIVENT BIOPHARMA INC.	2/15/2022	6/30/2027	1350 OLD BAYSHORE BLVD 850, BURLINGAME, CA 94010
20501124	ARROW SIGN COMPANY	3/15/2019	6/30/2026	1051 46TH AVE, OAKLAND, CA 94601-4436
20509553	ARROW STRIPE INC	8/13/2025	6/30/2027	--ON FILE--
20501622	ART ATTACK!	11/3/1998	6/30/2027	1810 MAGNOLIA AVE, BURLINGAME, CA 94010-4502
20505019	ART DE CHINE DESIGN, LLC	5/16/2019	6/30/2027	800 AIRPORT BLVD #308, BURLINGAME, CA 94010-1919
20509938	ART MAJOR ROOFING & CONSTRUCTION	4/14/2026	6/30/2026	--ON FILE--
20501491	ART OF CONSTRUCTION, INC.	5/29/2014	6/30/2027	400 FORBES BLVD 1, S SAN FRANCISCO, CA 94080-2026
20505516	ART OF ITALY INC	10/22/2014	6/30/2027	1439 N CAROLAN AVE, BURLINGAME, CA 94010-2403
20500188	ARTHUR RUDE CO	12/1/2009	6/30/2027	8 HARRISON CT, NOVATO, CA 94947-4430
20504391	ARTISTIC DESIGNS FOR LIVING	8/22/2013	6/30/2027	2152 UNION ST, SAN FRANCISCO, CA 94123-4004
20508940	ASH AND GOLD SALON	7/22/2025	6/30/2027	1375 BURLINGAME AVE STE 204B, BURLINGAME, CA 94010-4100
20508081	ASH BROTHERS CONSTRUCTION INC	3/20/2024	6/30/2026	303 TWIN DOLPHIN DR STE 600, REDWOOD CITY, CA 94065-1422
20509743	ASHIBIO, INC.	6/15/2025	6/30/2027	1633 OLD BAYSHORE HWY STE 216, BURLINGAME, CA 94104
20501800	ASIAN BOX PALO ALTO, LLC	1/24/2017	6/30/2027	1401 BURLINGAME AVE, BURLINGAME, CA 94010-4110
20505476	ASLAM'S RASOI 2 INC	10/8/2014	6/30/2027	1425 BURLINGAME AVE, BURLINGAME, CA 94010-4110
20508890	ASPHALT BUYER II, LLC	2/28/2025	6/30/2027	645 DADO ST, SAN JOSE, CA 95131-1209
20506555	ASSA ABLOY ENTRANCE SYSTEMS US INC	7/28/2009	6/30/2027	, CLAYTON, MO 63105
20507984	ASSISTING HANDS SAN CARLOS	3/4/2024	6/30/2027	877 MAHLER RD STE 155, BURLINGAME, CA 94010-1640
20505533	ASSOCIATED BUILDING SUPPLY, INC.	7/1/2008	6/30/2027	859 HINCKLEY RD, BURLINGAME, CA 94010-1502
20501091	ASSOCIATED ELECTRIC & SECURITY, INC.	7/27/2020	6/30/2027	1405 HUNTINGTON AVE # 305, SOUTH SAN FRANCISCO, CA 94080-5965
20500855	ASSOCIATED HEATING OF SAN FRANCISCO, INC.	6/24/2020	6/30/2026	5786 MISSION ST, SAN FRANCISCO, CA 94112-4236
20508152	ASSOCIATED REBAR INC	2/2/2024	6/30/2027	1095 E MADISON LN, SALINAS, CA 93907-1815
20502016	ASSOCIATED SECURITY ALARM CO	7/30/1985	6/30/2027	201 BANCROFT RD, BURLINGAME, CA 94010-2821
20500352	ASSOCIATED SERVICES COMPANY	7/1/2009	6/30/2027	600 MCCORMICK ST, SAN LEANDRO, CA 94577-1128
20506353	ASSOCIATED WINDOW CLEANING INC	7/1/2008	6/30/2027	607 SANTA SUSANA AVE, MILLBRAE, CA 94030-1240
20503945	AT TRANSPORT LLC	9/17/2018	6/30/2027	--ON FILE--
20504558	ATELIER CHO THOMPSON	2/7/2019	6/30/2026	2410 CALIFORNIA ST #3, SAN FRANCISCO, CA 94115-2682
20503814	ATELIER INTERNI	3/7/2005	6/30/2027	1110 BAYSWATER AVE # 302, BURLINGAME, CA 94010-4352
20509571	ATELIER LAWRENCE CHEUNG	1/5/2026	6/30/2027	--ON FILE--
20502692	ATELIER NOEL	1/3/2018	6/30/2027	--ON FILE--
20508684	ATHENA CODING LLC	1/1/2025	6/30/2026	454 MAIN ST, HINGHAM, MA 02043-2712
20504027	ATHERTON KITCHEN DESIGN STUDIO	9/28/2005	6/30/2027	1634 ROLLINS RD, BURLINGAME, CA 94010-2302
20502535	ATHLETA #4630	11/14/2017	6/30/2027	1300 BURLINGAME AVE, BURLINGAME, CA 94010-4109
20503816	ATI RESTORATION, LLC	8/26/2021	6/30/2027	3360 E LA PALMA AVE, ANAHEIM, CA 92806-2814
20509463	ATKINS SPECIALTY WINDOWS	9/25/2025	6/30/2026	2100 WALSH AVE STE A, SANTA CLARA, CA 95050-2545
20500293	ATLANTIC OFFICE AUTOMATION, INC.	1/29/1992	6/30/2027	890 COWAN RD # I, BURLINGAME, CA 94010-1208
20503225	ATLAS / PELLIZZARI ELECTRIC	5/19/2003	6/30/2027	450 HOWLAND ST, REDWOOD CITY, CA 94063-1141
20502154	ATLAS PLUMBING & ROOTER	6/20/2011	6/30/2027	3311 MISSION ST # 165, SAN FRANCISCO, CA 94110-5008
20500932	ATLAS TRILLO	7/27/2016	6/30/2027	2305 PARAGON DR, SAN JOSE, CA 95131-1309
20508879	ATRINA SOLAR	2/25/2025	6/30/2026	155 MAST ST #103, MORGAN HILL, CA 95037-8400
20508972	ATTIC PROS INC	3/26/2025	6/30/2027	718 DOUGLAS AVE, OAKLAND, CA 94603-3006
20510140	ATTIC STAR	7/1/2026	6/30/2027	1273 INDUSTRIAL PKWY W UNIT 300, HAYWARD, CA 94544-7097
20504779	AU ELECTRIC CORP	10/30/2007	6/30/2026	499 E TAYLOR ST, SAN JOSE, CA 95112-3138
20509009	AUDIO IMAGES	12/18/2024	6/30/2027	1011 CALIFORNIA DR, BURLINGAME, CA 94010-3630
20505047	AUDIT AND TAX SOLUTIONS CPAS, INC.	7/1/2013	6/30/2027	1799 BAYSHORE HWY # 232, BURLINGAME, CA 94010-1312
20502643	AUDREY FAIRCHILD, LMFT	5/1/2021	6/30/2027	1720 MARCO POLO WAY STE E, BURLINGAME, CA 94010-4513
20506454	AUTHENTIC RESTORATION AND WATERPROOFING, INC	7/15/2022	6/30/2027	25005 VIKING ST, HAYWARD, CA 94545-2703
20508599	AUTO 360 GARAGE BURLINGAME	10/10/2024	6/30/2027	903 CALIFORNIA DR, BURLINGAME, CA 94010-3605
20505933	AUTO PRIDE CAR WASH	6/1/1982	6/30/2027	1095 CAROLAN AVE, BURLINGAME, CA 94010-2505
20500492	AUTO-CHLOR SYSTEM OF NORTHERN CALIFORNIA INC	7/1/2009	6/30/2027	450 FERGUSON DR, MOUNTAIN VIEW, CA 94043-5214
20500319	AUTOHAUS BURLINGAME	5/1/1992	6/30/2027	1309 ROLLINS RD, BURLINGAME, CA 94010-2409
20500190	AUTOHAUS SCHMID	6/4/1990	6/30/2027	1213 ROLLINS RD, BURLINGAME, CA 94010-2407
20508374	AUTOMATED BUILDING CONTROL SOLUTIONS	8/1/2024	6/30/2027	--ON FILE--
20503838	AUTOMATIC DOOR SYSTEMS, INC.	7/1/2018	6/30/2027	982 TERMINAL WAY, SAN CARLOS, CA 94070-3225
20506226	AUTOMOBILI COUNTRY CLUB	7/29/2015	6/30/2027	65 STAR WAY, BURLINGAME, CA 94010
20501627	AVALON TRANSPORTATION	12/7/1998	6/30/2027	533 AIRPORT BLVD # 385, BURLINGAME, CA 94010-2043
20502198	AVENUE STYLES SALON - MARIA TACHIS	7/1/2011	6/30/2027	1307 BAYSWATER AVE, BURLINGAME, CA 94010-4312
20500008	AVENUE STYLES SALON- NICOLE SCHERER	10/7/2015	6/30/2027	1307 BAYSWATER AVE, BURLINGAME, CA 94010-4312
20510180	AVID4 ADVENTURE BURLINGAME DAY CAMP	6/15/2026	6/30/2027	250 ANZA BLVD, BURLINGAME, CA 94010-1939
20501249	AVR REALTY, INC.	7/1/1982	6/30/2027	1169 BROADWAY, BURLINGAME, CA 94010-3429
20507174	AVRAHAM RISKIN	4/20/2023	6/30/2027	914 PLYMOUTH AVE, SAN FRANCISCO, CA 94112-2308
20505069	AW CITY CARTING	5/28/2019	6/30/2026	1628 CORONADO WAY, BURLINGAME, CA 94010-4627
20509810	AXEL8 CONSTRUCTION LLC	2/16/2026	6/30/2027	724 PINE ST, SAN FRANCISCO, CA 94108-3110
20509058	AXIA SOLAR CORP	5/5/2025	6/30/2027	500 W SPECTRUM CENTER DR STE 500, IRVINE, CA 92618-4955
20508510	AXIOM RENOVATION	9/3/2024	6/30/2026	4030 MOORPARK AVE STE 102, SAN JOSE, CA 95117-1848
20502287	AXIS CUSTOMS BROKERS	11/15/2000	6/30/2027	--ON FILE--
20509886	AYALA'S COLOR AND CONCEPTS INC	3/8/2026	6/30/2027	--ON FILE--
20503420	AYOOB & PEERY PLUMBING CO INC	10/16/2008	6/30/2027	975 INDIANA ST, SAN FRANCISCO, CA 94107-3007
20502951	AZONIC DESIGN SPECIALIST	1/24/1984	6/30/2027	--ON FILE--
20504413	AZUL WORKS INC	10/31/2006	6/30/2027	1400 EGBERT AVE, SAN FRANCISCO, CA 94124-3222
20500829	B & D PRODUCTION SALES	7/1/2010	6/30/2027	1092 SILVER BROOK PL, MANTECA, CA 95337-8225
20503316	B & N INDUSTRIES	8/11/2003	6/30/2027	15 GUITTARD RD, BURLINGAME, CA 94010-2203
20508015	B AND D EXCAVATION AND CONSTRUCTION	2/26/2024	6/30/2026	455 HORN AVE, SANTA ROSA, CA 95407-8249
20508251	B P I CONSTRUCTION	6/4/2024	6/30/2027	65 SHELFORD AVE, SAN CARLOS, CA 94070-1839
20508976	B STREET BOOKS	6/1/2025	6/30/2027	1471 BURLINGAME AVE, BURLINGAME, CA 94010-4110
20500442	B.T. MANCINI CO INC	5/13/2010	6/30/2027	876 S MILPITAS BLVD, MILPITAS, CA 95035-6311
20509660	B.TOX.BAR.	1/2/2026	6/30/2027	401 PRIMROSE RD STE C, BURLINGAME, CA 94010-4063
20506989	B.Y. & S. CPAS, A PROFESSIONAL CORPORATION	1/10/2023	6/30/2027	851 BURLWAY RD # 523, BURLINGAME, CA 94010-1714
20508355	BABBLE SPEECH THERAPY, INC.	3/13/2023	6/30/2027	405 PRIMROSE RD # 324, BURLINGAME, CA 94010-4092
20503381	BABY BEAR CONSTRUCTION LLC	8/6/2021	6/30/2027	--ON FILE--
20505061	BACH CONSTRUCTION, INC	7/21/1981	6/30/2027	533 AIRPORT BLVD # 400, BURLINGAME, CA 94010-2028
20500910	BACKFLOW PREVENTION SPECIALISTS, INC.	9/8/2010	6/30/2027	1131 ELKO DR, SUNNYVALE, CA 94089-2208
20507405	BACKHAUS LLC	9/14/2023	6/30/2027	261 CALIFORNIA DR, BURLINGAME, CA 94010-4112
20504479	BAEK YOUNG AHN ARCHITECT	1/5/2007	6/30/2027	533 AIRPORT BLVD, BURLINGAME, CA 94010-2018
20507224	BAGG ENGINEERS	5/11/2023	6/30/2027	138 CHARCOT AVE, SAN JOSE, CA 95131-1101
20509425	BAGGY'S LIQUOR	9/15/2015	6/30/2027	1535 PLAZA LN, BURLINGAME, CA 94010-3203
20502201	BAKER BROTHERS DEBRIS BOX & RECYCLING SERVICES,INC	7/1/2011	6/30/2026	PO BOX 6554, SAN MATEO, CA 94403-7076
20506795	BAKER TILLY ADVISORY GROUP, LP	10/3/2022	6/30/2027	4807 INNOVATE LN, MADISON, WI 53718-9404
20508741	BAKER TILLY US, LLP	6/1/2024	6/30/2027	4807 INNOVATE LN, MADISON, WI 53718-9404
20502258	BALBOA HOMES	9/22/2017	6/30/2027	--ON FILE--
20504818	BALDOCCHI & DAUGHTERS SPECIAL EVENTS	11/28/2007	6/30/2027	1336 BALBOA AVE, BURLINGAME, CA 94010-4774
20501292	BALLAST POINT FINANCIAL PLANNING, LLC	7/1/2016	6/30/2027	340 LORTON AVE STE 216, BURLINGAME, CA 94010-4126
20501875	BALSAM BRANDS INC.	7/1/2016	6/30/2026	1561 ADRIAN RD, BURLINGAME, CA 94010-2107
20505349	BANDRA VENTURES	7/31/2014	6/30/2027	--ON FILE--
20508966	BANK OF THE ORIENT	4/16/2025	6/30/2027	1423 BURLINGAME AVE, BURLINGAME, CA 94010-4110
20509313	BANNISTER CUSTOM HOMES INC.	8/18/2025	6/30/2027	--ON FILE--
20509110	BANTRY BAY CONSTRUCTION	5/30/2025	6/30/2026	--ON FILE--
20509106	BANYAN BEHAVIORAL HEALTH	6/1/2025	6/30/2027	877 MAHLER RD STE 160, BURLINGAME, CA 94010-1640
20506815	BARCCI BUILDERS INC.	10/7/2022	6/30/2026	2261 MARKET ST STE 5747, SAN FRANCISCO, CA 94114-1612
20502123	BARISONE CONSTRUCTION, INC.	1/27/2021	6/30/2027	--ON FILE--
20508326	BARK STATION 3	7/1/2024	6/30/2027	1130 CHULA VISTA AVE, BURLINGAME, CA 94010-3502
20507492	BARNES & NOBLE BOOKSELLERS INC	10/10/2023	6/30/2027	1232 BURLINGAME AVE, BURLINGAME, CA 94010-4128
20504274	BARRACUDA SUSHI JAPANESE RESTAURANT	6/1/2006	6/30/2026	347 PRIMROSE RD # B, BURLINGAME, CA 94010-4169
20509324	BARRACUDA SUSHI JAPANESE RESTAURANT	9/1/2025	6/30/2027	347 PRIMROSE RD # B, BURLINGAME, CA 94010-4169
20502291	BARRELHOUSE	7/1/2011	6/30/2027	305 CALIFORNIA DR, BURLINGAME, CA 94010-4114
20502022	BARRON BUILDERS INC.	1/14/2021	6/30/2027	2346 CALLE DEL MUNDO, SANTA CLARA, CA 95054
20500191	BARRON CONSTRUCTION, INC.	1/2/2020	6/30/2027	432 BRIARWOOD DR, SOUTH SAN FRANCISCO, CA 94080-5827
20509389	BARRON ELECTRIC	9/2/2025	6/30/2026	--ON FILE--
20502832	BARRY'S	5/14/2021	6/30/2027	1333 HOWARD AVE, BURLINGAME, CA 94010-4212
20506412	BARTLETT TREE EXPERTS	10/18/2019	6/30/2027	--ON FILE--
20508131	BARTON INTEGRATION, LLC	4/25/2024	6/30/2027	5151 CALIFORNIA AVE STE 100, IRVINE, CA 92617-3205
20502290	BASKIN-ROBBINS 31 FLAVORS STORE	7/16/1981	6/30/2027	1409 BURLINGAME AVE, BURLINGAME, CA 94010-4110
20508563	BASTION CONSTRUCTION SERVICES INC.	9/27/2024	6/30/2026	977 BRANSTEN RD, SAN CARLOS, CA 94070-4021
20502907	BATH FITTER NORTHERN CALIFORNIA	4/20/2012	6/30/2026	8371 CENTRAL AVE STE E, NEWARK, CA 94560-3473
20503222	BATH PLANET NORCAL	5/4/2018	6/30/2026	1175 CHULA VISTA AVE # 1, BURLINGAME, CA 94010-3501
20510196	BATTAGLIA CONSTRUCTION INC.	7/24/2026	6/30/2027	--ON FILE--
20500430	BATTALION ONE FIRE PROTECTION	2/22/2016	6/30/2027	14755 CATALINA ST, SAN LEANDRO, CA 94577-6609
20502404	BAUER'S HOTEL SHUTTLE, LLC	8/19/2011	6/30/2027	533 AIRPORT BLVD 4TH FL, BURLINGAME, CA 94010
20508483	BAUSCH & LOMB AMERICAS, INC.	8/1/2024	6/30/2027	400 SOMERSET CORPORATE BLVD, BRIDGEWATER, NJ 08807-2867
20505315	BAUSCH HEALTH US, LLC	7/23/2014	6/30/2027	400 SOMERSET CORPORATE BLVD, BRIDGEWATER, NJ 08807-2867
20504242	BAY 101 ROOFING	7/11/2013	6/30/2026	--ON FILE--
20502525	BAY 9 ARCHITECTS	4/5/2021	6/30/2026	22 EL CAMINO MORAGA, ORINDA, CA 94563
20500275	BAY ALARM CO.	10/17/1991	6/30/2027	5130 COMMERCIAL CIR, CONCORD, CA 94520-8522
20504896	BAY AREA ARBORIST COOPERATIVE, INC.	1/30/2008	6/30/2027	334 CLAREMONT BLVD # 1, SAN FRANCISCO, CA 94127-1108
20504777	BAY AREA BACKFLOW, INC	1/14/2014	6/30/2027	290 NAGAREDA DR STE 5, GILROY, CA 95020-7350
20502333	BAY AREA BAGELS	2/8/2001	6/30/2026	260 LORTON AVE, BURLINGAME, CA 94010-4204
20508138	BAY AREA BIOSCIENCE EDUCATION COMMUNITY	7/1/2021	6/30/2027	1019 EDWARDS RD, BURLINGAME, CA 94010-2318
20509220	BAY AREA BLIND CLEANERS & REPAIRS	7/1/2025	6/30/2027	--ON FILE--
20509899	BAY AREA COATING CONSULTANTS INC.	4/6/2026	6/30/2027	5401 POWELL RD, DENAIR, CA 95316-9321
20505076	BAY AREA COGNITIVE HEALTH	5/30/2019	6/30/2027	533 AIRPORT BLVD # 400, BURLINGAME, CA 94010-2028
20505955	BAY AREA CUSTOM HOMES, INC.	6/1/2022	6/30/2027	611 INDUSTRIAL RD, SAN CARLOS, CA 94070-3336
20509352	BAY AREA ELECTRICAL CONTRACTORS INC	8/22/2025	6/30/2026	--ON FILE--
20500698	BAY AREA EXECUTIVE COACH	4/1/2016	6/30/2027	533 AIRPORT BLVD # 400, BURLINGAME, CA 94010-2028
20500032	BAY AREA EXECUTIVE OFFICES INC	7/1/1988	6/30/2027	533 AIRPORT BLVD # 400, BURLINGAME, CA 94010-2028
20503644	BAY AREA FOOT CARE, INC.	8/2/2021	6/30/2026	1720 MARCO POLO WAY A, BURLINGAME, CA 94010
20509186	BAY AREA GREEN LAWNS	7/1/2025	6/30/2026	575 4TH ST, MONTARA, CA 94037-9860
20501880	BAY AREA LIFE SOLUTIONS	4/5/2011	6/30/2027	1209 HOWARD AVE STE 200, BURLINGAME, CA 94010-4229
20504647	BAY AREA MARRIAGE & FAMILY THERAPY INC	2/26/2019	6/30/2027	405 PRIMROSE RD STE 301, BURLINGAME, CA 94010-4092
20506682	BAY AREA NATURAL MEDICINE CENTER	9/1/2009	6/30/2027	1419 BURLINGAME AVE S, BURLINGAME, CA 94010
20509925	BAY AREA NEXTGEN BUILDERS LLC	12/10/2025	6/30/2026	--ON FILE--
20500723	BAY AREA PAVING COMPANY	7/29/1981	6/30/2027	PO BOX 340, SAN CARLOS, CA 94070-0345
20502155	BAY AREA POOLS	6/13/2000	6/30/2027	371 BEACH RD, BURLINGAME, CA 94010-2005
20502819	BAY AREA PROPERTIES REALTY & FINANCE INC.	3/20/2012	6/30/2027	533 AIRPORT BLVD # 400, BURLINGAME, CA 94010-2028
20504746	BAY AREA REPRODUCTIVE HEALTHCARE	1/2/2014	6/30/2027	345 LORTON AVE # 101, BURLINGAME, CA 94010-4134
20509857	BAY AREA ROOFING MASTER INC.	3/9/2026	6/30/2026	4574 ELLEN WAY, UNION CITY, CA 94587-4840
20501088	BAY AREA SERVICE	7/1/2010	6/30/2027	851 BURLWAY RD # 103, BURLINGAME, CA 94010-1746
20505181	BAY AREA SOLAR SOLUTIONS INC	6/26/2014	6/30/2027	290 RICKENBACKER CIR, LIVERMORE, CA 94551-7615
20500288	BAY AREA TREE COMPANY INC	1/14/2020	6/30/2027	63 BOVET RD # 324, SAN MATEO, CA 94402-3104
20508554	BAY AREA UNDERPINNING	10/1/2024	6/30/2026	1161 N FAIR OAKS AVE, SUNNYVALE, CA 94089-2102
20508252	BAY AREA WELLNESS CLINIC	6/8/2024	6/30/2027	25 EDWARDS CT STE 102, BURLINGAME, CA 94010-2421
20503756	BAY AREA WINDOW PROS	8/3/2018	6/30/2027	--ON FILE--
20508520	BAY BARBER LOUNGE	9/9/2024	6/30/2027	1209 BROADWAY, BURLINGAME, CA 94010-3423
20509469	BAY BUILD CONSTRUCTION INC	10/1/2025	6/30/2027	12935 ALCOSTA BLVD 194, SAN RAMON, CA 94583-6094
20509753	BAY BUILDERS AND REMODELING INC.	1/26/2026	6/30/2027	800 CHARCOT AVE STE 100, SAN JOSE, CA 95131-2211
20509707	BAY C T CONSTRUCTION, INC	1/15/2026	6/30/2027	419 ELLINGTON AVE, SAN FRANCISCO, CA 94112-4108
20509623	BAY CHILDREN'S SERVICES	12/10/2025	6/30/2027	1408 CHAPIN AVE STE 3, BURLINGAME, CA 94010-4080
20503724	BAY CITIES ROOFING	9/11/2013	6/30/2027	201 JACKSON AVE, REDWOOD CITY, CA 94061-1630
20508487	BAY CITY BOILER AND ENGINEERING CO., INC.	8/26/2024	6/30/2027	23312 CABOT BLVD, HAYWARD, CA 94545-1685
20509403	BAY CITY MECHANICAL, INC	8/1/2025	6/30/2027	870 HARBOUR WAY S, RICHMOND, CA 94804-3613
20506786	BAY CITY MEDICAL SUPPLIES	10/22/2009	6/30/2027	1465 CHAPIN AVE # A, BURLINGAME, CA 94010-4002
20503355	BAY CLUB BROADWAY TENNIS LLC	6/1/2018	6/30/2027	60 EDWARDS CT, BURLINGAME, CA 94010-2413
20509678	BAY COMFORT TRANSIT	3/15/2026	6/30/2027	533 AIRPORT BLVD STE 400, BURLINGAME, CA 94010-2028
20509265	BAY DEMOLITION INC	7/17/2025	6/30/2026	--ON FILE--
20509354	BAY ELECTRIC LLC	8/19/2025	6/30/2026	1055 N CAPITOL AVE # 92, SAN JOSE, CA 95133-2701
20509758	BAY GUARD FIRE PROTECTION	1/27/2026	6/30/2026	--ON FILE--
20509414	BAY LAND CONSTRUCTION	9/8/2025	6/30/2026	--ON FILE--
20503383	BAY LANDING HOTEL	11/26/2003	6/30/2027	1550 BAYSHORE HWY, BURLINGAME, CA 94010-1601
20509880	BAY LEASH	3/21/2026	6/30/2027	--ON FILE--
20507298	BAY LIMOZ, INC.	4/26/2023	6/30/2026	--ON FILE--
20504428	BAY LUMINATIONS	11/21/2006	6/30/2027	15 ENGLE RD, SAN MATEO, CA 94402-1143
20504582	BAY MOUNTAIN AIR INC.	2/14/2019	6/30/2027	88 DILLON AVE, CAMPBELL, CA 95008
20505730	BAY ORTHOPEDIC AND SPINE SOLUTIONS, LLC	7/1/2019	6/30/2027	1501 TROUSDALE DR, BURLINGAME, CA 94010-3282
20508146	BAY PM&R	8/27/2024	6/30/2027	1860 EL CAMINO REAL STE 428, BURLINGAME, CA 94010-3117
20507448	BAY PRO	9/25/2020	6/30/2027	1670 BERRYESSA RD, SAN JOSE, CA 95133-1062
20508892	BAY RAG COMPANY	4/1/2025	6/30/2027	201 SAN JOSE AVE, SAN JOSE, CA 95125-1009
20508305	BAY WEST INSULATION INC.	6/10/2024	6/30/2026	17314 MURPHY PKWY, LATHROP, CA 95330-8717
20504951	BAYAREA ELECTRICIAN	1/24/2022	6/30/2027	7209 SHANNON PARK CT, SO. SAN FRANCISCO, CA 94080
20507393	BAYHILL HEAT & AIR INC	8/7/2023	6/30/2026	1047 S CLAREMONT ST, SAN MATEO, CA 94402-1835
20506425	BAYSHORE ASSOCIATES	7/1/2008	6/30/2027	1588 GILBRETH RD # 223, BURLINGAME, CA 94010-1610
20501727	BAYSHORE PLUMBERS	4/14/2017	6/30/2026	3158 ROLISON RD, REDWOOD CITY, CA 94063-4047
20500421	BAYSHORE SHELL	3/20/2010	6/30/2027	1390 BAYSHORE HWY, BURLINGAME, CA 94010-1803
20501251	BAYSHORE TAX SERVICE	11/8/2016	6/30/2027	1633 BAYSHORE HWY #341, BURLINGAME, CA 94010-1515
20504143	BAYSHORE TRANSMISSIONS	1/30/2006	6/30/2027	1385 MARSTEN RD # B, BURLINGAME, CA 94010-2420
20506201	BAYSIDE 765, LLC	7/18/2022	6/30/2027	765 AIRPORT BLVD, BURLINGAME, CA 94010-1921
20504377	BAYSIDE CAFE	8/21/2013	6/30/2027	533 AIRPORT BLVD # 127, BURLINGAME, CA 94010-2007
20508356	BAYSIDE INTERIORS INC	7/2/2024	6/30/2027	3220 DARBY CMN, FREMONT, CA 94539-5601
20503627	BAYSIDE MECHANICAL INC	8/4/2004	6/30/2027	396 HATCH DR, FOSTER CITY, CA 94404-1106
20506167	BAYSIDE PLAZA	7/1/2008	6/30/2027	700 AIRPORT BLVD, BURLINGAME, CA 94010-1908
20502188	BAYSIDE POOL SERVICE	7/1/2011	6/30/2027	PO BOX 468, BURLINGAME, CA 94011-0469
20505630	BAYSIDE PRINTED PRODUCTS	7/1/2008	6/30/2027	430 N CANAL ST 9, S SAN FRANCISCO, CA 94080-4665
20503604	BAYSTAR SECURITY PATROL INC	7/8/2004	6/30/2027	1870 EL CAMINO REAL # 102, BURLINGAME, CA 94010-3107
20506631	BAYSWATER MYRTLE VENTURE	9/2/2022	6/30/2026	--ON FILE--
20509188	BAYVAL ELECTRIC	6/23/2025	6/30/2027	--ON FILE--
20509567	BAYVIEW FIRE PROTECTION	11/14/2025	6/30/2026	1932 MANCHESTER RD, SAN LEANDRO, CA 94578-1434
20506307	BAYWARE INC	10/1/2019	6/30/2026	433 AIRPORT BLVD STE 128, BURLINGAME, CA 94010-2029
20500991	BAYWATER PACKAGING AND SUPPLY INC	7/1/2010	6/30/2027	2386 AMERICAN AVE, HAYWARD, CA 94545-1808
20507932	BAYWEST GENERAL BUILDER CORPORATION	1/1/2024	6/30/2026	--ON FILE--
20501450	BAYWOOD CAPITAL CORPORATION	4/1/1998	6/30/2027	330 PRIMROSE RD # 508, BURLINGAME, CA 94010-4031
20505748	BAYWOOD CONSTRUCTION	8/23/2019	6/30/2027	2371 CROCKER CT, ANTIOCH, CA 94531-8557
20504607	BAYWORKS INC	7/23/2013	6/30/2027	1204 EL CAMINO REAL, BURLINGAME, CA 94010-4816
20506628	BB EVENTS EVENT PLANNING LLC	7/2/2022	6/30/2027	--ON FILE--
20504561	BBIX USA, INC.	2/8/2019	6/30/2027	345 LORTON AVE STE 306, BURLINGAME, CA 94010-4136
20506193	BCCI CONSTRUCTION LLC	3/16/2009	6/30/2027	301 HOWARD ST STE 200, SAN FRANCISCO, CA 94105-6619
20503962	BDE ARCHITECTURE INC.	9/18/2018	6/30/2027	950 HOWARD ST, SAN FRANCISCO, CA 94103-4114
20502506	BE BLUE VENTURES, INC.	11/3/2017	6/30/2027	433 AIRPORT BLVD STE 103, BURLINGAME, CA 94010-2037
20507030	BEACON ORAL SPECIALISTS MANAGEMENT LLC	1/1/2023	6/30/2027	1750 EL CAMINO REAL # 403, BURLINGAME, CA 94010-3217
20504370	BEADED CREATIONS FOR YOU	10/6/2006	6/30/2027	--ON FILE--
20506804	BEALS MARTIN AND ASSOCIATES INC	10/5/2022	6/30/2027	2596 BAY RD UNIT A, REDWOOD CITY, CA 94063-3093
20509391	BEAN & CO	12/31/2025	6/30/2027	--ON FILE--
20504042	BEAR ELECTRICAL SOLUTIONS, LLC	4/24/2013	6/30/2027	1252 STATE ST, ALVISO, CA 95002
20507550	BEAR SCAFFOLD AND SERVICES	10/13/2023	6/30/2027	1300 STATE ST, ALVISO, CA 95002
20501940	BEARING ENGINEERING CO	7/1/2010	6/30/2027	667 MCCORMICK ST, SAN LEANDRO, CA 94577-1109
20502723	BEASTLEEMADE LLC	4/26/2021	6/30/2027	533 AIRPORT BLVD STE 400, BURLINGAME, CA 94010-2028
20508033	BEATUS AESTHETICS	8/9/2024	6/30/2027	851 CALIFORNIA DR UNIT B, BURLINGAME, CA 94010-3604
20508569	BEAUTY AND THE INKED BOUTIQUE	11/1/2024	6/30/2027	311 CALIFORNIA DR, BURLINGAME, CA 94010-4114
20501228	BEAUTY CENTURY	6/9/1997	6/30/2027	1419 BURLINGAME AVE # B, BURLINGAME, CA 94010-4122
20505009	BEAUTY CENTURY (NANCY LAI)	3/13/2008	6/30/2027	1419 BURLINGAME AVE # B, BURLINGAME, CA 94010-4122
20509663	BEAUTY HOME CONSTRUCTION INC	12/17/2025	6/30/2027	--ON FILE--
20501259	BEAUTY ISLAND SKIN CARE INC.	7/22/1997	6/30/2027	1815 EL CAMINO REAL # 3, BURLINGAME, CA 94010-3283
20502426	BEAUTY SOLUTIONS LLC	7/1/2011	6/30/2027	151 HARVEY WEST BLVD B, SANTA CRUZ, CA 95060-2167
20510083	BECKWITH BUILDERS	6/10/2026	6/30/2027	--ON FILE--
20506973	BEE DALY ELECTRIC INC.	1/2/2023	6/30/2026	233 E HARRIS AVE, SOUTH SAN FRANCISCO, CA 94080-6807
20503342	BEGOVICH FAMILY INVESTMENTS I, LP	7/10/2012	6/30/2026	1336 ARROYO AVE STE 209, SAN CARLOS, CA 94070-3998
20506181	BEHAN'S "AN IRISH PUB"	6/4/1985	6/30/2027	1327 BROADWAY, BURLINGAME, CA 94010-3425
20508986	BELFOR ENVIRONMENTAL INC	4/2/2025	6/30/2026	185 OAKLAND AVE #150, BIRMINGHAM, MI 48009-3430
20510049	BELFOR PROPERTY RESTORATION	5/20/2026	6/30/2027	185 OAKLAND AVE STE 300, BIRMINGHAM, MI 48009-3481
20509607	BELL BROTHERS PLUMBING HEATING AND AIR	11/26/2025	6/30/2026	10555 NORDEN AVE # B, MATHER, CA 95655-4112
20502646	BELL PLUMBING OF SAN MATEO INC	9/3/2010	6/30/2027	611 INDUSTRIAL RD UNIT 8, SAN CARLOS, CA 94070-3337
20505226	BELLA'S BEAUTY SPA INC.	3/3/2022	6/30/2027	1224 BROADWAY, BURLINGAME, CA 94010-1
20506653	BELLEVUE APARTMENTS	9/6/2019	6/30/2027	--ON FILE--
20506390	BELLEVUE VILLA APARTMENTS	7/1/2008	6/30/2027	500 EL CAMINO REAL # 106, BURLINGAME, CA 94010-5148
20506374	BELLO ALLERGY AND WELLNESS CENTER	7/1/2022	6/30/2027	1860 EL CAMINO REAL STE 50, BURLINGAME, CA 94010-3100
20507094	BELLOWS PLUMBING, HEATING AND AIR, INC.	3/15/2023	6/30/2027	2636 S RODEO GULCH RD UNIT D, SOQUEL, CA 95073-2091
20508117	BENCHMARK ENGINEERING, INC.	4/11/2024	6/30/2027	4265 SPYRES WAY STE A, MODESTO, CA 95356-8914
20502980	BENIHANA OF TOKYO, INC.	7/21/1981	6/30/2027	1496 BAYSHORE HWY, BURLINGAME, CA 94010-1701
20503791	BENJAMIN FRANKLIN PLUMBING	12/18/2012	6/30/2027	1609 REGATTA LN B, SAN JOSE, CA 95112
20510075	BENJAMIN ROWE ARCHITECTURE	6/1/2026	6/30/2026	--ON FILE--
20501202	BENNETT MARINE UTILITY	4/24/1997	6/30/2027	1027 CALIFORNIA DR, BURLINGAME, CA 94010-3630
20500680	BENNY & FRANCIS HOUSECLEANING	7/1/1994	6/30/2027	--ON FILE--
20507731	BENNY MORALES ROOFING AND PAINTING	10/2/2024	6/30/2026	289 3RD AVE, REDWOOD CITY, CA 94063-3713
20503636	BERGMAN DESIGN	10/5/2012	6/30/2027	1775 HUNT DR, BURLINGAME, CA 94010-5849
20509404	BERKELEY CEMENT, INC	9/20/2025	6/30/2027	1200 6TH ST, BERKELEY, CA 94710-1402
20500183	BESCO PRODUCTS, INC	7/15/2015	6/30/2027	1611 ADRIAN RD, BURLINGAME, CA 94010-2103
20503980	BESPOKE SIGNS INC	9/24/2018	6/30/2026	1200 INDUSTRIAL RD # 14, SAN CARLOS, CA 94070-4129
20502855	BESS TESTLAB, INC	2/7/2018	6/30/2026	--ON FILE--
20508874	BEST BEST & KRIEGER LLP	2/12/2021	6/30/2027	3390 UNIVERSITY AVE FL 5, RIVERSIDE, CA 92501-3314
20500452	BEST COMMERCIAL CO	4/26/1993	6/30/2027	1860 EL CAMINO REAL #228, BURLINGAME, CA 94010-3111
20509990	BEST QUALITY TREE SERVICE	5/4/2026	6/30/2026	--ON FILE--
20502261	BEST WAY MECHANICAL INC.	9/25/2017	6/30/2026	5550 COMMERCE BLVD STE 8, ROHNERT PARK, CA 94928-1637
20501689	BESTT IMPEX	7/1/2010	6/30/2027	1505 NICORA AVE, SAN JOSE, CA 95133-1642
20503073	BETTER EARTH GARDENS, INC.	4/3/2018	6/30/2026	--ON FILE--
20501864	BETTER LIFE TECHNOLOGIES LLC	11/30/2020	6/30/2027	533 AIRPORT BLVD STE 400, BURLINGAME, CA 94010-2028
20510066	BETTER ROOTER INC	6/3/2026	6/30/2026	1201 PENNSYLVANIA AVE UNIT C, RICHMOND, CA 94801-2300
20508503	BETTERBUILT BUILDERS INC	9/9/2024	6/30/2027	1828 S MILPITAS BLVD # 500, MILPITAS, CA 95035-3957
20506821	BETTS SPRING CO/BETTS TRUCK PARTS & SERVICE	7/1/2009	6/30/2027	2843 S MAPLE AVE, FRESNO, CA 93725-2217
20506866	BEVERAGES & MORE, INC.	1/6/2010	6/30/2027	1462 BURLINGAME AVE, BURLINGAME, CA 94010-4111
20505172	BFP FIRE PROTECTION INC	6/19/2013	6/30/2027	17 JANIS WAY, SCOTTS VALLEY, CA 95066-3537
20510211	BFS GROUP OF CALIFORNIA LLC	1/1/2026	6/30/2027	6031 CONNECTION DR STE 400, IRVING, TX 75039-2605
20500727	BHM CONSTRUCTION, LLC	5/8/2020	6/30/2027	221 GATEWAY RD W STE 405, NAPA, CA 94558-6623
20509806	BHP ELECTRICAL INTEGRATIONS	2/26/2026	6/30/2027	428 N BUCHANAN CIR STE 10, PACHECO, CA 94553-5140
20508473	BIG BAY PLASTERING INC	8/27/2024	6/30/2027	--ON FILE--
20506001	BIG JOE CALIFORNIA NORTH INC	7/1/2008	6/30/2027	25932 EDEN LANDING RD, HAYWARD, CA 94545-3816
20500793	BIG LEAGUE COACHING	6/1/2020	6/30/2027	1425 BROADWAY # 19, BURLINGAME, CA 94010-3448
20509892	BIG SUR LABS	4/1/2026	6/30/2027	--ON FILE--
20501529	BIGGE CRANE AND RIGGING CO	7/1/2010	6/30/2027	10700 BIGGE ST, SAN LEANDRO, CA 94577-1032
20502534	BIGHAM TAYLOR ROOFING CO	8/20/2003	6/30/2027	22721 ALICE ST, HAYWARD, CA 94541-6401
20507467	BIK TECH	8/1/2023	6/30/2027	859 COWAN RD # 1F, BURLINGAME, CA 94010-1221
20507160	BILCOR INC.	4/24/2023	6/30/2027	735 BATTERY ST STE 200, SAN FRANCISCO, CA 94111-1534
20500203	BILL HAMILTON ROOFING INC	3/10/2010	6/30/2027	230 HARRISON AVE, CAMPBELL, CA 95008-1437
20501467	BILL'S AUTO UPHOLSTERY	3/30/1983	6/30/2027	867 CALIFORNIA DR, BURLINGAME, CA 94010-3604
20502777	BIMBO BAKERIES USA, INC.	5/22/2002	6/30/2027	255 BUSINESS CTR, HORSHAM, PA 19044
20509634	BINGO BUILDERS	12/5/2025	6/30/2027	--ON FILE--
20503771	BINTANG BADMINTON	9/1/2021	6/30/2027	1524 ROLLINS RD, BURLINGAME, CA 94010-2306
20501637	BIO-RAD LABORATORIES	7/1/2010	6/30/2027	1000 ALFRED NOBEL DR, HERCULES, CA 94547-1898
20506956	BIOSTAR PHARMA, INC.	4/28/2022	6/30/2027	1633 OLD BAYSHORE HWY STE 280, BURLINGAME, CA 94010
20504523	BISTRO ARANCINI	2/4/2019	6/30/2027	1219 BROADWAY, BURLINGAME, CA 94010-3423
20505604	BIT ELECTRICAL, INC.	1/31/2022	6/30/2027	103 MORTON DR, DALY CITY, CA 94015-4417
20504293	BITTY BITS AND BOBS	7/30/2013	6/30/2027	--ON FILE--
20503730	BIZ CONSULTING, INC.	7/1/2021	6/30/2027	--ON FILE--
20508126	BK ARCHITECTURE RENOVATION AND PROJECT MANAGEMENT	4/1/2024	6/30/2027	--ON FILE--
20509720	BKB ENTERPRISES, INC.	1/19/2026	6/30/2026	--ON FILE--
20500101	BKF ENGINEERS	2/18/2010	6/30/2027	255 SHORELINE DR STE 200, REDWOOD CITY, CA 94065-1428
20508598	BLACK BEAR BUILDERS	10/11/2024	6/30/2026	--ON FILE--
20504239	BLACK DIAMOND PAVING, LLC.	11/20/2018	6/30/2026	23098 CONNECTICUT ST, HAYWARD, CA 94545-1693
20505793	BLACKWELL GENERAL ENGINEERING, INC.	1/22/2009	6/30/2026	1199 E TAYLOR ST, SAN JOSE, CA 95133-1016
20503165	BLAINE TECH SERVICES INC	3/12/2003	6/30/2027	1680 ROGERS AVE, SAN JOSE, CA 95112-1105
20500929	BLAZE FIREPLACES / GOLDEN GATE	1/25/1996	6/30/2027	1675 ROLLINS RD UNIT F, BURLINGAME, CA 94010-2320
20507652	BLAZONA CONCRETE CONSTRUCTION, INC.	11/30/2023	6/30/2026	525 HARBOR BLVD #10, WEST SACRAMENTO, CA 95691-2246
20502983	BLEACHED	6/1/2021	6/30/2026	218 PRIMROSE RD STE 13, BURLINGAME, CA 94010-4208
20506051	BLEECK FINANCIAL MANAGEMENT, INC	7/1/2008	6/30/2027	533 AIRPORT BLVD #400, BURLINGAME, CA 94010-2028
20509483	BLISSFUL NOODLE	11/20/2025	6/30/2027	1320 BROADWAY, BURLINGAME, CA 94010-3426
20508302	BLOOMING NAILS	7/1/2024	6/30/2027	1359 BROADWAY, BURLINGAME, CA 94010-3425
20504034	BLOOMING STARS THERAPY	9/10/2021	6/30/2027	850 BURLINGAME AVE, BURLINGAME, CA 94010-2899
20506509	BLOOMING VASE	7/14/2009	6/30/2027	269 PRIMROSE RD, BURLINGAME, CA 94010-4207
20505968	BLUE HUMMING THERAPY	7/1/2019	6/30/2027	340 LORTON AVE STE 205, BURLINGAME, CA 94010-4126
20506939	BLUE JUNIPER WELLNESS	12/12/2022	6/30/2027	330 PRIMROSE RD #218, BURLINGAME, CA 94010-4026
20508471	BLUE SKY BUILDING	8/21/2024	6/30/2027	--ON FILE--
20509803	BLUE SKY POOL SERVICES INC	2/17/2026	6/30/2026	--ON FILE--
20505394	BLUE WATER POOLS, INC.	2/12/2014	6/30/2026	2401 E CHARLESTON RD, MOUNTAIN VIEW, CA 94043
20507323	BLUE ZONE PHYSICAL THERAPY AND WELLNESS	7/11/2023	6/30/2027	1633 BAYSHORE HWY STE 220, BURLINGAME, CA 94010-1535
20501023	BLUEBIRD INSPECTIONS	7/1/2020	6/30/2027	533 AIRPORT BLVD # 400, BURLINGAME, CA 94010-2028
20503391	BLUEMERCURY	5/28/2018	6/30/2027	1319 BURLINGAME AVE, BURLINGAME, CA 94010-4108
20503744	BLUEVIEW PROPERTIES	8/2/2018	6/30/2027	439 PRIMROSE RD, BURLINGAME, CA 94010-4009
20509907	BLUEWAGON LANDSCAPE & DESIGN INC.	1/1/2026	6/30/2027	21370 FOOTHILL BLVD, HAYWARD, CA 94541-2107
20500875	BLX GROUP LLC	8/19/2010	6/30/2027	355 S GRAND AVE STE 2700, LOS ANGELES, CA 90071-1596
20509007	BLYSS CONSTRUCTION	4/24/2025	6/30/2026	4250 PELL DR, SACRAMENTO, CA 95838-2530
20508517	BMH ELECTRIC LLC	9/30/2024	6/30/2026	1045 CENTER ST, SAN CARLOS, CA 94070-5312
20507970	BMO BANK N.A.	1/1/2024	6/30/2027	149 PARK RD, BURLINGAME, CA 94010-4316
20504973	BMP ROLLINS LLC	12/29/2021	6/30/2027	1305-1331 ROLLINS RD, BURLINGAME, CA 94010-2409
20504638	BMS CAT INC.	2/25/2019	6/30/2027	5718 AIRPORT FWY, HALTOM CITY, TX 76117-6035
20506438	BN PLUMBING	10/22/2019	6/30/2027	--ON FILE--
20509765	BNBUILDERS, INC.	2/2/2026	6/30/2026	1850 GATEWAY DR STE 100, SAN MATEO, CA 94404-4061
20509952	BNO BUILDERS	6/1/2026	6/30/2026	2290 N FIRST ST STE 108, SAN JOSE, CA 95131
20506830	BO-MIC, INC	7/1/2009	6/30/2027	565 BRAGATO RD B, SAN CARLOS, CA 94070
20508365	BOCKMON & WOODY ELECTRIC CO., INC.	7/15/2024	6/30/2027	1528 EL PINAL DR, STOCKTON, CA 95205-2643
20508689	BOLT DOWN THE BAY AREA	11/18/2024	6/30/2027	1424 CUNNINGHAM RD, SEBASTOPOL, CA 95472-5533
20509505	BOMAN DESIGN & CONSTRUCTION INC	10/16/2025	6/30/2026	1155 BRUSSELS ST, SAN FRANCISCO, CA 94134-2105
20503536	BONNIE'S FINE JEWELRY, LLC	7/11/2018	6/30/2027	330 PRIMROSE RD # 407, BURLINGAME, CA 94010-4029
20500809	BORGES SECURITY SYSTEMS, INC.	5/27/2020	6/30/2027	50 S WHITE RD, SAN JOSE, CA 95127-2944
20509254	BORTOLUSSI & WATKIN, INC.	8/1/2025	6/30/2027	77 LARKSPUR ST, SAN RAFAEL, CA 94901-4820
20508725	BOSCH BUILDING TECHNOLOGIES, LLC	12/2/2024	6/30/2027	2851 W KATHLEEN RD, PHOENIX, AZ 85053-4053
20508780	BOTTOM LINE UTILITY SOLUTIONS, INC.	11/1/2024	6/30/2026	1791 KAISER AVE STE B, IRVINE, CA 92614-5739
20508256	BOUDOIR BY LILY	6/1/2024	6/30/2027	1214 BURLINGAME AVE STE 2, BURLINGAME, CA 94010-4155
20503755	BOUDREAU PLUMBING AND HEATING, INC.	1/12/2005	6/30/2027	868 WARRINGTON AVE, REDWOOD CITY, CA 94063-3570
20501054	BOUTON CONSTRUCTION, INC.	1/1/2020	6/30/2027	420 E MCGLINCY LN, CAMPBELL, CA 95008-4905
20506590	BOYETT CONSTRUCTION INC	7/1/2009	6/30/2027	2404 TRIPALDI WAY, HAYWARD, CA 94545-5017
20503821	BR COMMERCIAL	3/14/2005	6/30/2027	1408 CHAPIN AVE # 4, BURLINGAME, CA 94010-4080
20508426	BRAD COX ARCHITECT, INC.	8/1/2024	6/30/2027	1155 MERIDIAN AVE STE 208, SAN JOSE, CA 95125-4331
20503081	BRADY PUBLIC RELATIONS	1/6/2003	6/30/2026	1900 DEVEREUX DR, BURLINGAME, CA 94010-4644
20508550	BRADY WEST, INC.	9/27/2024	6/30/2026	2025 GILLESPIE WAY STE 106, EL CAJON, CA 92020-0924
20502661	BRAGATO PAVING CO, INC	7/21/2020	6/30/2027	500 BRAGATO RD, SAN CARLOS, CA 94070-6227
20510192	BRAIDS ON THE MOVE	7/18/2026	6/30/2027	--ON FILE--
20505848	BRAIN TRUST	7/1/2008	6/30/2027	800 AIRPORT BLVD # 508, BURLINGAME, CA 94010-1930
20509863	BRANDSAFWAY SERVICES LLC.	4/15/2026	6/30/2027	535 WATT DR STE A, FAIRFIELD, CA 94534-1790
20504135	BRANDT PLUMBING	9/9/2013	6/30/2027	--ON FILE--
20502767	BRANNON CORPORATION	1/24/2018	6/30/2027	--ON FILE--
20500148	BRAYER LLC	7/1/2009	6/30/2027	1327 N CAROLAN AVE, BURLINGAME, CA 94010-2423
20510193	BREAKTHROUGH BUILDERS, LLC	8/3/2026	6/30/2027	11778 MARIA LN, LOS ALTOS HILLS, CA 94024-5105
20501660	BRENDA JOE-MATSUO, MFT	1/7/2011	6/30/2027	405 PRIMROSE RD # 307, BURLINGAME, CA 94010-4043
20501867	BRERETON ARCHITECTS	4/1/2011	6/30/2027	255 CALIFORNIA ST STE 750, SAN FRANCISCO, CA 94111-4904
20504652	BRIA SALON	7/26/2007	6/30/2027	218 PRIMROSE 8, BURLINGAME, CA 94010
20506041	BRIAN DECKER GENERAL CONTRACTOR	6/5/2015	6/30/2026	523 CHESTNUT ST APT 19, SAN CARLOS, CA 94070-2150
20500993	BRIAN FORNESI INSURANCE AGENT	5/14/1996	6/30/2026	1 EDWARDS CT 204, BURLINGAME, CA 94010-2428
20500300	BRIAN GARCIA CONSTRUCTION	8/19/2004	6/30/2026	--ON FILE--
20500429	BRIAN NUSSBAUM AND ASSOCIATES	3/15/1993	6/30/2027	1020 EDWARDS RD, BURLINGAME, CA 94010-2318
20507151	BRIANA MCCARTHY	5/1/2023	6/30/2027	--ON FILE--
20509941	BRICK TECH	7/16/2026	6/30/2027	--ON FILE--
20509364	BRICKSTONE ROOFING COMPANY	8/21/2025	6/30/2026	251 S 39TH ST, RICHMOND, CA 94804-3352
20507994	BRIDGE TO LIFE - THE BRIDGE SCHOOL	2/1/2024	6/30/2027	880 MITTEN RD STE 110, BURLINGAME, CA 94010-1309
20505274	BRIDGER FUND INC.	10/19/2021	6/30/2027	819 MITTEN RD, BURLINGAME, CA 94010-1323
20508171	BRIGHT ENERGY GROUP	5/6/2024	6/30/2026	536 STONE RD UNIT D, BENICIA, CA 94510-1170
20502414	BRIGHT EVENT RENTALS	10/13/2017	6/30/2027	1640 W 190TH ST, LOS ANGELES, CA 90501
20506101	BRIGHT PLANET SOLAR	5/2/2022	6/30/2026	195 PULLMAN ST, LIVERMORE, CA 94551-5128
20504071	BRIGHTVIEW LANDSCAPE DEVELOPMENT INC.	10/15/2018	6/30/2027	980 JOLLY RD # 300, BLUE BELL, PA 19422-1957
20502532	BRIGHTVIEW LANDSCAPE SERVICES	9/30/2001	6/30/2027	855 MAHLER RD, BURLINGAME, CA 94010-1603
20503166	BRILLIANT HOMES INC.	4/23/2018	6/30/2027	--ON FILE--
20501397	BRINER'S CLEANING SERVICE	7/1/2010	6/30/2027	3015 E BAYSHORE RD SPACE 154, REDWOOD CITY, CA 94063-4104
20506492	BRINK'S INCORPORATED #B0669	11/30/1984	6/30/2027	PO BOX 80600, INDIANAPOLIS, IN 46280-0610
20503421	BRISENO GARDENING	7/17/2012	6/30/2026	--ON FILE--
20508862	BRITEN FIRE SERVICE INC	2/1/2025	6/30/2027	5538 3RD ST, SAN FRANCISCO, CA 94124-2607
20505026	BRITTANY MASTERS	4/18/2014	6/30/2027	--ON FILE--
20504960	BRIX MASONRY INC.	4/1/2022	6/30/2027	4501 E LA PALMA AVE STE 200, ANAHEIM, CA 92807-1950
20505025	BROADBAND TECHNICAL RESOURCES INC.	1/1/2022	6/30/2027	--ON FILE--
20504530	BROADWAY BURLINGAME APARTMENTS LLC	10/7/2013	6/30/2026	1213 EL CAMINO REAL, BURLINGAME, CA 94010-4898
20504202	BROADWAY CENTRO PIZZA	11/9/2018	6/30/2027	1326 BROADWAY, BURLINGAME, CA 94010-3426
20507139	BROADWAY CLEANERS	4/15/2023	6/30/2026	1234 BROADWAY, BURLINGAME, CA 94010-3424
20502172	BROADWAY EYE CENTER	2/4/1988	6/30/2027	1159 BROADWAY, BURLINGAME, CA 94010-3429
20501548	BROADWAY GRILL LLC	8/1/2020	6/30/2027	1400 BROADWAY, BURLINGAME, CA 94010-3428
20507006	BROADWAY MASSAGE THERAPY	7/1/2022	6/30/2027	1122 BROADWAY, BURLINGAME, CA 94010-3422
20502369	BROADWAY PRIME	4/17/2001	6/30/2027	1316 BROADWAY, BURLINGAME, CA 94010-3426
20505071	BROCK C RIDDLE APPRAISAL	7/1/2007	6/30/2027	1368 VANCOUVER AVE, BURLINGAME, CA 94010-5672
20507090	BROOKE AGUIAR LPCC	4/1/2023	6/30/2027	530 EL CAMINO REAL APT 110, BURLINGAME, CA 94010-5173
20508056	BROTHERS ENERGY INCORPORATED	3/6/2024	6/30/2027	3291 WALNUT BLVD STE 160, BRENTWOOD, CA 94513-4412
20504775	BROTHERS HOME IMPROVEMENT	9/2/2010	6/30/2027	--ON FILE--
20501346	BROTHERS SERVICES TREE CARE	12/15/2016	6/30/2027	1336 HANCOCK ST, REDWOOD CITY, CA 94063-2809
20509694	BROW ENVY BY RUCHI	1/5/2026	6/30/2027	1200 HOWARD AVE STE 105, BURLINGAME, CA 94010-4223
20507958	BROWN & PATKI INC.	2/15/2024	6/30/2027	--ON FILE--
20502607	BRUCE BETTENCOURT PAINTING, INC	11/2/2011	6/30/2027	--ON FILE--
20501825	BRUCE E BOYLE CONSTRUCTION INC	7/26/1999	6/30/2027	191 LEMOORE DR, SAN CARLOS, CA 94070-4333
20505936	BRYSON ROOFING INC	11/5/2008	6/30/2026	--ON FILE--
20506620	BSK ASSOCIATES	7/1/2009	6/30/2027	550 W LOCUST AVE, FRESNO, CA 93650-1079
20502938	BSR COMPANY	11/2/2017	6/30/2027	--ON FILE--
20505241	BTIG, LLC	3/1/2022	6/30/2027	1350 BAYSHORE HWY # 630, BURLINGAME, CA 94010-1815
20501649	BUDGET BUSINESS CLASS INC. / I FLY BUSINESS	11/1/2020	6/30/2027	--ON FILE--
20505314	BUDGET HOLDINGS, LLC	7/3/2019	6/30/2027	--ON FILE--
20509167	BUENA VISTA CONSTRUCTION GROUP INC.	6/18/2025	6/30/2026	--ON FILE--
20502334	BUENA VISTA VISION, INC.	10/1/2020	6/30/2027	1350 OLD BAYSHORE HWY 520, BURLINGAME, CA 94010
20508786	BUENA'S ORGANIC SOFT SERVE	2/1/2025	6/30/2026	1215 BURLINGAME AVE, BURLINGAME, CA 94010-4107
20508492	BUILD BLOCK DEVELOPMENT INC	8/27/2024	6/30/2027	--ON FILE--
20510206	BUILDING A SOLID FOUNDATION	7/27/2026	6/30/2027	--ON FILE--
20502734	BUILDING EFFICIENCY INC	4/24/2014	6/30/2027	2037 IRVING ST STE 213, SAN FRANCISCO, CA 94122-1769
20509871	BUILDING FUTURES INC	5/1/2026	6/30/2027	251 PARK RD # 2, BURLINGAME, CA 94010-4239
20509568	BUILDMETA	11/11/2025	6/30/2026	1293 JULI LYNN DR, SAN JOSE, CA 95120-5312
20501037	BULLSHEAD SUSHI	9/6/2016	6/30/2027	819 MITTEN RD #39, BURLINGAME, CA 94010-1310
20501625	BURCH BROS INC	11/9/1998	6/30/2027	2405 CASA BONA AVE, BELMONT, CA 94002-1507
20505906	BURDICK PAINTING INC	7/1/2008	6/30/2027	705 NUTTMAN ST, SANTA CLARA, CA 95054-2623
20500445	BUREAU VERITAS NORTH AMERICA, INC.	7/1/2009	6/30/2027	180 PROMENADE CIR STE 150, SACRAMENTO, CA 95834-2940
20509394	BURI BURI BURLINGAME LLC	11/18/2025	6/30/2027	1100 HOWARD AVE STE D, BURLINGAME, CA 94010-4260
20509779	BURKETT'S POOL PLASTERING, INC.	2/16/2026	6/30/2027	600 FRONTAGE RD, RIPON, CA 95366-2003
20502528	BURLINGAME 76	9/27/2001	6/30/2026	1876 EL CAMINO REAL, BURLINGAME, CA 94010-3102
20507309	BURLINGAME ADULT DAY HEALTH CARE CENTER	7/10/2023	6/30/2027	1720 EL CAMINO REAL STE 7, BURLINGAME, CA 94010-3226
20500029	BURLINGAME AUTO CLINIC	6/1/1988	6/30/2027	132 MYRTLE RD, BURLINGAME, CA 94010-3031
20504219	BURLINGAME AUTO SUPPLY	7/1/1981	6/30/2026	127 CALIFORNIA DR, BURLINGAME, CA 94010-4395
20508695	BURLINGAME AUTO VAULT LLC	1/1/2025	6/30/2027	1239 ROLLINS RD, BURLINGAME, CA 94010-2416
20503992	BURLINGAME BARBER SHOP	9/27/2018	6/30/2027	1012 OAK GROVE AVE, BURLINGAME, CA 94010-2731
20506977	BURLINGAME BEAUTY SALON	1/1/2023	6/30/2027	1211 BROADWAY, BURLINGAME, CA 94010-3423
20505640	BURLINGAME CABINET COMPANY	1/1/2015	6/30/2027	840 MAHLER RD, BURLINGAME, CA 94010-1604
20500837	BURLINGAME CAR WASH	8/8/1995	6/30/2027	177 CALIFORNIA DR, BURLINGAME, CA 94010-4322
20505515	BURLINGAME CAR WASH & GAS STATION	7/1/2008	6/30/2027	1000 BROADWAY, BURLINGAME, CA 94010-2415
20504225	BURLINGAME CHAMBER OF COMMERCE	7/8/2013	6/30/2027	417 CALIFORNIA DR, BURLINGAME, CA 94010-4008
20503747	BURLINGAME DENTAL	11/19/2012	6/30/2027	1720 MARCO POLO WAY # D, BURLINGAME, CA 94010-4513
20505694	BURLINGAME ENERGY BASKETBALL, INC.	7/1/2019	6/30/2027	1400 EDGEHILL DR, BURLINGAME, CA 94010-3620
20507511	BURLINGAME FAMILY PET HOSPITAL	9/21/2023	6/30/2027	1808 MAGNOLIA AVE, BURLINGAME, CA 94010-4502
20500949	BURLINGAME FARMERS MARKET	9/14/2010	6/30/2027	1236 BROADWAY, BURLINGAME, CA 94010-3424
20501568	BURLINGAME FITNESS	7/1/2016	6/30/2027	16 PARK RD, BURLINGAME, CA 94010-4404
20501542	BURLINGAME FITNESS-CHERYL MORECI WITTEN	2/21/2017	6/30/2027	16 PARK RD, BURLINGAME, CA 94010-4404
20501287	BURLINGAME GLASS COMPANY	9/4/1997	6/30/2027	1037 CALIFORNIA DR, BURLINGAME, CA 94010-3630
20506253	BURLINGAME HEATING & VENTILATION INC	6/30/1981	6/30/2027	31721 KNAPP ST, HAYWARD, CA 94544-7827
20502905	BURLINGAME KITCHENS & BATH	2/22/2018	6/30/2027	809 CALIFORNIA DR, BURLINGAME, CA 94010-3604
20500569	BURLINGAME LAGUNA FLORIST AND GIFT	3/2/2020	6/30/2027	1202 BROADWAY, BURLINGAME, CA 94010-3424
20504651	BURLINGAME LIQUORS	2/26/2019	6/30/2027	1408 BROADWAY, BURLINGAME, CA 94010-3428
20507476	BURLINGAME MARTIAL ARTS	7/1/2023	6/30/2027	851 HINCKLEY RD, BURLINGAME, CA 94010-1502
20504286	BURLINGAME MASONIC HALL, INC.	7/24/1981	6/30/2027	145 PARK RD, BURLINGAME, CA 94010-4316
20510043	BURLINGAME NAIL CARE	6/1/2026	6/30/2027	1137 CALIFORNIA DR, BURLINGAME, CA 94010-3505
20503606	BURLINGAME ONE HOUR CLEANERS	9/12/2012	6/30/2027	507 CALIFORNIA DR, BURLINGAME, CA 94010-3912
20506732	BURLINGAME OPTICAL	10/24/1985	6/30/2027	257 PRIMROSE RD, BURLINGAME, CA 94010-4207
20501966	BURLINGAME OPTOMETRY	1/3/2021	6/30/2026	411 PRIMROSE RD, BURLINGAME, CA 94010-4009
20504593	BURLINGAME ORTHODONTICS	11/5/2013	6/30/2027	500 PRIMROSE RD # 1, BURLINGAME, CA 94010-4096
20502393	BURLINGAME ORTHOPEDICS/SPORTS MEDICINE	5/14/2001	6/30/2027	1838 EL CAMINO REAL STE 100, BURLINGAME, CA 94010-3105
20500414	BURLINGAME POINT LLC	2/16/2016	6/30/2027	435 TASSO ST UNIT 200, PALO ALTO, CA 94301-1553
20501509	BURLINGAME PROPERTIES, LP	7/1/2020	6/30/2027	211 S HILL DR 2ND FL, BRISBANE, CA 94005
20503553	BURLINGAME SKILLED NURSING	8/15/2012	6/30/2027	1100 TROUSDALE DR, BURLINGAME, CA 94010-3207
20505457	BURLINGAME SMILE STUDIO	10/2/2014	6/30/2027	1740 MARCO POLO WAY # 12, BURLINGAME, CA 94010-4522
20503084	BURLINGAME STUDIOS, INC.	7/1/2021	6/30/2027	330 PRIMROSE RD # 606, BURLINGAME, CA 94010-4032
20503822	BURLINGAME THERAPEUTIC ASSOCIATES II	1/8/2013	6/30/2027	1740 MARCO POLO WAY # 11, BURLINGAME, CA 94010-4522
20507235	BURLINGAME TOBACCONISTS	5/16/2023	6/30/2027	1404 BURLINGAME AVE, BURLINGAME, CA 94010-4111
20500796	BURLINGAME VILLA INC	3/31/1995	6/30/2027	1117 RHINETTE AVE, BURLINGAME, CA 94010-3419
20504275	BURLINGAME WEALTH MANAGEMENT, LLC	12/3/2018	6/30/2026	345 LORTON AVE # 201, BURLINGAME, CA 94010-4136
20507367	BURLINGAME WOMAN'S CLUB	7/1/1965	6/30/2027	241 PARK RD, BURLINGAME, CA 94010-4205
20506718	BURR PLUMBING & PUMPING INC	9/18/2009	6/30/2027	1645 ALMADEN RD, SAN JOSE, CA 95125-1206
20501557	BUSY LIZZY'S BAKED GOODS	9/1/2020	6/30/2027	1231 BURLINGAME AVE, BURLINGAME, CA 94010-4107
20509321	BWALS CO.	8/7/2025	6/30/2027	1415 ROLLINS RD # 120, BURLINGAME, CA 94010-2300
20507082	BY BONNIE, INC.	11/16/2022	6/30/2027	330 PRIMROSE RD UNIT 407, BURLINGAME, CA 94010-4029
20508461	BYOUNG CHOI ARCHITECT	8/16/2024	6/30/2026	--ON FILE--
20505731	C & J CONTRACTING	9/23/2013	6/30/2027	331 COMMERCIAL ST, SAN JOSE, CA 95112-4404
20505373	C & V INVESTMENTS LLC	8/5/2008	6/30/2026	850 N EL CAMINO REAL # 318, SAN MATEO, CA 94401-3785
20504435	C GREEN CONSULTING	9/6/2013	6/30/2027	1325 HOWARD AVE # 167, BURLINGAME, CA 94010-4212
20510077	C HAMMOND CONSTRUCTION	6/15/2026	6/30/2027	716 W GERTRUDE AVE, RICHMOND, CA 94801-1718
20509563	C J'S ROOFING	11/10/2025	6/30/2026	--ON FILE--
20508627	C W I CONSTRUCTION INC	10/23/2024	6/30/2026	3836 PESTANA WAY, LIVERMORE, CA 94550-3335
20503768	C&D AUTOMOTIVE & MARINE INC	5/9/1984	6/30/2027	120 EL CAMINO REAL, BURLINGAME, CA 94010-5225
20501291	C&J ROOFING CO INC	10/31/2012	6/30/2026	233 S MAPLE AVE BLDG O, S SAN FRANCISCO, CA 94080-6326
20508664	C&K PROMO DESIGNS	11/7/2024	6/30/2027	875 COWAN RD STE C, BURLINGAME, CA 94010-1229
20504863	C.A.R.E., KATHERINE CONTE, PSYD	4/8/2019	6/30/2027	1220 HOWARD AVE #250, BURLINGAME, CA 94010-4251
20505870	C.M. CONSTRUCTION COMPANY	5/13/2022	6/30/2026	2727 JENNINGS ST, SAN FRANCISCO, CA 94124-3227
20500685	C2R ENGINEERING INC	5/19/2016	6/30/2027	100 MOUNTAIN VIEW AVE, LOS ALTOS, CA 94024-3135
20508341	CA CONSTRUCTION SUPPLIES	7/15/2024	6/30/2027	1 EDWARDS CT STE 1440, BURLINGAME, CA 94010-2428
20503470	CA ELECTRIC	7/1/2018	6/30/2026	--ON FILE--
20507381	CABLECOM LLC	8/1/2023	6/30/2027	1429 AVE D 339, SNOHOMISH, WA 98290
20501886	CABRILLO PLUMBING	9/13/1999	6/30/2027	78 DORMAN AVE, SAN FRANCISCO, CA 94124-1807
20501141	CACCI CONSTRUCTION INC	2/11/1997	6/30/2027	PO BOX 1326, SAN CARLOS, CA 94070-7392
20507928	CADEO PROPERTIES	1/1/2024	6/30/2027	315 BARROILHET AVE, SAN MATEO, CA 94402-1001
20509986	CAFE 34	5/1/2026	6/30/2027	1232 BROADWAY, BURLINGAME, CA 94010-3424
20500065	CAFE FIGARO	3/1/1989	6/30/2027	1318 BROADWAY, BURLINGAME, CA 94010-3426
20502885	CAFFE CENTRAL	2/15/2018	6/30/2027	1380 BURLINGAME AVE, BURLINGAME, CA 94010-4109
20509677	CAHILL CONTRACTORS LLC	6/1/2026	6/30/2027	425 CALIFORNIA ST #2200, SAN FRANCISCO, CA 94104-2207
20505152	CAINE COMPUTER CONSULTING LLC	5/1/2008	6/30/2027	274 REDWOOD SHORES PKWY # 113, REDWOOD CITY, CA 94065-1173
20509705	CAIRN CONSTRUCTION COMPANY INC	3/1/2026	6/30/2027	3928 GEARY BLVD, SAN FRANCISCO, CA 94118-3219
20500549	CAL - KIWI	9/15/1993	6/30/2026	1122 E 5TH AVE, SAN MATEO, CA 94402-1313
20504381	CAL COAST WINDOW & DOOR	1/2/2019	6/30/2027	5627 STONERIDGE DR STE 305, PLEASANTON, CA 94588-8503
20506938	CAL ENGINEERING & GEOLOGY, INC.	12/12/2022	6/30/2027	--ON FILE--
20503137	CAL MOBILITY	7/1/2021	6/30/2027	851 BURLWAY RD #706, BURLINGAME, CA 94010-1716
20509842	CAL PRO ARTIFICIAL TURF	3/15/2026	6/30/2026	680 N 17TH ST, SAN JOSE, CA 95112-3028
20509742	CAL SOLID CHAIN CONSTRUCTION COMPANY	1/20/2026	6/30/2026	918 CAPE JESSUP DR, SAN JOSE, CA 95133-1136
20509726	CAL STATE HVAC	1/14/2026	6/30/2026	416 HILLSBOROUGH BLVD, SAN MATEO, CA 94402-1126
20500232	CAL STATE ROOFING CO. INC.	4/22/1991	6/30/2026	509 MAYFAIR AVE # 1, S SAN FRANCISCO, CA 94080-4509
20500886	CAL STEAM, INC.	7/14/2016	6/30/2027	1471 N CAROLAN AVE, BURLINGAME, CA 94010-2403
20504757	CAL-WEST CONCRETE CUTTING, INC.	7/1/2012	6/30/2027	3000 TARA CT, UNION CITY, CA 94587-1508
20503933	CALBEST ROOFING, INC.	9/13/2021	6/30/2026	1300 HUNTINGTON AVE # 547, SAN BRUNO, CA 94066-8007
20509406	CALDATA COMMUNICAITONS	9/8/2025	6/30/2027	--ON FILE--
20508557	CALI PRO FIRE PROTECTION	9/26/2024	6/30/2026	517 VERDE AVE, RICHMOND, CA 94801-1657
20509851	CALI ROOFS	3/9/2026	6/30/2026	5453 HOLLAND ST, OAKLAND, CA 94601-5716
20504380	CALICO PLUMBING	7/15/1981	6/30/2027	1675 ROLLINS RD # O, BURLINGAME, CA 94010-2320
20505335	CALIFORNIA ARTIST	7/1/2014	6/30/2027	PO BOX 1963, BURLINGAME, CA 94011-2098
20504518	CALIFORNIA AUTO CENTER BURLINGAME	3/21/2007	6/30/2027	751 CALIFORNIA DR, BURLINGAME, CA 94010-3703
20505998	CALIFORNIA BEVERAGE SYSTEMS INC	7/1/2008	6/30/2027	2502 TECHNOLOGY DR, HAYWARD, CA 94545-4868
20501591	CALIFORNIA BOILER WORKS, INC.	12/16/2010	6/30/2027	33 WESTBROOK CT, CLAYTON, CA 94517-1036
20502784	CALIFORNIA BOILER, INC.	1/26/2018	6/30/2027	1800 NEWPORT CIR, SANTA ANA, CA 92705-5114
20500514	CALIFORNIA CAD SOLUTIONS, INC.	3/11/2016	6/30/2027	2909 COFFEE RD STE 12C, MODESTO, CA 95355-1751
20509557	CALIFORNIA CAISSONS & SHORING, INC.	11/6/2025	6/30/2027	1310 OLD BAYSHORE HWY, SAN JOSE, CA 95112-2811
20507413	CALIFORNIA CLOSETS	7/15/2023	6/30/2027	247 W CALIFORNIA DR, BURLINGAME, CA 94010-4112
20508957	CALIFORNIA CONSTRUCTION CO	3/20/2025	6/30/2026	--ON FILE--
20509904	CALIFORNIA ELECTRICAL SOLUTIONS	4/13/2026	6/30/2027	6014 EGRET CT, BENICIA, CA 94510-1255
20506670	CALIFORNIA FINANCIAL ADVISORS	12/3/2019	6/30/2027	1340 N CAROLAN AVE # 5, BURLINGAME, CA 94010-2402
20500316	CALIFORNIA LANDSCAPING MAINTENANCE LLC	4/10/1992	6/30/2027	1915 OAK KNOLL DR, BELMONT, CA 94002-1754
20506173	CALIFORNIA LONG TERM CARE INS SERVICES INC	7/1/2008	6/30/2027	533 AIRPORT BLVD STE 400, BURLINGAME, CA 94010-2028
20501147	CALIFORNIA PACIFIC INTERNATIONAL LLC	2/21/1997	6/30/2027	1801 MURCHISON DR # 310, BURLINGAME, CA 94010-4517
20501151	CALIFORNIA PACIFIC PROPERTIES LLC	2/21/1997	6/30/2027	1801 MURCHISON DR # 310, BURLINGAME, CA 94010-4517
20504255	CALIFORNIA RAINGUARD, INC.	10/31/2014	6/30/2027	935 N 9TH ST, SAN JOSE, CA 95112-2941
20509237	CALIFORNIA ROOF SAVERS	7/13/2025	6/30/2026	--ON FILE--
20505674	CALIFORNIA ROOFING CO, INC	1/16/2015	6/30/2027	1595 S 10TH ST, SAN JOSE, CA 95112-2595
20504446	CALIFORNIA SHELLFISH COMPANY	7/9/1981	6/30/2027	PO BOX 2028, SAN FRANCISCO, CA 94126-2063
20500927	CALIFORNIA SHOWER DOOR CORPORATION	7/1/2020	6/30/2027	1795 YOSEMITE AVE, SAN FRANCISCO, CA 94124-2621
20501608	CALIFORNIA SMART FOODS	7/1/2010	6/30/2026	2565 3RD ST STE 342, SAN FRANCISCO, CA 94107-3159
20500811	CALIFORNIA SPICE BASKET, INC.	7/1/2016	6/30/2027	1423 ROLLINS RD, BURLINGAME, CA 94010-2303
20502002	CALIFORNIA TEACHERS ASSOCIATION	2/11/2000	6/30/2027	1705 MURCHISON DR, BURLINGAME, CA 94010-4583
20501038	CALIFORNIA TILE INSTALLERS	7/1/2010	6/30/2027	1696 ROGERS AVE, SAN JOSE, CA 95112-1105
20504564	CALIFORNIA UNITED MECHANICAL, INC	10/22/2013	6/30/2027	2185 OAKLAND RD, SAN JOSE, CA 95131-1574
20509159	CALIFORNIA UTILITY COMPANY	6/15/2025	6/30/2027	16185 LOS GATOS BLVD #205, LOS GATOS, CA 95032-4569
20505603	CALLAN REALTY	12/18/2014	6/30/2027	2790 JUNIPERO SERRA BLVD, DALY CITY, CA 94015-1634
20507183	CALLANDER ASSOCIATES LANDSCAPE ARCHITECTURE	1/2/2017	6/30/2027	1633 BAYSHORE HWY # 133, BURLINGAME, CA 94010-1515
20501647	CALM NUTRITION, LLC	3/16/2017	6/30/2027	1825 CASTENADA DR, BURLINGAME, CA 94010-5716
20503810	CALVEY HEATING AND AIR	1/3/2013	6/30/2026	247 E SAINT JOHN ST, SAN JOSE, CA 95112-5410
20506918	CAMBLIN STEEL SERVICE	7/1/2022	6/30/2026	548 GIBSON DR STE 150, ROSEVILLE, CA 95678-5501
20503698	CAMINO REAL PET CLINIC	10/29/2012	6/30/2027	1317 BAYSWATER AVE, BURLINGAME, CA 94010-4312
20506066	CAMP CURRY CONSTRUCTION	1/15/2014	6/30/2027	903 TOURNAMENT DR, HILLSBOROUGH, CA 94010-7427
20504053	CAMP ME! LLC	4/26/2013	6/30/2027	801 HOWARD AVE, BURLINGAME, CA 94010-3099
20508841	CANCER RESEARCH INSTITUTE	3/3/2025	6/30/2027	330 PRIMROSE RD STE 600, BURLINGAME, CA 94010-4032
20508883	CANO TREE SERVICE LLC	2/28/2025	6/30/2026	109 WHEELER AVE, REDWOOD CITY, CA 94061-3738
20509319	CANON U.S.A., INC	1/1/2025	6/30/2027	1 CANON PARK, MELVILLE, NY 11747-3036
20504334	CANOPY HOME CARE, LLC	8/9/2013	6/30/2027	800 WINCHESTER DR, BURLINGAME, CA 94010-2635
20507482	CAPITAL CITY DRYWALL INC.	10/2/2023	6/30/2027	6525 32ND ST STE B1, NORTH HIGHLANDS, CA 95660-3028
20500002	CAPITAL REALTY GROUP	4/19/1988	6/30/2027	1200 HOWARD AVE # 204, BURLINGAME, CA 94010-4223
20508205	CAPRI	7/1/2024	6/30/2027	231 PARK RD, BURLINGAME, CA 94010-4205
20507217	CAPSTONE PROPERTY MANAGEMENT INC.	3/27/2023	6/30/2027	--ON FILE--
20507118	CAPSTONE REAL ESTATE ADVISORS INC.	3/15/2023	6/30/2027	--ON FILE--
20502318	CARA BARRY WHARTON	7/1/2017	6/30/2027	1425 BROADWAY # 14, BURLINGAME, CA 94010-3435
20509588	CARBODYLAB CALIFORNIA LLC	11/11/2025	6/30/2027	2941 LAKE VISTA DR, LEWISVILLE, TX 75067-3801
20506771	CARBON DESIGN INNOVATIONS INC	7/1/2009	6/30/2027	1745 ADRIAN RD # 20, BURLINGAME, CA 94010-2100
20504945	CARBONELL ARCHITECTURE	1/21/2022	6/30/2027	605 MISSISSIPPI ST, SAN FRANCISCO, CA 94107-2936
20504895	CARDINAL EDUCATIONAL CONSULTING GROUP	2/21/2014	6/30/2027	100 EL CAMINO REAL # 101, BURLINGAME, CA 94010-5280
20508586	CAREFREE TOLAND POOLS INC	10/4/2024	6/30/2027	113 RICKENBACKER CIR, LIVERMORE, CA 94551-7614
20503309	CAREGEN WEALTH MANAGEMENT LLC	7/6/2021	6/30/2027	--ON FILE--
20506094	CARELINK HOME HEALTH AGENCY	3/6/2009	6/30/2027	433 AIRPORT BLVD STE 1O2, BURLINGAME, CA 94010-2017
20508605	CAREPATROL OF NORTH SAN MATEO COUNTY	11/6/2024	6/30/2027	--ON FILE--
20504224	CARMEL CONSTRUCTION WEST LLC	11/1/2021	6/30/2027	1000 SANSOME ST 1ST FL, SAN FRANCISCO, CA 94111
20504217	CARMEL DEVELOPMENT LLC	8/30/2021	6/30/2027	1000 SANSOME ST 1ST FL, SAN FRANCISCO, CA 94111
20509555	CARO ELECTRIC LLC	11/5/2025	6/30/2026	--ON FILE--
20506764	CAROL HIROSHIMA	7/1/2009	6/30/2026	240 BOOTHBAY AVE, FOSTER CITY, CA 94404-3510
20500333	CAROL J FLYNN, INC	5/19/2005	6/30/2027	501 10TH AVE, SAN MATEO, CA 94402-1853
20500126	CAROL'S SKIN CARE	11/6/2015	6/30/2027	1211 BROADWAY, BURLINGAME, CA 94010-3423
20500610	CAROLAN AUTO SERVICE	1/4/1994	6/30/2027	1366 N CAROLAN AVE, BURLINGAME, CA 94010-2402
20505850	CAROLE C RICHBOURG,GG FINE JEWELRY APPRAISALS	7/1/2008	6/30/2027	--ON FILE--
20506637	CAROLLO ENGINEERS, INC.	11/25/2019	6/30/2027	4600 E WASHINGTON ST # 500, PHOENIX, AZ 85034-1915
20503795	CARPET MAINTENANCE SOLUTIONS	12/26/2012	6/30/2027	--ON FILE--
20500089	CARPET SYSTEMS INC	5/4/1989	6/30/2027	1515 BAYSHORE HWY, BURLINGAME, CA 94010-1602
20501683	CARPETWORKS, INC.	11/6/2020	6/30/2027	--ON FILE--
20506261	CARR, MCCLELLAN, INGERSOLL, THOMPSON & HORN	7/9/1981	6/30/2027	216 PARK RD, BURLINGAME, CA 94010-4200
20501374	CARRIER CORPORATION	1/14/1998	6/30/2027	5900 NORTHWOODS BUSINESS PKWY STE B, CHARLOTTE, NC 28269-5747
20509790	CARSON MECHANICAL	2/1/2026	6/30/2027	120 MAIN AVE STE G, SACRAMENTO, CA 95838-2043
20509448	CARSTAR AUTO WORLD COLLISION BURLINGAME	10/6/2025	6/30/2026	123 CALIFORNIA DR, BURLINGAME, CA 94010-4322
20509203	CARTER RAFF	6/26/2025	6/30/2027	--ON FILE--
20503709	CARUZO'S ROOFING COMPANY	1/11/2011	6/30/2026	--ON FILE--
20510071	CAS ARCHITECTS, INC.	6/1/2026	6/30/2027	1987 LEGHORN ST STE 101, MOUNTAIN VIEW, CA 94043-1795
20509480	CASA BONITA CONSTRUCTION	10/7/2025	6/30/2026	--ON FILE--
20508930	CASA UTOPIA BUILDERS INC	3/14/2025	6/30/2027	1600 W CAMPBELL AVE STE 102, CAMPBELL, CA 95008-1526
20500682	CASCADE FLOORING	7/12/1994	6/30/2027	133 OCCIDENTAL AVE, BURLINGAME, CA 94010-5219
20505722	CASEY CONSTRUCTION, INC.	4/10/2013	6/30/2027	--ON FILE--
20502582	CASHMERE SALE-REPUBLIC CLOTHING COMPANY	10/14/2011	6/30/2027	--ON FILE--
20508929	CASITA SFO	3/1/2025	6/30/2027	508 PENINSULA AVE APT 1, BURLINGAME, CA 94010-2982
20504938	CASTILLO LANDSCAPING	1/10/2022	6/30/2027	--ON FILE--
20507523	CASTLE ELECTRICAL SERVICES	3/1/2025	6/30/2026	--ON FILE--
20507401	CATHERINE E HANNAY EXEMPT TRUST	6/1/2023	6/30/2027	1010 CADILLAC WAY, BURLINGAME, CA 94010-2599
20509523	CATHPER INC	10/24/2025	6/30/2026	--ON FILE--
20503380	CATOS ENGINEERING	6/12/2018	6/30/2027	22302 HATHAWAY AVE, HAYWARD, CA 94541-4861
20505427	CBF INC ELECTRICAL & DATA CONTRACTORS	9/12/2008	6/30/2027	735 BATTERY ST 2ND FL, SAN FRANCISCO, CA 94111
20504769	CBRE, INC.	7/30/1981	6/30/2027	1450 CHAPIN AVE, BURLINGAME, CA 94010-4062
20509549	CBW CONSTRUCTION, INC.	11/10/2025	6/30/2026	1618 SULLIVAN AVE # 377, DALY CITY, CA 94015-1967
20503246	CC&R CAPITAL GROUP INC	7/1/2003	6/30/2026	533 AIRPORT BLVD #400, BURLINGAME, CA 94010-2028
20506881	CCI CONSTRUCTION INC.	11/7/2022	6/30/2027	210 SAN JOSE AVE C, SAN JOSE, CA 95125
20510044	CCS FACILITY SERVICES - FRESNO, INC.	6/1/2026	6/30/2027	2255 MARTIN AVE STE G, SANTA CLARA, CA 95050-2709
20500658	CD & POWER	7/1/2015	6/30/2027	150 NARDI LN, MARTINEZ, CA 94553-2218
20510065	CDM ROOFING	6/2/2026	6/30/2026	21458 OCEAN VIEW DR, CHERRYLAND, CA 94541-2144
20502788	CDM SMITH INC	1/26/2012	6/30/2027	75 STATE ST STE 701, BOSTON, MA 02109-1940
20503517	CDSCA INC	4/16/2004	6/30/2027	859 COWAN RD 1ST FL, BURLINGAME, CA 94010
20502125	CDW GOVERNMENT LLC	7/1/2010	6/30/2027	230 N MILWAUKEE AVE, VERNON HILLS, IL 60061-4304
20503728	CECILIA A. NEPOMUCENO, PH.D.	11/15/2012	6/30/2026	405 PRIMROSE RD #318, BURLINGAME, CA 94010-4043
20505724	CELEBRATION TOURS & TRAVEL LTD	2/11/2015	6/30/2027	433 AIRPORT BLVD STE 406, BURLINGAME, CA 94010-2014
20500488	CELEBRITY CONNECTION	6/3/1993	6/30/2027	1425 BROADWAY # 19, BURLINGAME, CA 94010-3448
20507449	CELESTE MICHELLE PHOTOGRAPHY	9/1/2023	6/30/2026	--ON FILE--
20501234	CEMEX CONSTRUCTION MATERIALS PACIFIC LLC	6/30/1981	6/30/2027	1720 CENTREPARK DR E, WEST PALM BEACH, FL 33401-7405
20507570	CENNOX PROJECT AND SECURITY SOLUTIONS INC	11/1/2023	6/30/2027	42068 WINCHESTER RD, TEMECULA, CA 92590-4804
20502256	CENTIMARK	9/22/2000	6/30/2027	12 GRANDVIEW CIR, CANONSBURG, PA 15317-8533
20501330	CENTRAL COAST ENERGY SERVICES, INC.	12/2/2016	6/30/2027	PO BOX 2707, WATSONVILLE, CA 95077-2754
20505563	CENTRAL COATING COMPANY INC.	11/14/2014	6/30/2027	670 S PINE ST, MADERA, CA 93637-5216
20504504	CENTRAL FIRE INC.	9/17/2021	6/30/2027	1048 SERPENTINE LN UNIT 312, PLEASANTON, CA 94566-4734
20504849	CENTRAL PETROLEUM MAINTENANCE	1/2/2007	6/30/2027	176 WYOMING ST, PLEASANTON, CA 94566-6276
20506816	CENTRAL ROOFING, INC.	4/8/2013	6/30/2027	320 VICTORY AVE # B, S SAN FRANCISCO, CA 94080-6405
20505173	CENTURY BAY BUILDERS	3/1/2022	6/30/2027	1729 N 1ST ST #21017, SAN JOSE, CA 95112-4637
20504546	CENTURY CARPET CLEANERS	8/19/1981	6/30/2027	1849 BAYSHORE HWY 212, BURLINGAME, CA 94010-1210
20509493	CENTURY RENTAL TENTS LLC	10/8/2025	6/30/2027	465 DUMBARTON AVE, REDWOOD CITY, CA 94063-3351
20508340	CENTURY ROOF AND SOLAR	7/22/2024	6/30/2026	23135 SAKLAN RD, HAYWARD, CA 94545-1918
20504717	CEO CONSTRUCTION INC	9/24/2007	6/30/2026	419 MANZANITA ST, REDWOOD CITY, CA 94063-2829
20507197	CEP AMERICA-PSYCHIATRY PC	6/26/2023	6/30/2027	1501 TROUSDALE DR, BURLINGAME, CA 94010-3282
20509449	CERÉ TEA	10/1/2025	6/30/2026	1115 BURLINGAME AVE, BURLINGAME, CA 94010-4115
20509924	CERTAMIND, INC.	7/1/2026	6/30/2027	533 AIRPORT BLVD STE 400, BURLINGAME, CA 94010-2028
20508822	CERTIFIED FIRE AND SAFETY	1/27/2025	6/30/2027	7800 PRESTWICK CIR, SAN JOSE, CA 95135-2146
20509292	CF CONTRACTING INC	8/6/2025	6/30/2026	--ON FILE--
20502242	CFY CONSTRUCTION INC.	2/16/2021	6/30/2026	7204 MISSION ST, DALY CITY, CA 94014-2664
20504811	CHAMPION CLEANING SPECIALIST, INC.	1/28/2014	6/30/2027	373 BEACH RD, BURLINGAME, CA 94010-2005
20509307	CHAMPIONS	7/1/2019	6/30/2027	2385 TROUSDALE DR, BURLINGAME, CA 94010-5704
20504351	CHAMPIONS - LINCOLN ELEMENTARY SCHOOL	8/12/2013	6/30/2027	1801 DEVEREUX DR, BURLINGAME, CA 94010-4641
20504343	CHAMPIONS - ROOSEVELT ELEMENTARY	8/12/2013	6/30/2027	1151 VANCOUVER AVE, BURLINGAME, CA 94010-5674
20500935	CHAMPIONS AT HOOVER ELEMENTARY	7/28/2016	6/30/2027	2220 SUMMIT DR, BURLINGAME, CA 94010
20509935	CHAPMAN DESIGN ASSOCIATES	4/9/2026	6/30/2026	--ON FILE--
20510053	CHARGEWIZARDS	5/27/2026	6/30/2027	2108 N ST STE N, SACRAMENTO, CA 95816-5712
20507998	CHARGIE LLC	2/12/2024	6/30/2027	3947 LANDMARK ST, CULVER CITY, CA 90232-2315
20500728	CHASE BERENSTEIN & MURRAY - LAW	10/14/1994	6/30/2026	1220 HOWARD AVE # 250, BURLINGAME, CA 94010-4251
20504598	CHAVEZ CONSTRUCTION	12/3/2021	6/30/2026	3311 MISSION ST # 167, SAN FRANCISCO, CA 94110-5008
20505523	CHAVEZ FENCING	3/23/2022	6/30/2027	5025 SE AMITY DAYTON HWY, AMITY, OR 97101-2034
20506738	CHAVEZ MANAGEMENT GROUP, INC.	7/1/2009	6/30/2027	1860 EL CAMINO REAL #500, BURLINGAME, CA 94010-3121
20504144	CHEAT A LITTLE CATERING	6/1/2013	6/30/2027	733 CALIFORNIA DR, BURLINGAME, CA 94010-3703
20505020	CHECKPOINT SYSTEMS, INC.	3/31/2014	6/30/2027	101 WOLF DR, THOROFARE, NJ 08086-2243
20509125	CHEEMA CORE LLC	1/21/2025	6/30/2026	801 N EL CAMINO REAL #203, SAN MATEO, CA 94401-3776
20509608	CHEKO POOLS LLC	9/1/2025	6/30/2026	--ON FILE--
20506395	CHELSI CHENG, LCSW	4/1/2022	6/30/2026	405 PRIMROSE RD STE 301, BURLINGAME, CA 94010-4092
20500820	CHEMICAL EXHAUST, INC.	8/5/2010	6/30/2027	151 HASKINS WAY STE D, S SAN FRANCISCO, CA 94080-6200
20509672	CHEN'S CONSTRUCTION CO	12/22/2025	6/30/2027	--ON FILE--
20509338	CHENGCO INC	8/14/2025	6/30/2027	6114 LA SALLE AVE PMB 530, OAKLAND, CA 94611-2821
20505309	CHERIMOYA	7/3/2019	6/30/2027	1407 BURLINGAME AVE, BURLINGAME, CA 94010-4110
20502135	CHERYL TAN CONSULTING	8/18/2017	6/30/2027	--ON FILE--
20505095	CHESS WIZARDS	5/6/2014	6/30/2027	--ON FILE--
20500186	CHEVRON STATIONS INC. #1504	5/21/1990	6/30/2027	1101 BROADWAY, BURLINGAME, CA 94010-3421
20504618	CHEVRON USA (PA) 91909	8/17/1981	6/30/2027	1101 BROADWAY, BURLINGAME, CA 94010-3421
20501102	CHI CHING LIP/KWUN SHAN LIP	10/4/2016	6/30/2027	1846 EL CAMINO REAL, BURLINGAME, CA 94010-3102
20500285	CHIC	12/4/1991	6/30/2027	1249 BROADWAY, BURLINGAME, CA 94010-3423
20504957	CHIC SALON - LUCY SCHUSSOLIN	7/1/2018	6/30/2027	1249 BROADWAY, BURLINGAME, CA 94010-3423
20502357	CHIC SALON - NAILS BY LINDA	1/1/2021	6/30/2027	1249 BROADWAY, BURLINGAME, CA 94010-3423
20505392	CHICTOPIA, LLC	4/1/2022	6/30/2026	1801 MURCHISON DR #120, BURLINGAME, CA 94010-4514
20510085	CHILTON AUTO BODY BURLINGAME	2/5/2025	6/30/2027	925 BAYSWATER AVE, BURLINGAME, CA 94010-3002
20510084	CHILTON AUTO BODY NORTH	2/5/2025	6/30/2027	1221 ROLLINS RD, BURLINGAME, CA 94010-2416
20502679	CHINA AIRLINES	3/12/2002	6/30/2027	433 AIRPORT BLVD STE 501, BURLINGAME, CA 94010-2016
20501484	CHINCHILLA CONSTRUCTION ADMINISTRATION	9/25/2020	6/30/2026	--ON FILE--
20500870	CHLORINE SPECIALTIES INC	10/17/1995	6/30/2027	1027 CALIFORNIA DR, BURLINGAME, CA 94010-3630
20501924	CHME INC	7/1/2010	6/30/2027	289 FOSTER CITY BLVD STE A, FOSTER CITY, CA 94404-1100
20507261	CHOUCHOU FRENCH BISTRO	6/15/2023	6/30/2027	401 PRIMROSE RD D & E, BURLINGAME, CA 94010
20504843	CHOYA UMESHU USA, INC.	4/24/2007	6/30/2027	533 AIRPORT BLVD # 216, BURLINGAME, CA 94010-2027
20510009	CHRIS KAY PERSONAL TRAINING	5/15/2026	6/30/2027	--ON FILE--
20506046	CHRISMAN & ASSOCIATES	12/27/1982	6/30/2027	500 AIRPORT BLVD # 420, BURLINGAME, CA 94010-1941
20508278	CHRISP CO	6/20/2024	6/30/2027	43650 OSGOOD RD, FREMONT, CA 94539-5631
20500715	CHRISTENSEN PROPERTIES INC	10/21/1985	6/30/2027	801 AMERICAN ST, SAN CARLOS, CA 94070-4172
20504966	CHRISTIAN ERA BROADCASTING SERVICE INTL INC	3/20/2014	6/30/2027	770 AIRPORT BLVD, BURLINGAME, CA 94010-1912
20505973	CHRISTIE'S	8/4/1981	6/30/2027	245 CALIFORNIA DR, BURLINGAME, CA 94010-4112
20503844	CHRISTINE TAM PSYCHOTHERAPY	8/23/2018	6/30/2026	405 PRIMROSE RD # 318, BURLINGAME, CA 94010-4043
20509421	CHRISTOPHER J FENECH GENERAL CONTRACTOR	9/22/2025	6/30/2026	--ON FILE--
20506829	CHRISTOPHER JOHN VALENTI	11/20/2009	6/30/2027	PO BOX 31523, SAN FRANCISCO, CA 94131-0544
20500903	CHRISTOPHERSON REAL ESTATE	8/1/2016	6/30/2027	877 MAHLER RD #118, BURLINGAME, CA 94010-1639
20503666	CHS CONSTRUCTION INC	4/15/2014	6/30/2027	600 EL CAMINO REAL # 101C, BELMONT, CA 94002-2155
20506003	CHS PAINTING AND DECORATING INC	7/1/2008	6/30/2027	1272 OAK GROVE AVE, BURLINGAME, CA 94010-3737
20500092	CHUNG LI PHOTOGRAPHY	10/26/2015	6/30/2027	1 MANDALAY PL 605, S SAN FRANCISCO, CA 94080-1678
20504693	CIARRA CONSTRUCTION	9/13/2007	6/30/2026	663 WALNUT ST, SAN JOSE, CA 95110-2044
20503462	CIG REALTY AND LOANS	3/5/2004	6/30/2027	1633 BAYSHORE HWY # 249, BURLINGAME, CA 94010-1588
20501831	CIMINO CARE	7/29/1999	6/30/2027	--ON FILE--
20501828	CIMINO HOLDINGS INC	7/29/1999	6/30/2027	7501 SUNRISE BLVD, CITRUS HEIGHTS, CA 95610-3059
20501267	CIMINO'S CABINET DOORS INC	7/1/2010	6/30/2027	1550 LANA WAY, HOLLISTER, CA 95023-2550
20507708	CINDY LIN, PSY.D.	1/8/2024	6/30/2027	1425 BROADWAY STE 20, BURLINGAME, CA 94010-3435
20506452	CINNAMON ENERGY SYSTEMS, INC	10/2/2015	6/30/2027	809 UNIVERSITY AVE, LOS GATOS, CA 95032-4500
20500515	CINTAS CORPORATION	7/23/1993	6/30/2027	6800 CINTAS BLVD, MASON, OH 45040-9151
20503736	CINTAS CORPORATION NO 2	7/31/2018	6/30/2027	6800 CINTAS BLVD, MASON, OH 45040-9151
20504977	CINTAS FIRE PROTECTION	7/1/2010	6/30/2027	6800 CINTAS BLVD, MASON, OH 45040-9151
20506737	CIRCLEPOINT	4/1/2022	6/30/2027	200 WEBSTER ST STE 200, OAKLAND, CA 94607-4108
20501297	CITADEL ROOFING & SOLAR	11/22/2016	6/30/2027	4980 ALLISON PKWY, VACAVILLE, CA 95688-9346
20503610	CITIDEV INC	8/10/2021	6/30/2027	1431 CASTRO ST APT A, SAN FRANCISCO, CA 94114-3717
20507452	CITY ARBORIST TREE SERVICE	8/21/2023	6/30/2026	2663 SLEEPY HOLLOW AVE, HAYWARD, CA 94545-3339
20502086	CITY MECHANICAL INC	12/5/2014	6/30/2027	724 ALFRED NOBEL DR, HERCULES, CA 94547-1805
20503490	CITY NATIONAL BANK	3/25/2004	6/30/2027	1450 CHAPIN AVE FL 100, BURLINGAME, CA 94010-4044
20506979	CITY NEEDLEWORK LLC	1/4/2023	6/30/2027	1375 BURLINGAME AVE, BURLINGAME, CA 94010-4149
20508959	CITY RISE, LLC	3/24/2025	6/30/2027	44800 E INDUSTRIAL DR, FREMONT, CA 94538-6433
20509148	CITYBEST CONSTRUCTION INC.	7/1/2025	6/30/2026	--ON FILE--
20507123	CJ PLUMBING INC.	4/1/2023	6/30/2027	245 ARLETA AVE, SAN FRANCISCO, CA 94134-2313
20502205	CJ'S GOURMET DELI	9/12/2017	6/30/2027	290 PRIMROSE RD, BURLINGAME, CA 94010-4208
20508369	CK LANDSCAPE	7/16/2024	6/30/2026	20 BLOSSOM DR, SAN RAFAEL, CA 94901-5214
20506218	CKP, LLP	8/1/2015	6/30/2027	111 ANZA BLVD #414, BURLINGAME, CA 94010-1916
20508153	CLARK PACIFIC	3/1/2024	6/30/2027	710 RIVERPOINT CT STE 100, WEST SACRAMENTO, CA 95605-1690
20503175	CLASSIC KIDS LLC	4/1/2003	6/30/2027	315 LORTON AVE, BURLINGAME, CA 94010-4103
20506022	CLAY HERMAN REALTOR, INC.	8/13/1981	6/30/2027	329 PRIMROSE RD BOX 32, BURLINGAME, CA 94010-4093
20504436	CLAYTON K. SHUM, CFP	12/8/2006	6/30/2027	533 AIRPORT BLVD STE 400, BURLINGAME, CA 94010-2028
20500968	CLAYTON PATTERSON, EA, INC	8/3/2016	6/30/2027	433 AIRPORT BLVD # 307, BURLINGAME, CA 94010-2010
20500988	CLEAN HARBORS ENVIRONMENTAL SERVICES INC	7/1/2010	6/30/2027	42 LONGWATER DR, NORWELL, MA 02061-1612
20500909	CLEAN ROOFING	7/1/2020	6/30/2026	1445 KOLL CIR STE 109, SAN JOSE, CA 95112-4611
20500234	CLEAN SOLAR INC	9/20/2013	6/30/2026	1445 KOLL CIR STE 109, SAN JOSE, CA 95112-4611
20509564	CLEAN-POWER2N	11/24/2025	6/30/2026	5050 S ARCHIBALD AVE, ONTARIO, CA 91762-7413
20500344	CLEANING CONCEPTS & DETAILS	7/1/2009	6/30/2027	20729 TIMES AVE, HAYWARD, CA 94541-3759
20509065	CLEARBLUE ENVIRONMENTAL	5/16/2025	6/30/2027	--ON FILE--
20501195	CLIMATE PROS LLC	8/4/2020	6/30/2027	3550 ARDEN RD, HAYWARD, CA 94545-3921
20501640	CLOUD 9 FOOT SPA BURLINGAME	11/15/2020	6/30/2027	1321 HOWARD AVE, BURLINGAME, CA 94010-4212
20500253	CLOVELLY PARTNERS LLC	1/6/2020	6/30/2027	533 AIRPORT BLVD STE 400, BURLINGAME, CA 94010-2028
20501674	CLOVER STORNETTA FARMS	7/1/2010	6/30/2027	PO BOX 750369, PETALUMA, CA 94975-0476
20502255	CLUB DE NANNIES LATINO	9/21/2017	6/30/2027	--ON FILE--
20508286	CLUBINJECT	6/21/2024	6/30/2027	218 PRIMROSE RD STUDIO 14, BURLINGAME, CA 94010-4208
20509443	CLUTCHBIO	9/22/2025	6/30/2027	1580 GILBRETH RD, BURLINGAME, CA 94010-1605
20505036	CM PROPERTY MANAGEMENT, INC.	1/20/2019	6/30/2027	1800 HAMILTON AVE # 210, SAN JOSE, CA 95125-5635
20505987	CMC STEEL FABRICATORS, INC.	6/22/2022	6/30/2027	120 LARCH RD, TRACY, CA 95304
20509280	CMS ENVIRONMENTAL SERVICES	7/24/2025	6/30/2027	5169 SEASIDE CT, UNION CITY, CA 94587-5157
20506482	CMS PLUMBING, INC	8/10/2022	6/30/2027	545 WESTCHESTER DR, CAMPBELL, CA 95008-5085
20507229	CMX BEAUTY	5/23/2023	6/30/2027	1403 CHAPIN AVE, BURLINGAME, CA 94010-4002
20508658	COAST BUILDERS, INC.	11/8/2024	6/30/2026	261 MEDIO AVE, HALF MOON BAY, CA 94019-5336
20502852	COAST BUILDING PRODUCTS	2/6/2018	6/30/2027	475 N WILLIAMSON BLVD, DAYTONA BEACH, FL 32114-7101
20506673	COAST FIRE EQUIPMENT	7/1/2009	6/30/2027	5930 LAS POSITAS RD, LIVERMORE, CA 94551-7804
20508031	COAST SIGN LLC	3/9/2024	6/30/2027	1500 W EMBASSY ST, ANAHEIM, CA 92802-1016
20507396	COASTLAND CIVIL ENGINEERING, LLC	1/1/2023	6/30/2027	1400 NEOTOMAS AVE, SANTA ROSA, CA 95405-7575
20504959	COBALT POWER SYSTEMS, INC.	3/5/2008	6/30/2027	2557 WYANDOTTE ST, MOUNTAIN VIEW, CA 94043-2314
20506589	COBE CONSTRUCTION INC	11/15/2019	6/30/2026	498 SALMAR AVE, CAMPBELL, CA 95008-1414
20507689	COBELL CONSTRUCTION, INC.	1/1/2024	6/30/2027	510 MYRTLE AVE # 203, SOUTH SAN FRANCISCO, CA 94080-4563
20509943	COBRI	4/17/2026	6/30/2027	--ON FILE--
20503464	COCONUT BAY COMPANY INC.	7/23/2012	6/30/2026	1107 HOWARD AVE, BURLINGAME, CA 94010-4214
20509172	CODA TECHNOLOGY GROUP	6/13/2025	6/30/2026	1370 REDWOOD WAY STE C, PETALUMA, CA 94954-6511
20508416	CODEADVANTAGE	9/9/2024	6/30/2027	327 CONVENT AVE, NEW YORK, NY 10031-6302
20507238	CODESIGN LLC	6/1/2023	6/30/2027	1900 POWELL ST STE 700, EMERYVILLE, CA 94608-1889
20503781	CODY INVESTIGATIVE GROUP, INC.	8/30/2021	6/30/2027	405 PRIMROSE RD #317, BURLINGAME, CA 94010-4043
20501897	CODY VERMETTE GROUP, INC.	2/2/2012	6/30/2027	1305 ELMER ST, BELMONT, CA 94002-4010
20505401	COGITATION CONSULTING	8/27/2008	6/30/2027	1529 LA MESA DR, BURLINGAME, CA 94010-5921
20502092	COINSTAR ASSET HOLDINGS, LLC	8/9/2017	6/30/2027	1477 CHAPIN AVE, BURLINGAME, CA 94010-4002
20502089	COINSTAR ASSET HOLDINGS, LLC	8/9/2017	6/30/2027	1450 HOWARD AVE, BURLINGAME, CA 94010-4202
20506187	COINTECH	6/30/1981	6/30/2027	1533 PLAZA LN, BURLINGAME, CA 94010-3203
20504748	COIT SERVICES, INC.	7/21/1981	6/30/2027	897 HINCKLEY RD, BURLINGAME, CA 94010-1502
20503580	COLDWELL BANKER	8/31/2012	6/30/2027	1427 CHAPIN AVE, BURLINGAME, CA 94010-4002
20500228	COLDWELL BANKER COMMERCIAL WESTBAY R/E	3/4/1991	6/30/2027	1575 BAYSHORE HWY # 100, BURLINGAME, CA 94010-1616
20507715	COLIN GORDON ASSOCIATES	9/1/2023	6/30/2027	1350 BAYSHORE HWY # 799, BURLINGAME, CA 94010-1838
20506262	COLLABORATIVE DRUG DISCOVERY, INC.	7/1/2008	6/30/2027	1633 BAYSHORE HWY # 342, BURLINGAME, CA 94010-1515
20506179	COLLIER WAREHOUSE, INC.	10/1/2022	6/30/2026	90 DORMAN AVE, SAN FRANCISCO, CA 94124-1807
20504164	COLLINS ROOFING, INC	10/18/2021	6/30/2027	3756 GRAND AVE # 304, OAKLAND, CA 94610-1545
20506754	COLOR HEALTH, INC.	1/1/2020	6/30/2027	831 MITTEN RD STE 100, BURLINGAME, CA 94010-1300
20502449	COLORPRINT	7/6/2001	6/30/2027	1570 GILBRETH RD, BURLINGAME, CA 94010-1605
20502005	COMCAST BIS	7/14/2017	6/30/2027	1701 JOHN F KENNEDY FL BLVD 32, PHILADELPHIA, PA 19103-2857
20502956	COMCAST BROADBAND SECURITY	5/17/2012	6/30/2027	1701 JOHN F KENNEDY BLVD FL 32, PHILADELPHIA, PA 19103-2855
20504097	COMCAST OF CALIFORNIA/ILLINOIS, LP	7/1/2005	6/30/2027	860 STANTON RD, BURLINGAME, CA 94010-1404
20508447	COMFORT DYNAMICS, INC	9/1/2024	6/30/2026	823 ESTABROOK ST, SAN LEANDRO, CA 94577-3439
20505655	COMFORT ENERGY INC.	4/14/2022	6/30/2027	1465 N MILPITAS BLVD, MILPITAS, CA 95035-3160
20504905	COMFORT PRO MASSAGE, INC.	1/7/2022	6/30/2027	1115 CALIFORNIA DR, BURLINGAME, CA 94010-3505
20500667	COMMERCIAL CUSTOM SEATING & UPHOLSTERY, INC	5/6/2016	6/30/2027	12601 WESTERN AVE, GARDEN GROVE, CA 92841-4014
20502270	COMMERCIAL FIRE PROTECTION, LLC	9/26/2017	6/30/2027	360 GODDARD, IRVINE, CA 92618-4601
20506841	COMMERCIAL ONE INSURANCE SERVICES INC	7/1/2009	6/30/2027	411 AIRPORT BLVD, BURLINGAME, CA 94010-2001
20500641	COMMON INTEREST MANAG	1/1/2020	6/30/2027	12647 ALCOSTA BLVD STE 275, SAN RAMON, CA 94583-4439
20506735	COMMON METAL	6/14/2022	6/30/2026	1450 CHAPIN AVE # 150, BURLINGAME, CA 94010-4099
20503914	COMMUNICATION ACADEMY	2/14/2013	6/30/2027	850 BURLINGAME AVE, BURLINGAME, CA 94010-2899
20505267	COMMUNICATION SERVICE CENTER	7/9/2014	6/30/2026	11151 SUN CENTER DR STE F, RANCHO CORDOVA, CA 95670-6194
20509395	COMMUNICATIONS INSTALL SOLUTIONS, INC	5/1/2025	6/30/2027	308 LANG RD, BURLINGAME, CA 94010-2003
20508334	COMMUNITY PLANNING COLLABORATIVE	7/1/2024	6/30/2026	2639 BENVENUE AVE, BERKELEY, CA 94704-3404
20505176	COMMUNITY RECONSTRUCTION SOLUTIONS	7/1/2007	6/30/2027	855 HINCKLEY RD, BURLINGAME, CA 94010-1502
20507374	COMMUNITY TREE SERVICE, LLC	7/24/2023	6/30/2027	416 SALINAS RD, ROYAL OAKS, CA 95076-5233
20503360	COMPASS	10/23/2003	6/30/2027	1440 CHAPIN AVE # 200, BURLINGAME, CA 94010-4011
20505809	COMPASS CALIFORNIA II, INC.	1/1/2022	6/30/2027	1290 HOWARD AVE # 201, BURLINGAME, CA 94010-4222
20509033	COMPASS GROUP USA INC	6/2/2025	6/30/2027	1699 BAYSHORE HWY, BURLINGAME, CA 94010-1512
20503377	COMPASS GROUP USA INC	11/21/2003	6/30/2027	3870 CHARTER PARK DR, SAN JOSE, CA 95136-1388
20506124	COMPLETE PEST CONTROL	7/1/2008	6/30/2027	PO BOX 315, REDWOOD CITY, CA 94064-0358
20506943	COMPLETE SOLAR, INC.	12/7/2022	6/30/2026	1403 N RESEARCH WAY, OREM, UT 84097-6201
20500223	COMPLEXITY INTELLIGENCE LLC	7/1/2009	6/30/2027	533 AIRPORT BLVD #400, BURLINGAME, CA 94010-2028
20500819	COMPUTER TECHNICIANS, INC	6/7/1995	6/30/2027	1534 PLAZA LN # 103, BURLINGAME, CA 94010-3204
20509063	COMPUTERCARE	5/1/2025	6/30/2027	700 AIRPORT BLVD # 110, BURLINGAME, CA 94010-1900
20507181	CON-QUEST CONTRACTORS, INC.	5/1/2023	6/30/2027	880 MITTEN RD # 105, BURLINGAME, CA 94010-1309
20504940	CONCO & CONCO PUMPING	3/12/2014	6/30/2027	5141 COMMERCIAL CIR, CONCORD, CA 94520-8523
20508090	CONFEITARIA DOCE TENTACAO	3/25/2024	6/30/2026	1335 ROLLINS RD, BURLINGAME, CA 94010-2409
20507436	CONFLUENCE RESTORATION INC	8/18/2023	6/30/2027	--ON FILE--
20509158	CONOLEY ELECTRIC	6/16/2025	6/30/2027	--ON FILE--
20507382	CONRIA D'SOUZA ILLUSTRATION	8/1/2023	6/30/2026	--ON FILE--
20510112	CONSERVICE METERING SOLUTIONS INC	6/15/2026	6/30/2027	750 GATEWAY DR, RIVER HEIGHTS, UT 84321-5571
20506689	CONSOLIDATED ELECTRICAL DISTRIBUTORS, INC.	9/9/2009	6/30/2027	1920 WESTRIDGE DR, IRVING, TX 75038-2901
20507578	CONSOLIDATED PLUMBING SERVICES	11/1/2023	6/30/2026	3732 CHARTER PARK DR STE D, SAN JOSE, CA 95136-1355
20510026	CONSTRUCTION & MORE	5/14/2026	6/30/2026	40835 FREMONT BLVD, FREMONT, CA 94538-4306
20509791	CONSTRUCTION BY MEYER	2/5/2026	6/30/2027	1350 PEAR AVE # A, MOUNTAIN VIEW, CA 94043-1303
20500091	CONSTRUCTION TESTING SERVICES INC	7/1/2009	6/30/2027	2118 RHEEM DR, PLEASANTON, CA 94588-2775
20505463	CONSTRUCTIVE SOLUTIONS, INC.	10/6/2014	6/30/2027	2041 PIONEER CT STE 208, SAN MATEO, CA 94403-1729
20504271	CONSULTING 2.0, INC.	10/18/2021	6/30/2027	832 FAIRFIELD RD, BURLINGAME, CA 94010-3723
20506335	CONTEMPORARY ELECTRIC, INC.	9/30/2019	6/30/2027	3855 CYPRESS DR STE B, PETALUMA, CA 94954-5689
20506435	CONTRA COSTA HEATING & AC	9/23/2015	6/30/2026	14676 DOOLITTLE DR, SAN LEANDRO, CA 94577-6617
20501323	CONTROL FIRE, INC.	12/1/2016	6/30/2027	50 WOODSIDE PLZ # 214, REDWOOD CITY, CA 94061-2500
20503544	CONVERGINT TECHNOLOGIES LLC	7/12/2018	6/30/2026	5860 W LAS POSITAS BLVD # 7, PLEASANTON, CA 94588-8557
20509008	COOK BOOKKEEPING SERVICES	6/30/2025	6/30/2026	--ON FILE--
20502104	COOK MEDICAL, LLC.	7/1/2010	6/30/2027	PO BOX 1608, BLOOMINGTON, IN 47402-1608
20503140	COOKS COMPANY PRODUCE, INC.	7/1/2021	6/30/2027	1942 JERROLD AVE, SAN FRANCISCO, CA 94124-1603
20508390	COOL TECH MECHANICAL INC	7/22/2024	6/30/2027	1000 AMERICAN ST, SAN CARLOS, CA 94070-5366
20509197	COOLEY ENVIRONMENTAL CONSULTING	7/28/2025	6/30/2026	790 BUCK AVE, VACAVILLE, CA 95688-3514
20505885	COOLSYS LIGHT COMMERCIAL SOLUTIONS, LLC	9/20/2019	6/30/2027	645 E MISSOURI AVE STE 205, PHOENIX, AZ 85012-1334
20505033	COPELLO ELECTRIC COMPANY	2/28/2022	6/30/2026	1369 LOWRIE AVE, SOUTH SAN FRANCISCO, CA 94080-6403
20505089	COPENHAGEN BAKERY & CAFE	3/1/2022	6/30/2027	1216 BURLINGAME AVE, BURLINGAME, CA 94010-4128
20507941	COPUS CONSTRUCTION LLC	10/11/2023	6/30/2027	1115 VILLAGE DR APT 6, BELMONT, CA 94002-3444
20505921	CORAZON ROXAS FOUNDATION	2/24/2009	6/30/2027	2 VICTORIA RD, BURLINGAME, CA 94010-2957
20509628	CORCUS CONSTRUCTION, INC.	3/2/2026	6/30/2027	1592 UNION ST # 476, SAN FRANCISCO, CA 94123-4505
20506621	CORE ANALYTICS RADIOLOGY	7/1/2022	6/30/2027	14735 CALIFA ST, VAN NUYS, CA 91411-3107
20506915	CORE COMMUNICATION INC.	11/21/2022	6/30/2026	2000 BROADWAY ST, REDWOOD CITY, CA 94063-1843
20509402	CORE STATES CONSTRUCTION SERVICES INC.	9/5/2025	6/30/2027	4240 JURUPA ST # 402, ONTARIO, CA 91761-1427
20508375	CORE-MARK US, LLC	7/18/2024	6/30/2027	31300 MEDALLION DR, HAYWARD, CA 94544-7982
20507547	CORISH COMMERCIAL ELECTRIC, INC.	10/20/2023	6/30/2026	--ON FILE--
20507044	CORISH ELECTRIC RESIDENTIAL	7/11/2022	6/30/2027	1336 N CAROLAN AVE # 102, BURLINGAME, CA 94010-2400
20507067	CORNELY COMPANY	1/1/2023	6/30/2027	65 DORMAN AVE, SAN FRANCISCO, CA 94124-1806
20503007	CORNERSTONE EARTH GROUP INC	6/8/2012	6/30/2027	1259 OAKMEAD PKWY, SUNNYVALE, CA 94085-4040
20500083	CORPORATE CARE BY HOEM	7/1/2009	6/30/2026	3530 W T C JESTER BLVD, HOUSTON, TX 77018-5047
20505214	CORPORATE SIGN SYSTEMS	5/15/2008	6/30/2027	2464 DE LA CRUZ BLVD, SANTA CLARA, CA 95050-2923
20504114	CORSA AN, INC.	1/4/2006	6/30/2026	1381 HILLSIDE CIR, BURLINGAME, CA 94010-6001
20506491	CORT BUSINESS SERVICES CORPORATION	7/1/2022	6/30/2027	15845 E 32ND AVE STE E, AURORA, CO 80011-1571
20510107	CORTEZ	7/7/2026	6/30/2027	--ON FILE--
20503388	COSCO FIRE PROTECTION INC	12/1/2003	6/30/2027	7455 LONGARD RD, LIVERMORE, CA 94551-8238
20508230	COSH HEAD SPA	7/15/2024	6/30/2027	401 PRIMROSE RD STE G, BURLINGAME, CA 94010-4063
20503638	COSMOS ROOFING	8/21/2013	6/30/2026	2541 LEGHORN ST STE 7, MOUNTAIN VIEW, CA 94043-1633
20507979	COSMOTEC CORPORATION	2/5/2024	6/30/2027	345 LORTON AVE STE 306, BURLINGAME, CA 94010-4136
20507008	COSTA BROWN ARCHITECTURE, INC.	1/1/2023	6/30/2027	1620 MONTGOMERY ST STE 300, SAN FRANCISCO, CA 94111-1016
20500467	COSTCO BUSINESS DELIVERY #823	7/1/2009	6/30/2027	730 LAKE DR, ISSAQUAH, WA 98027-5504
20506229	COTCHETT, PITRE & MCCARTHY, LLP.	3/31/1987	6/30/2027	840 MALCOLM RD # 200, BURLINGAME, CA 94010-1413
20502764	COUNSELORS PLUS INC.	1/22/2018	6/30/2027	405 PRIMROSE RD #208, BURLINGAME, CA 94010-4091
20503232	COVENANT AVIATION SECURITY, LLC	8/6/2021	6/30/2027	1112 W BOUGHTON RD STE 355, BOLINGBROOK, IL 60440-1508
20508288	COVENANT CONSTRUCTION & DESIGN	6/19/2024	6/30/2027	309 CHERRY LN STE 101, MANTECA, CA 95337-4312
20509048	COWBOYS CONSTRUCTION	5/5/2025	6/30/2027	1185 LINDA VISTA DRIVE SUIT A, SAN MARCOS, CA 92078
20501877	COWORX STAFFING SERVICES LLC	8/28/2020	6/30/2027	--ON FILE--
20506681	COY & COMPANY, INC.	9/1/2022	6/30/2027	1576 ROLLINS RD, BURLINGAME, CA 94010-2317
20506545	COYNE STAIR INC	11/5/2019	6/30/2027	751 BARRON AVE, REDWOOD CITY, CA 94063-3953
20505557	COYOTE POINT ARMORY	11/14/2014	6/30/2027	341 BEACH RD, BURLINGAME, CA 94010-2005
20501677	CP MECHANICAL	10/16/2012	6/30/2027	720 S AMPHLETT BLVD, SAN MATEO, CA 94402-1401
20504101	CP VII ADRIAN, LLC	8/31/2021	6/30/2027	1000 SANSOME ST FIRST FL, SAN FRANCISCO, CA 94111
20507158	CP VIII 1766 ECR, LLC	8/26/2022	6/30/2027	1766 EL CAMINO REAL, BURLINGAME, CA 94010-3235
20510173	CPS CONSTRUCTION	7/7/2026	6/30/2027	--ON FILE--
20506030	CRANE AND CANOPY INC.	5/1/2015	6/30/2027	840 BURLWAY RD, BURLINGAME, CA 94010-1706
20506753	CRANE PEST CONTROL	7/1/2009	6/30/2027	1750 CESAR CHAVEZ #J, SAN FRANCISCO, CA 94124-1140
20507438	CRATUS INC	8/18/2023	6/30/2026	2178 PALOU AVE, SAN FRANCISCO, CA 94124-1503
20507330	CRAWFORD & ASSOCIATES, INC.	8/1/2023	6/30/2026	4701 FREEPORT BLVD, SACRAMENTO, CA 95822-2008
20503906	CREATIVE CORNER LLC	2/13/2013	6/30/2027	850 BURLINGAME AVE, BURLINGAME, CA 94010-2899
20510121	CREATIVE OUTDOORSCAPE COMPANY	6/18/2026	6/30/2027	59 WASHINGTON 135, SANTA CLARA, CA 95050
20502641	CREATIVE PRO MEDIA, INC.	7/1/2017	6/30/2026	1870 EL CAMINO REAL STE 209, BURLINGAME, CA 94010-3108
20505362	CREATIVE VIBES MUSIC THERAPY	6/1/2022	6/30/2026	--ON FILE--
20503323	CREEKFIELD LLC	9/4/2003	6/30/2027	--ON FILE--
20505999	CRESTMOOR	11/1/1982	6/30/2027	--ON FILE--
20504201	CRIME WATCH SECURITY SYSTEMS, LLC	3/22/2006	6/30/2027	1355 FAIRFAX AVE B, SAN FRANSICO, CA 94124
20508861	CRIMINAL FITNESS	2/17/2025	6/30/2027	1210 DONNELLY AVE, BURLINGAME, CA 94010-4102
20506421	CRISAFI PROPERTY MANAGEMENT	7/1/2008	6/30/2027	--ON FILE--
20503143	CRITCHFIELD MECHANICAL INC	2/2/1984	6/30/2027	1901 JUNCTION AVE, SAN JOSE, CA 95131-2103
20501474	CRITERION SUPPLY	1/27/2017	6/30/2026	4500 SE CRITERION CT STE 100, MILWAUKIE, OR 97222-8868
20503645	CROWN CASTLE USA, INC	10/11/2012	6/30/2027	2000 CORPORATE DR, CANONSBURG, PA 15317-8564
20504814	CROWN SHEET METAL & SKYLIGHTS INC.	11/28/2007	6/30/2027	855 STANTON RD, BURLINGAME, CA 94010-1403
20507043	CRYSTAL CREAMERY, INC.	4/18/2020	6/30/2027	529 KANSAS AVE, MODESTO, CA 95351-1515
20501371	CRYSTAL SPRINGS GOLF COURSE	7/1/2016	6/30/2027	6650 GOLF COURSE DR, BURLINGAME, CA 94010-6598
20502028	CRYSTAL SPRINGS LANDSCAPE INC.	1/1/2020	6/30/2027	600 S AMPHLETT BLVD, SAN MATEO, CA 94402-1325
20505027	CS OF SC INC	7/1/2007	6/30/2027	151 OLD COUNTY RD STE F, SAN CARLOS, CA 94070-6247
20500462	CSC	5/10/1993	6/30/2027	17101 SUPERIOR ST, NORTHRIDGE, CA 91325-1961
20502703	CSG CONSULTANTS, INC.	12/16/2011	6/30/2027	550 PILGRIM DR, FOSTER CITY, CA 94404-1212
20508597	CSWST2	10/10/2024	6/30/2027	504 REDWOOD BLVD STE 310, NOVATO, CA 94947-6925
20502478	CUISINE STYLE	9/9/2011	6/30/2027	842 STANTON RD, BURLINGAME, CA 94010-1404
20508158	CUMMING MANAGEMENT GROUP, INC.	5/1/2024	6/30/2027	3230 MONUMENT WAY, CONCORD, CA 94518-2406
20504070	CUMMINGS MOVING CO.	9/30/2005	6/30/2027	275 S MAPLE AVE, S SAN FRANCISCO, CA 94080-6305
20500107	CUPERTINO ELECTRIC, INC.	9/8/1989	6/30/2027	1132 N 7TH ST, SAN JOSE, CA 95112-4438
20509234	CURIOUS FOX STUDIO LLC	7/29/2025	6/30/2027	--ON FILE--
20503385	CURTIN CONVENTION & EXPOSITION SERVICE	11/26/2003	6/30/2027	1333 BAYSHORE HWY, BURLINGAME, CA 94010-1886
20503092	CUSHMAN & WAKEFIELD U.S., INC.	7/1/2017	6/30/2027	1350 BAYSHORE HWY # 900, BURLINGAME, CA 94010-1818
20502199	CUSTOM COPPER AND SHEET METAL ROOFING, INC	9/8/2017	6/30/2027	2031, N HIGHLANDS, CA 95660-8110
20503591	CUSTOM EXTERIORS INC	7/10/2009	6/30/2027	2142 RHEEM DR STE E, PLEASANTON, CA 94588-5600
20501949	CUSTOM INDUSTRIAL MFG INC	12/21/1999	6/30/2027	1 EDWARDS CT # 101, BURLINGAME, CA 94010-2428
20505775	CUSTOM SCAFFOLD	8/29/2019	6/30/2027	1341 ARCHER ST, ALVISO, CA 95002
20502683	CUTSINGER ENT, INC	12/7/2011	6/30/2027	1011 CADILLAC WAY STE B, BURLINGAME, CA 94010-2896
20503113	CW FINANCIAL SERVICES	1/1/2003	6/30/2027	--ON FILE--
20508790	CY GENERAL CONSTRUCTION INC	1/15/2025	6/30/2027	1759 33RD AVE, SAN FRANCISCO, CA 94122-4103
20509653	CYNTHIA CAPACILLO	9/23/2025	6/30/2027	1290 HOWARD AVE # 325, BURLINGAME, CA 94010-4230
20504379	CZS PROPERTY MANAGEMENT, LLC	7/1/2021	6/30/2027	211 S HILL DR 2ND FL, BRISBANE, CA 94005
20501783	D & A HAIR ARTISTRY LLC	1/6/2021	6/30/2027	1419 BURLINGAME AVE STE N, BURLINGAME, CA 94010-4123
20506270	D A POPE INC	2/7/1985	6/30/2027	1160 CHESS DR STE 11, FOSTER CITY, CA 94404-1163
20500240	D PALOMO GENERAL BUILDER	1/6/2020	6/30/2027	294 HAHN ST, SAN FRANCISCO, CA 94134-3020
20500873	D&H MANAGEMENT SERVICES	7/7/2016	6/30/2026	110 PARK RD # 105, BURLINGAME, CA 94010-4338
20507445	D-LINE CONSTRUCTORS, INC.	9/1/2023	6/30/2027	2744 E 11TH ST BOX H16, OAKLAND, CA 94601-1443
20503023	D. GARDENER	7/1/2012	6/30/2027	--ON FILE--
20501176	D. KELLY CONSTRUCTION, INC.	8/10/2020	6/30/2027	55 LAFAYETTE ST, SAN FRANCISCO, CA 94103-2538
20506372	D.G.A PLANNING/ARCHITECTURE/INTERIORS	9/17/2015	6/30/2027	550 ELLIS ST, MOUNTAIN VIEW, CA 94043-2236
20504488	D.J. CAPPS	6/26/1981	6/30/2027	390 LANG RD # A, BURLINGAME, CA 94010-2003
20505366	D.R. ELECTRIC	3/14/2022	6/30/2026	3414 WOODSIDE LN, SAN JOSE, CA 95121-1248
20501812	D.W. NICHOLSON CORPORATION	7/7/1999	6/30/2027	PO BOX 4197, HAYWARD, CA 94540-4245
20500675	DAHLBERG & ASSOCIATES	6/20/1994	6/30/2027	1633 CORONADO WAY, BURLINGAME, CA 94010-4626
20501746	DAILY LIMO & SEDANS	1/10/2011	6/30/2027	1799 BAYSHORE HWY # 168G, BURLINGAME, CA 94010-1316
20507033	DAIRYLAND PRODUCE, LLC	3/1/2023	6/30/2027	100 E RIDGE RD, RIDGEFIELD, CT 06877-4623
20503690	DAK COMMERCIAL, INC.	9/1/2004	6/30/2027	--ON FILE--
20505631	DALEO INC	1/7/2015	6/30/2026	550 E LUCHESSA AVE, GILROY, CA 95020-7068
20507019	DAN LUPO MUSIC	4/1/2023	6/30/2027	888 O''FARRELL ST E1102, SAN FRANCISCO, CA 94109
20501688	DANA KITCHENS & ASSOCIATES INC.	1/25/1999	6/30/2027	5464 SKYLINE BLVD F, SANTA ROSA, CA 95403
20507468	DANA'S YOGA FOR EVERY BODY	9/6/2023	6/30/2027	850 BURLINGAME AVE, BURLINGAME, CA 94010-2899
20510063	DANCE ARTS/TECHNIQUE ACADEMY LLC	9/1/2026	6/30/2027	850 BURLINGAME AVE, BURLINGAME, CA 94010-2899
20504878	DANIEL C MORENO CPA	8/1/1983	6/30/2027	180 PARK RD, BURLINGAME, CA 94010-4317
20507654	DANIEL CPA	12/1/2023	6/30/2027	1336 N CAROLAN AVE STE 105, BURLINGAME, CA 94010-2400
20502384	DANIEL T CRAY PAINTING	5/9/2001	6/30/2026	--ON FILE--
20509374	DANIELLE VACA LICENSED MARRIAGE AND FAMILY THERAPI	1/1/2025	6/30/2027	1720 MARCO POLO WAY STE E, BURLINGAME, CA 94010-4513
20503072	DANLI CHIROPRACTIC & WELLNESS	1/2/2003	6/30/2027	340 LORTON AVE # 203, BURLINGAME, CA 94010-4126
20500247	DANLIE'S, INC.	2/1/2010	6/30/2027	383 BEACH RD, BURLINGAME, CA 94010-2005
20503021	DANNELS ELECTRIC, INC.	5/6/1986	6/30/2027	823 GREENWOOD AVE, SAN MATEO, CA 94401-3716
20503870	DARLING INGREDIENTS, INC	8/3/1981	6/30/2027	429 AMADOR ST, SAN FRANCISCO, CA 94124-1232
20502940	DAROSA & ASSOCIATES	5/15/2012	6/30/2027	1601 BAYSHORE HWY STE 202, BURLINGAME, CA 94010-1508
20504783	DAVEY TREE SURGERY CO.	3/25/2019	6/30/2027	2617 S VASCO RD, LIVERMORE, CA 94550-8322
20503095	DAVID ARBULU-GARAMVOLGYI, MFT	4/9/2018	6/30/2027	840 HINCKLEY RD STE 245, BURLINGAME, CA 94010-1518
20501975	DAVID H SILVERMAN PHD	1/20/2000	6/30/2027	1601 BAYSHORE HWY # 335, BURLINGAME, CA 94010-1510
20503628	DAVID H. FELL & CO.	9/21/2012	6/30/2027	1467 ROLLINS RD, BURLINGAME, CA 94010-2316
20508069	DAVID J. POWERS & ASSOCIATES, INC.	7/15/2014	6/30/2027	1871 THE ALAMEDA STE 200, SAN JOSE, CA 95126-1752
20500810	DAVID JACOBS	7/28/1981	6/30/2026	1385 MARSTEN RD # A, BURLINGAME, CA 94010-2420
20501478	DAVID L GATES & ASSOCIATES	2/1/2017	6/30/2027	1655 N MAIN ST STE 365, WALNUT CREEK, CA 94596-4641
20500382	DAVID STINES	4/20/2010	6/30/2027	2 WILLOW AVE, MILLBRAE, CA 94030-2533
20502811	DAVIS ARCHITECTURE	3/2/2012	6/30/2027	1550 BARROILHET AVE, BURLINGAME, CA 94010-5252
20502018	DAVIS DRAPERY HARDWARE	2/28/2000	6/30/2027	1675 ROLLINS RD # C, BURLINGAME, CA 94010-2320
20506182	DAVIS STIRLING MANAGEMENT CORP	5/5/1983	6/30/2027	--ON FILE--
20503745	DAWDY PHOTOGRAPHY	1/3/2005	6/30/2027	821 CALIFORNIA, BURLINGAME, CA 94010
20501019	DAY-LEE FOODS INC	7/1/2010	6/30/2027	2900 FABER ST # 3, UNION CITY, CA 94587-1228
20508726	DB ELECTRIC	12/11/2024	6/30/2027	212 WINDSOR DR, SAN CARLOS, CA 94070-2822
20501390	DC SERVICES LLC	2/4/1998	6/30/2027	2217 HILLSIDE DR, BURLINGAME, CA 94010-5651
20510070	DCCM INFRASTRUCTURE	5/1/2026	6/30/2027	1400 NEOTOMAS AVE, SANTA ROSA, CA 95405-7575
20501197	DE ANZA TILE CO INC	4/22/1997	6/30/2027	45755 NORTHPORT LOOP W, FREMONT, CA 94538-6460
20509098	DE LA VEGA PLUMBING AND CONSTRUCTION	5/20/2025	6/30/2026	--ON FILE--
20503614	DEA SECURITY SYSTEMS CO INC	10/17/2014	6/30/2027	PO BOX 828, BELMONT, CA 94002-0854
20504516	DEANS AUTO BODY & PAINTING, INC.	3/16/2007	6/30/2027	136 MYRTLE RD, BURLINGAME, CA 94010-3031
20504557	DEARCANGELIS & DEARCANGELIS, ATTORNEYS	5/9/2007	6/30/2026	800 AIRPORT BLVD # 422, BURLINGAME, CA 94010-1929
20505702	DEBRA RUBEN, PHD, LCSW	10/15/2014	6/30/2027	1408 CHAPIN AVE #3, BURLINGAME, CA 94010-4080
20509002	DEBTBOOK	4/8/2025	6/30/2027	1930 CAMDEN RD STE 200, CHARLOTTE, NC 28203-4983
20504724	DECKARD TECHNOLOGIES, INC.	4/16/2021	6/30/2027	1620 5TH AVE STE 400, SAN DIEGO, CA 92101-2738
20503067	DECKER ELECTRIC CO., INC.	12/30/2002	6/30/2027	300 CALIFORNIA ST STE 400, SAN FRANCISCO, CA 94104-1439
20500708	DEERFIELD REALTY CORP	4/23/2020	6/30/2027	3715 HAVEN AVE, MENLO PARK, CA 94025-1045
20500794	DEESIGNS	7/1/1994	6/30/2027	--ON FILE--
20503942	DEGREE HVAC INC	2/26/2013	6/30/2027	1160 INDUSTRIAL RD STE 2, SAN CARLOS, CA 94070-4128
20502342	DEGRYSE ELECTRIC INC.	10/11/2017	6/30/2026	2186 RHEEM DR UNIT A, PLEASANTON, CA 94588-2775
20509783	DEL AGUILA CONSTRUCTION INC	2/13/2026	6/30/2027	869 LA COLINA ST, SOLEDAD, CA 93960-3361
20504072	DEL CONTE'S M&H LANDSCAPE CONSTRUCTION INC	7/1/2021	6/30/2027	--ON FILE--
20502557	DEL RIO ROOFING CO. INC.	1/26/1989	6/30/2026	2260 BAY RD # B, REDWOOD CITY, CA 94063-3026
20500745	DELAHOUSSAYE CONSTRUCTION	5/14/2020	6/30/2027	833 MAHLER RD, BURLINGAME, CA 94010-1636
20508709	DELICIAS FOOD	11/7/2024	6/30/2027	608 LINDEN AVE, SOUTH SAN FRANCISCO, CA 94080-2965
20506406	DELICIAS FRUIT BAR	4/1/2009	6/30/2027	--ON FILE--
20505255	DELLA MAGGIORE STONE, INC.	5/28/2008	6/30/2026	87 N 30TH ST, SAN JOSE, CA 95116-1124
20500885	DELTA CAPITAL INVESTMENTS, LLC	7/1/2020	6/30/2027	1325 HOWARD AVE # 407, BURLINGAME, CA 94010-4212
20509501	DELTA DAWN ELECTRIC	10/14/2025	6/30/2026	4310 KNIGHTSEN AVE, OAKLEY, CA 94561-3608
20507710	DELUCA ELECTRIC INC	12/27/2023	6/30/2026	--ON FILE--
20508219	DELUXE CUSTOM CONSTRUCTION	5/20/2024	6/30/2026	--ON FILE--
20502429	DELUXE WINDOWS	10/20/2017	6/30/2026	105 22ND AVE, SAN MATEO, CA 94403-1704
20508367	DEMAND CONSTRUCTION	7/15/2024	6/30/2026	551 5TH ST UNIT B2, SAN FERNANDO, CA 91340-2266
20503620	DEMATTEI WONG ARCHITECTURE	7/2/1981	6/30/2027	1555 BAYSHORE HWY STE 300, BURLINGAME, CA 94010-1617
20503006	DEMETER TECHNOLOGIES, INC.	3/20/2018	6/30/2027	111 ANZA BLVD # 415, BURLINGAME, CA 94010-1916
20501045	DENT WIZARD INT CORP	7/1/2010	6/30/2027	1010 CADILLAC WAY, BURLINGAME, CA 94010-2599
20501939	DENTIST CA, JOHN K. LEUNG, DDS. PC.	7/7/2017	6/30/2027	500 PRIMROSE RD # 3, BURLINGAME, CA 94010-4096
20509879	DEREK DEANGELIS	4/1/2026	6/30/2027	1113 BURLINGAME AVE, BURLINGAME, CA 94010-4115
20506575	DERMASOLUTIONS - ELECTROLYSIS BY IRYNA ABRAMIAN	11/12/2019	6/30/2027	1375 BURLINGAME AVE # 288A, BURLINGAME, CA 94010-4100
20509481	DERRICK LAM THERAPY	12/22/2025	6/30/2027	405 PRIMROSE RD STE 301, BURLINGAME, CA 94010-4092
20506363	DES ARCHITECTS & ENGINEERS, INC.	3/30/2009	6/30/2027	399 BRADFORD ST STE 300, REDWOOD CITY, CA 94063-1585
20502577	DESIGN AND CUSTOMIZE LLC	3/2/2020	6/30/2027	320-322 BEACH RD, BURLINGAME, CA 94010
20509552	DESIGN DRAW BUILD INC	11/3/2025	6/30/2026	2866 WEBSTER ST, OAKLAND, CA 94609-3609
20506113	DESIGNER'S BRASS INC	7/14/1981	6/30/2027	280 EL CAMINO REAL, SAN BRUNO, CA 94066-4945
20507987	DESIGNS BY SIRI	1/1/2024	6/30/2026	--ON FILE--
20508543	DESIGNWORKS	9/20/2024	6/30/2027	--ON FILE--
20501298	DESILVA GATES CONSTRUCTION LLC	9/8/1997	6/30/2027	11555 DUBLIN BLVD, DUBLIN, CA 94568-2854
20500502	DESTINATION TASTE	6/7/2010	6/30/2027	512 BURLINGAME AVE, BURLINGAME, CA 94010-2852
20508905	DETAIL DRYWALL & STUCCO INC	3/20/2025	6/30/2026	23000 CONNECTICUT ST STE 4, HAYWARD, CA 94545-2737
20502488	DEVCON CONSTRUCTION, INC.	4/1/2021	6/30/2027	690 GIBRALTAR DR, MILPITAS, CA 95035-6317
20507177	DEVELOPMENT IS CHILD'S PLAY	5/1/2023	6/30/2027	1601 OLD BAYSHORE HWY 167, BURLINGAME, CA 94010
20502728	DEVINCENZI ARCHITECTURAL PRODUCTS GROUP, INC.	1/2/2018	6/30/2027	1717 ADRIAN RD, BURLINGAME, CA 94010-2104
20506834	DEVLUX CONSTRUCTION INC	10/25/2022	6/30/2026	4834 MARY JANE WAY, SAN JOSE, CA 95124-5214
20503951	DEWEY LAND COMPANY, INC.	9/17/2018	6/30/2027	240 LORTON AVE 4TH FL, BURLINGAME, CA 94010
20506705	DEWEY SERVICES	7/1/2009	6/30/2027	939 E UNION ST, PASADENA, CA 91106-1716
20508912	DF_KNIGHTS	8/28/2025	6/30/2026	850 BURLINGAME AVE, BURLINGAME, CA 94010-2899
20504461	DFC CUSTOMS BROKER INC	12/27/2006	6/30/2027	1 EDWARDS CT # 206, BURLINGAME, CA 94010-2428
20501485	DG FLOOR COVERINGS INC	7/1/2010	6/30/2027	2501 SPRING ST, REDWOOD CITY, CA 94063-3021
20502999	DG HEATHING AND AIR CONDITIONING	3/19/2018	6/30/2027	1040 COMMERCIAL ST STE 104, SAN JOSE, CA 95112-1418
20503957	DI BUILD LLC	9/13/2021	6/30/2027	1781 EL CAMINO REAL # 7, MILLBRAE, CA 94030-1215
20509270	DI LI CONSTRUCTION COMPANY INC.	7/31/2025	6/30/2027	--ON FILE--
20500147	DIABETES TECHNOLOGY MANAGEMENT	7/1/2015	6/30/2027	--ON FILE--
20504212	DIAMONDS A FINE HAND AND FOOT SPA	4/3/2006	6/30/2027	1110 BURLINGAME AVE #103, BURLINGAME, CA 94010-4125
20505701	DIANA D GLYNN	7/1/2019	6/30/2027	850 BURLINGAME AVE, BURLINGAME, CA 94010-2899
20502801	DIANA E VAN HAEFTEN	2/3/1987	6/30/2027	--ON FILE--
20502973	DIARRABLU	1/1/2021	6/30/2027	533 AIRPORT BLVD #400, BURLINGAME, CA 94010-2028
20503287	DIDI SALON - FREDERICK A VELARDE	7/6/2012	6/30/2026	1221 DONNELLY AVE, BURLINGAME, CA 94010-4101
20504443	DIDI SALON LLC	1/14/2019	6/30/2027	1221 DONNELLY AVE, BURLINGAME, CA 94010-4101
20502493	DIEBEL AND COMPANY	7/27/2001	6/30/2027	PO BOX 1044, BURLINGAME, CA 94011-1578
20503533	DIEDRE SHAW INTERIORS	4/26/2004	6/30/2026	--ON FILE--
20503648	DIGICOM NETWORKS INC.	7/23/2018	6/30/2027	2175 SAMPSON AVE STE 118, CORONA, CA 92879-6014
20508428	DIGITAL ENERGY, INC.	9/1/2024	6/30/2027	555 MARIN ST STE 230, THOUSAND OAKS, CA 91360-4106
20501807	DIJEAU CONSTRUCTION, INC.	7/1/2016	6/30/2027	1832 ROLLINS RD, BURLINGAME, CA 94010-2205
20505618	DILUZIO	4/5/2022	6/30/2027	1781 EL CAMINO REAL, MILLBRAE, CA 94030
20507195	DIMETRIUS PAINTING II, INC.	4/27/2023	6/30/2027	329 SANGO CT, MILPITAS, CA 95035-6837
20506073	DIODATI CONST/GOLDEN GATE TERMITE CONTROL	2/22/1985	6/30/2027	328 LANG RD, BURLINGAME, CA 94010-2003
20503488	DIRECTV, LLC	7/27/2012	6/30/2027	, SAN ANTONIO, TX 78215
20508613	DISABILITY ACCESS CONSULTANTS, LLC	12/1/2024	6/30/2027	2862 OLIVE HWY STE D, OROVILLE, CA 95966-6123
20509442	DISCOUNT PLUMBING ROOTER SERVICES	6/1/2025	6/30/2027	570 SYLVAN ST, DALY CITY, CA 94014-2724
20507301	DISCOVER PLUMBING AND ROOTER INC.	6/29/2023	6/30/2027	1728 OCEAN AVE # 245, SAN FRANCISCO, CA 94112-1737
20503858	DITO & ASSOCIATES, LLC.	4/25/2005	6/30/2027	1601 BAYSHORE HWY, BURLINGAME, CA 94010-1514
20505985	DITTMANN PLUMBING, INC.	7/16/1981	6/30/2027	941 S CLAREMONT ST, SAN MATEO, CA 94402-1833
20509075	DIVERSIFIED CLINICAL SERVICES	4/8/2025	6/30/2027	1501 TROUSDALE DR STE 236, BURLINGAME, CA 94010-3282
20504851	DIVINEY CONSTRUCTION INC	2/7/2014	6/30/2027	808 BURLWAY RD # 3, BURLINGAME, CA 94010-1710
20509195	DJ CONSTRUCTION GROUP	7/1/2025	6/30/2026	--ON FILE--
20501806	DJ CUSTOM JEWELRY	7/2/1999	6/30/2027	1807 EL CAMINO REAL #A, BURLINGAME, CA 94010-3202
20508476	DKF SOLUTIONS GROUP LLC	1/1/2024	6/30/2027	--ON FILE--
20504440	DKJ ASSOCIATES	11/15/2021	6/30/2027	2251 CLAREMONT CT, HAYWARD, CA 94545-5001
20509245	DKS ASSOCIATES	1/14/2025	6/30/2027	2401 E KATELLA AVE STE 425, ANAHEIM, CA 92806-5941
20503897	DL FAN SERVICE AND BALANCING	6/6/2005	6/30/2027	63 LOMA VISTA DR, BURLINGAME, CA 94010-5923
20506267	DLS FREIGHT SERVICE SFO LTD	7/1/2008	6/30/2027	840 HINCKLEY RD # 147, BURLINGAME, CA 94010-1505
20509566	DM INTERIORS	11/13/2025	6/30/2027	--ON FILE--
20501381	DMITROWICH EVELYN TR;GRINCHUK MARIE TR;RAIMER RUTH	7/1/2010	6/30/2027	--ON FILE--
20506056	DMK ENTERPRISES LLC	7/1/2008	6/30/2027	345 LORTON AVE # 302, BURLINGAME, CA 94010-4136
20501983	DOBEL CONSTRUCTION	10/6/2004	6/30/2027	948 CENTER ST, SAN CARLOS, CA 94070-5311
20505891	DOLAN CONCRETE CONSTRUCTION	5/4/2022	6/30/2027	3045 ALFRED ST, SANTA CLARA, CA 95054-3303
20500963	DOLAN'S WINDOWS AND DOORS	7/1/2011	6/30/2027	1410 BROADWAY, BURLINGAME, CA 94010-3428
20506300	DOLEZAL TREE SURGERY	7/16/1981	6/30/2027	1590 CORDILLERAS RD, REDWOOD CITY, CA 94062-3208
20507481	DOMADA INC	5/24/2023	6/30/2027	1325 HOWARD AVE STE 222, BURLINGAME, CA 94010-4212
20502977	DOME CONSTRUCTION CORPORATION	3/14/2018	6/30/2027	6261 HOLLIS ST, EMERYVILLE, CA 94608-2023
20508549	DOMINIC CHU CONSULTING STRUCTURAL ENGINEER	9/25/2024	6/30/2026	3724 S EL CAMINO REAL, SAN MATEO, CA 94403-4423
20500172	DON SNIDER & ASSOCIATES	5/11/1990	6/30/2027	1110 BURLINGAME AVE # 213, BURLINGAME, CA 94010-4125
20504767	DONE RIGHT HOME REMODELING INC	3/20/2019	6/30/2026	1825 DE LA CRUZ BLVD # 203, SANTA CLARA, CA 95050-3012
20503519	DONLUCAS GARDENING SERVICES	8/6/2012	6/30/2026	--ON FILE--
20502906	DONOR BOOM	5/11/2021	6/30/2027	1378 DE SOTO AVE, BURLINGAME, CA 94010-5634
20506948	DOOR SYSTEMS	12/19/2022	6/30/2027	1150 LAS BRISAS PL, PLACENTIA, CA 92870-6643
20505554	DOORSTEAD INC.	1/1/2022	6/30/2026	2193 FILLMORE ST, SAN FRANCISCO, CA 94115-2282
20500586	DOUBLETREE HOTEL SAN FRAN. AIRPORT	12/29/1993	6/30/2027	835 AIRPORT BLVD, BURLINGAME, CA 94010-1982
20509748	DOULA BY MARI	1/22/2026	6/30/2026	337 BEACH RD STE B, BURLINGAME, CA 94010-2076
20505058	DOYLE'S WORK COMPANY, INC.	4/25/2022	6/30/2026	8595 MURRAY AVE, GILROY, CA 95020-3612
20509875	DPG PAVERS AND DESIGN DBA DPG OUTDOOR LIVING	3/18/2026	6/30/2027	--ON FILE--
20503655	DR CONSTRUCTION	9/9/2004	6/30/2027	--ON FILE--
20502680	DR DAVID G SHAPONA, D.C.	1/2/2018	6/30/2026	1041 EDWARDS RD, BURLINGAME, CA 94010-2318
20509869	DR POOL AND SPA LLC	3/20/2026	6/30/2026	--ON FILE--
20504363	DR ZHOU'S OB/GYN PROFESSIONAL CORP	8/20/2013	6/30/2027	1750 EL CAMINO REAL # 102, BURLINGAME, CA 94010-3210
20503066	DR. AKIRA OLSEN PSYCHOLOGIST	7/1/2021	6/30/2026	345 LORTON AVE # 104, BURLINGAME, CA 94010-4134
20508179	DR. MUHAMMAD MANSOUR	5/2/2024	6/30/2027	533 AIRPORT BLVD SUIT 400, BURLINGAME, CA 94010
20500574	DR. SARA SAATCHI	3/3/2020	6/30/2027	1408 CHAPIN AVE # 5, BURLINGAME, CA 94010-4080
20509156	DR. TREAT	4/8/2025	6/30/2027	220 PRIMROSE RD, BURLINGAME, CA 94010-4208
20500512	DR. XIE, INC.	4/1/2016	6/30/2027	1750 EL CAMINO REAL # 305, BURLINGAME, CA 94010-3216
20509670	DRAFTING CAFE	12/19/2025	6/30/2026	2350 SARATOGA ST UNIT 155, ALAMEDA, CA 94501-7577
20504503	DREAM SKIN	2/20/2007	6/30/2027	1854 MAGNOLIA AVE, BURLINGAME, CA 94010-4519
20500149	DREILING TERRONES ARCHITECTURE, INC	1/17/1990	6/30/2027	1103 JUANITA AVE, BURLINGAME, CA 94010-3405
20507263	DRR INC.	11/1/2022	6/30/2027	533 AIRPORT BLVD # 400, BURLINGAME, CA 94010-2028
20509068	DRUMMOND AND SONS POOLS	6/15/2025	6/30/2026	--ON FILE--
20507685	DRYBAR BURLINGAME	12/1/2023	6/30/2027	245 PRIMROSE RD, BURLINGAME, CA 94010-4207
20500235	DRYCO CONSTRUCTION, INC	5/1/1991	6/30/2027	42745 BOSCELL RD, FREMONT, CA 94538-3106
20509727	DRYCORE ROOFING	1/16/2026	6/30/2026	--ON FILE--
20503631	DS BAXLEY INC	10/1/2012	6/30/2027	4603 LAS POSITAS RD STE A, LIVERMORE, CA 94551-8845
20509776	DS PLUMBING INC	1/15/2026	6/30/2026	2927 E IMPERIAL HWY, LYNWOOD, CA 90262-2427
20508071	DS SERVICES OF AMERICA INC	1/1/2023	6/30/2026	522 I ST, BRAWLEY, CA 92227-2530
20508072	DS SERVICES OF AMERICA INC	1/1/2023	6/30/2026	522 I ST, BRAWLEY, CA 92227-2530
20509913	DU HOLDINGS INC.	4/2/2026	6/30/2026	800 AIRPORT BLVD # 304, BURLINGAME, CA 94010-1919
20510186	DU-MOR FIRE SYSTEMS INC	7/20/2026	6/30/2027	17119 PLACER HILLS RD, MEADOW VISTA, CA 95722-9508
20508354	DUGGAN'S SERRA BURLINGAME	9/1/2024	6/30/2027	100 EL CAMINO REAL STE 100, BURLINGAME, CA 94010-5280
20501208	DUGONI COX ACCOUNTANCY CORPORATION	4/28/1997	6/30/2027	1720 MARCO POLO WAY # I, BURLINGAME, CA 94010-4513
20500892	DUKE'S ROOT CONTROL INC	10/1/2008	6/30/2027	400 AIRPORT BLVD STE E, ELGIN, IL 60123
20505399	DUMAS & CO, A DIVISION OF DUMAS PROPERTIES, INC.	8/21/2008	6/30/2027	700 EL CAMINO REAL, SAN CARLOS, CA 94070-3196
20506751	DUMAS DENTAL LABORATORY INC	7/1/2008	6/30/2027	2400 WESTBOROUGH BLVD 4, S SAN FRANCISCO, CA 94080-5402
20501600	DURA FOAM INC	5/23/2014	6/30/2027	1185 OBRIEN DR, MENLO PARK, CA 94025-1410
20503696	DURAN & VENABLES, INC.	7/27/2018	6/30/2027	748 S HILLVIEW DR, MILPITAS, CA 95035-5455
20501477	DURAN PALLETS	7/1/2010	6/30/2027	451 HEMLOCK AVE, S SAN FRANCISCO, CA 94080-1605
20500128	DURAZZO PAINTING	1/15/2019	6/30/2027	1477 FLORIBUNDA AVE # 303, BURLINGAME, CA 94010-3877
20506058	DW BURLINGAME II OWNER A, LLC	8/4/2021	6/30/2027	1250 BAYSHORE HWY, BURLINGAME, CA 94010-1888
20509728	DXP ENTERPRISES INC.	1/15/2026	6/30/2027	1225 DAVID AVE, CONCORD, CA 94518-3835
20504465	DYNASTY FREIGHT CONSOLIDATOR, INC.	12/27/2006	6/30/2027	1 EDWARDS CT #206, BURLINGAME, CA 94010-2428
20504702	DYNASTY PROPERTIES COMPANY LTD	9/5/2007	6/30/2027	106- BROADWAY, BURLINGAME, CA 94010-2415
20509569	DZ PLUMBING	11/12/2025	6/30/2027	211 N ELLSWORTH AVE APT 6, SAN MATEO, CA 94401-2527
20500953	E B GILMORE & SONS MECHANICAL SERV INC	2/21/1996	6/30/2027	PO BOX 472438, SAN FRANCISCO, CA 94147-2458
20510089	E F BRETT AND COMPANY INC	8/17/2026	6/30/2027	1435 TECHNOLOGY LN STE B1, PETALUMA, CA 94954-7615
20501537	E JAMES HANNAY & MARSHA H HANNAY TRUSTEE	7/1/2010	6/30/2027	1010 CADILLAC WAY, BURLINGAME, CA 94010-2599
20506676	E MING ACUPUNCTURE CLINIC	8/27/2009	6/30/2027	1633 BAYSHORE HWY # 123, BURLINGAME, CA 94010-1515
20500692	E RIDE	7/14/2010	6/30/2027	1799 BAYSHORE HWY # 128D, BURLINGAME, CA 94010-1306
20508039	E. KWONG ACUPUNCTURE CLINIC	3/1/2024	6/30/2027	851 BURLWAY RD STE 316, BURLINGAME, CA 94010-1725
20502496	E.G.A. HANDYMAN SERVICE AND PROPERTY MAINTENANCE	7/1/2002	6/30/2027	--ON FILE--
20506944	E2 BURLINGAME DENTAL	1/1/2023	6/30/2027	1275 CALIFORNIA DR, BURLINGAME, CA 94010-3430
20503874	E3 KITCHEN & INTERIORS	5/1/2005	6/30/2027	302 LANG RD, BURLINGAME, CA 94010-2003
20505273	EAG STUDIO	3/1/2022	6/30/2027	1553 FOLSOM ST, SAN FRANCISCO, CA 94103-3728
20503502	EARL GUSTAFSON CONSTRUCTION CO	4/2/2004	6/30/2026	1540 HOWARD AVE, BURLINGAME, CA 94010-5216
20510007	EARTH CONSTRUCTION INC	5/6/2026	6/30/2027	--ON FILE--
20504484	EARTHOX, LLC	12/1/2021	6/30/2027	1473 ROLLINS RD, BURLINGAME, CA 94010-2316
20500891	EASA ARCHITECTURE	8/26/2010	6/30/2027	851 BURLWAY RD #422, BURLINGAME, CA 94010-1713
20501558	EAST ROCK FINANCIAL SERVICES, LLC	8/1/2016	6/30/2027	330 BLOOMFIELD RD, BURLINGAME, CA 94010-2868
20501328	EASTERSEALS NORTHERN CALIFORNIA	9/1/2020	6/30/2027	1633 BAYSHORE HWY # 155, BURLINGAME, CA 94010-1515
20502997	EASTREND ENTERPRISES INC	9/30/2002	6/30/2027	1350 BAYSHORE HWY #830, BURLINGAME, CA 94010-1843
20509587	EBR SERVICES	11/18/2025	6/30/2027	--ON FILE--
20502479	EBSTYLE INC	7/25/2001	6/30/2026	1675 ROLLINS RD # D-2, BURLINGAME, CA 94010-2320
20500736	EBT&T-PROPERTY MANAGEMENT	5/1/2020	6/30/2027	475 EL CAMINO REAL # 407, MILLBRAE, CA 94030-2643
20507269	EC ELECTRIC	6/7/2023	6/30/2026	555 ONEILL AVE STE 1, BELMONT, CA 94002-4046
20509702	EC TREE SERVICE, INC.	1/1/2026	6/30/2027	991 ROUND HILL RD, REDWOOD CITY, CA 94061-1134
20509508	ECO FIRE SPRINKLERS, INC.	10/17/2025	6/30/2027	181 TOWN SQUARE RD, COPPEROPOLIS, CA 95228-9219
20506272	ECOLAB	7/1/2008	6/30/2027	1 ECOLAB PL, SAINT PAUL, MN 55102-2739
20505084	ECONOMY PLUMBING	7/1/2007	6/30/2026	1661 SOUTHGATE AVE, DALY CITY, CA 94015-2303
20503764	ECONOMY SMOG CHECK LLC	8/3/2018	6/30/2026	1480 BROADWAY, BURLINGAME, CA 94010-3428
20506880	ECOSYSTEMS LANDSCAPE SOLUTIONS	11/14/2022	6/30/2027	50 WOODSIDE PLZ # 223, REDWOOD CITY, CA 94061-2500
20509559	ED FOOD SERVICES LLC	11/20/2025	6/30/2026	225 SAN LUIS AVE, SAN BRUNO, CA 94066-5509
20509538	EDAM'S ELECTRIC INC.	10/30/2025	6/30/2026	44 N JACKSON WAY, ALAMO, CA 94507-1169
20508177	EDDY A TOP	5/2/2024	6/30/2027	--ON FILE--
20502124	EDEN JIALIN INTERNATIONAL LLC	8/14/2017	6/30/2027	533 AIRPORT BLVD # 400, BURLINGAME, CA 94010-2028
20502082	EDGARDO CLEMENTE	4/4/2000	6/30/2027	--ON FILE--
20508333	EDGEWOOD CENTER FOR CHILDREN AND FAMILIES	7/1/2024	6/30/2027	700 AIRPORT BLVD STE 490, BURLINGAME, CA 94010-1945
20501394	EDISON FIRE PROTECTION INC.	9/22/2020	6/30/2027	3368 N SAN FERNANDO RD UNIT 108, LOS ANGELES, CA 90065-1438
20509723	EDRI CONSTRUCTION INC.	1/15/2026	6/30/2026	701 CORTLAND AVE, SAN FRANCISCO, CA 94110-5628
20505879	EDT TEC INC	9/19/2019	6/30/2027	4398 CONTRACTORS CMN, LIVERMORE, CA 94551-7544
20501295	EDU - THERAPY	9/8/1997	6/30/2027	340 LORTON AVE #204, BURLINGAME, CA 94010-4126
20509010	EDUARDO GARCIA	4/1/2025	6/30/2027	850 STANTON RD STE B, BURLINGAME, CA 94010-1414
20503585	EDUARDO SOLORIO D. GARDENING	9/4/2012	6/30/2027	121 S KINGSTON ST, SAN MATEO, CA 94401-2061
20503759	EDWARD D. JONES & CO, L.P.	11/26/2012	6/30/2027	111 ANZA BLVD # 115, BURLINGAME, CA 94010-1918
20500670	EDWARD J HASLAM CO, LLC.	5/11/1994	6/30/2027	19 PARK RD # A, BURLINGAME, CA 94010-4403
20504847	EDWARD K. KO, MD	2/6/2014	6/30/2027	1750 EL CAMINO REAL # 301, BURLINGAME, CA 94010-3216
20507442	EDWARD R BACON COMPANY, INC	8/22/2023	6/30/2027	8440 BELVEDERE AVE STE A, SACRAMENTO, CA 95826-5904
20500127	EDWARD SUN MD INC	7/1/2009	6/30/2027	1501 TROUSDALE DR, BURLINGAME, CA 94010-3282
20509370	EDWARDS & SONS EQUIPMENT SERVICE, INC.	8/25/2025	6/30/2027	6459 BRISA ST, LIVERMORE, CA 94550-2517
20505791	EDWARDS CONSTRUCTION	9/4/2019	6/30/2026	333 HICKEY BLVD # 301, DALY CITY, CA 94015-2774
20509450	EF GOMEZ CEMENT CONTRACTOR INC	9/22/2025	6/30/2026	1350 UNDERWOOD AVE, SAN FRANCISCO, CA 94124-3309
20508889	EFFICIENT BUILDER AND CONSTRUCTION INC / PAUL WANG	2/19/2025	6/30/2026	1372 FALLEN LEAF DR, MILPITAS, CA 95035-6716
20509477	EGAN AGAPE CONSTRUCTION	10/6/2025	6/30/2026	--ON FILE--
20509135	EGAN PLUMBING, INC.	5/1/2025	6/30/2027	725 INDUSTRIAL RD, SAN CARLOS, CA 94070-3310
20502722	EHJ CONSTRUCTION INC	10/18/2011	6/30/2027	1818 GILBRETH RD, BURLINGAME, CA 94010-1225
20509885	EHL ROOFING LLC	3/24/2026	6/30/2026	--ON FILE--
20504792	EHSAN ALI, M.D., INC.	1/1/2022	6/30/2026	1445 BURLINGAME AVE, BURLINGAME, CA 94010-4110
20509876	EIGHT SIX KOLLECTIVE	5/1/2026	6/30/2027	--ON FILE--
20507368	EINETEK INC.	7/1/2023	6/30/2026	--ON FILE--
20506348	EK CONSTRUCTION	7/1/2008	6/30/2027	1271 WHITEHORN WAY, BURLINGAME, CA 94010-2412
20502389	EKI ENVIRONMENT & WATER, INC.	5/10/2001	6/30/2027	--ON FILE--
20508564	EL PATRON DEMOLITION INC	9/30/2024	6/30/2026	10526 RUDDER WAY, STOCKTON, CA 95209-4349
20505130	EL RANCHITO	6/4/2014	6/30/2026	--ON FILE--
20507126	ELAINE C. EYEBROWS & LASHES INC.	4/1/2023	6/30/2027	1838 EL CAMINO REAL # 225, BURLINGAME, CA 94010-3110
20503020	ELAINE LEE DESIGN	3/22/2018	6/30/2027	--ON FILE--
20509679	ELC CONTRACTOR LLC	12/31/2025	6/30/2027	853 COMMODORE DR APT 409, SAN BRUNO, CA 94066-2439
20506081	ELDERCONSULT GERIATRIC MEDICINE	7/1/2008	6/30/2027	1633 BAYSHORE HWY #245, BURLINGAME, CA 94010-1588
20500650	ELEANOR VALDES DWYER LCSW	5/9/2016	6/30/2027	1838 EL CAMINO REAL #230, BURLINGAME, CA 94010-3112
20508807	ELECTRIC CONNECTIONS LLC	1/21/2025	6/30/2027	308 E POPLAR AVE #3, SAN MATEO, CA 94401-2699
20503372	ELECTRIC EXPRESS APPLIANCE INC	11/6/2003	6/30/2027	1439 ROLLINS RD, BURLINGAME, CA 94010-2316
20508527	ELECTRIC HEROES	9/16/2024	6/30/2026	2515 SANTA CLARA AVE # 200, ALAMEDA, CA 94501-4680
20501408	ELECTRICAL RELIABILITY SERVICES INC	7/1/2010	6/30/2027	505 N CLEVELAND AVE, WESTERVILLE, OH 43082-7130
20500182	ELECTRO-MOTION, INC	5/15/1990	6/30/2027	4949 THORNTON AVE UNIT B, FREMONT, CA 94536-6412
20503895	ELECTRONIC INNOVATIONS INC	2/8/2013	6/30/2027	21 PARR BLVD STE B, RICHMOND, CA 94801-1007
20504534	ELEMENT HOME REMODELING	11/15/2021	6/30/2027	800 W EL CAMINO REAL # 180, MOUNTAIN VIEW, CA 94040-2586
20502121	ELEMENT HOME SOLUTIONS, INC.	8/14/2017	6/30/2027	6114 LA SALLE AVE # 310, OAKLAND, CA 94611-2821
20509631	ELEV8 DESIGN AND BUILD	12/14/2025	6/30/2026	1757 JUNCTION AVE APT B, SAN JOSE, CA 95112-1038
20507032	ELEVEN AND LUXE	2/28/2023	6/30/2027	251 PARK RD #710, BURLINGAME, CA 94010-4228
20509937	ELEX SOLUTIONS INC.	4/13/2026	6/30/2026	2001 CLAYTON RD STE 200, CONCORD, CA 94520-2405
20500971	ELHIHI INC	8/4/2016	6/30/2027	1670 ROLLINS RD, BURLINGAME, CA 94010-2302
20506546	ELIE CORP	7/1/2009	6/30/2027	851 BURLWAY RD # 700, BURLINGAME, CA 94010-1707
20507200	ELIFE TECH INC.	3/6/2023	6/30/2027	533 AIRPORT BLVD # 355, BURLINGAME, CA 94010-2018
20506366	ELIM BIOPHARMACEUTICALS INC	7/1/2008	6/30/2027	25495 WHITESELL ST, HAYWARD, CA 94545-3618
20507275	ELITE AMBULANCE, INC.	6/9/2023	6/30/2027	--ON FILE--
20505023	ELITE BAY AREA TERMITE CONTROL	5/17/2019	6/30/2026	1318 OLD COUNTY RD, BELMONT, CA 94002-3923
20503923	ELITE CARE HOME HEALTH AGENCY, INC.	9/15/2021	6/30/2027	533 AIRPORT BLVD # 315, BURLINGAME, CA 94010-2041
20508994	ELITE ENERGY ELECTRIC	4/8/2025	6/30/2026	1162 LINCOLN AVE UNIT 226, WALNUT CREEK, CA 94596-4718
20505180	ELITE EXTERIORS	2/17/2022	6/30/2026	2945 RAMCO ST STE 110, WEST SACRAMENTO, CA 95691-5998
20507205	ELITE PERFORMANCE CORP	3/1/2023	6/30/2027	1362 N CAROLAN AVE, BURLINGAME, CA 94010-2402
20507059	ELITO GENERAL CONSTRUCTION	3/6/2023	6/30/2026	--ON FILE--
20504962	ELIZABETH J. SMILEY	7/1/2007	6/30/2027	1601 BAYSHORE HWY # 350, BURLINGAME, CA 94010-1522
20506447	ELLIOTT TAN CONSULTING	8/9/2021	6/30/2027	1541 BURLINGAME AVE, BURLINGAME, CA 94010-5101
20507007	ELMA KIM DESIGN	1/12/2023	6/30/2026	725 SAN MATEO AVE, BURLINAGME, CA 94010
20509396	ELUX CONSTRUCTION INC.	9/3/2025	6/30/2027	571 6TH AVE UNIT A, SAN FRANCISCO, CA 94118-3816
20503404	EM ROOFING INC	7/8/2013	6/30/2027	843 7TH AVE, REDWOOD CITY, CA 94063-3922
20500897	EMBASSY SUITES/GRILLE ONE FIFTY	7/1/2004	6/30/2027	150 ANZA BLVD, BURLINGAME, CA 94010-1924
20506188	EMCOR MESA ENERGY SYSTEMS	7/24/2015	6/30/2027	2 CROMWELL, IRVINE, CA 92618-1816
20504299	EMERGENCY SERVICE RESTORATION	8/1/2013	6/30/2027	4435 W 153RD ST, LAWNDALE, CA 90260-2002
20507704	EMERSON STUDIOS PUBLISHING, LLC	8/18/2023	6/30/2027	1210 OAK GROVE AVE APT 05, BURLINGAME, CA 94010-3768
20506128	EMILY BOULTON INTERIORS	4/1/2022	6/30/2026	--ON FILE--
20506104	EMILY KOEL, PHD	7/1/2008	6/30/2027	1425 BROADWAY # 22, BURLINGAME, CA 94010-3468
20508773	EMILY NAIL SPA	1/1/2025	6/30/2027	1304 HOWARD AVE, BURLINGAME, CA 94010-4211
20509578	EMINENT ELECTRICAL INC	11/17/2025	6/30/2027	135 W 25TH AVE #1045, SAN MATEO, CA 94403-8205
20509798	EMPIRIC SCIENCE LAB, LLC	2/17/2026	6/30/2027	850 BURLINGAME AVE, BURLINGAME, CA 94010-2899
20505234	EMPLOYMENT PRACTICES SPECIALTISTS	2/23/2022	6/30/2026	--ON FILE--
20503817	EMPORIO GROUP INC,COAST TO COAST SALES	3/11/2005	6/30/2027	1290 HOWARD AVE # 323, BURLINGAME, CA 94010-4222
20503733	EMPOWER ERGONOMICS & HEALTH	8/18/2021	6/30/2027	329 PRIMROSE RD # 117385, BURLINGAME, CA 94010-4093
20502149	EMT ELECTRIC INC.	2/8/2021	6/30/2027	1282 DUPONT CT, MANTECA, CA 95336-6003
20504324	ENABLE ENGINEERING CORPORATION, INC,	7/1/2013	6/30/2027	--ON FILE--
20509953	ENCINAL TREE SERVICE	4/15/2026	6/30/2027	--ON FILE--
20503219	ENCORE GROUP (USA) LLC	3/31/2003	6/30/2027	1333 BAYSHORE HWY, BURLINGAME, CA 94010-1886
20508877	ENDGAME INSIGHTS	1/1/2025	6/30/2026	--ON FILE--
20506285	ENERGY CENTRIX/BAY AREA ENERGY SOLUTIONS	4/17/2009	6/30/2027	1326 MARSTEN RD, BURLINGAME, CA 94010-2406
20506195	ENERGY REAL ESTATE, INC	7/27/2015	6/30/2027	851 BURLWAY 705, BURLINGAME, CA 94010
20506926	ENGINEERED PRODUCTS, A PAPE CO.	11/11/2022	6/30/2027	9800 40TH AVE S, SEATTLE, WA 98118-5603
20504102	ENGINEERED SOIL REPAIRS, INC.	7/27/2018	6/30/2027	1267 SPRINGBROOK RD, WALNUT CREEK, CA 94597-3916
20508800	ENGLAND-THIMS & MILLER, INC.	2/1/2025	6/30/2027	14775 OLD SAINT AUGUSTINE RD, JACKSONVILLE, FL 32258-2463
20503527	ENTERPRISE HOLDINGS	4/20/2004	6/30/2027	1650 BAYSHORE HWY, BURLINGAME, CA 94010-1504
20500517	ENTERPRISE RENT-A-CAR CO OF S.F.	7/27/1993	6/30/2027	778 BURLWAY RD STE 100, BURLINGAME, CA 94010-1704
20500184	ENTERPRISE ROOFING SERVICE INC.	5/15/1990	6/30/2027	PO BOX 5130, CONCORD, CA 94524-0235
20504888	ENVIRO CLEAN MAINTENANCE, LLC.	2/18/2014	6/30/2027	3265 WHIPPLE RD, UNION CITY, CA 94587-1218
20508801	ENVIRONMENTAL REMEDIES LLC	1/17/2025	6/30/2027	22390 THUNDERBIRD PL, HAYWARD, CA 94545-1314
20505211	ENVIRONMENTAL ROOFING & WATERPROOFING, INC	6/26/2019	6/30/2027	1157 DELL AVE, CAMPBELL, CA 95008-6629
20500656	ENVIRONMENTAL SCIENCE ASSOCIATES	7/1/2015	6/30/2027	575 MARKET ST STE 3700, SAN FRANCISCO, CA 94105-5827
20508582	ENVIRONS DESIGN BUILD	10/4/2024	6/30/2027	1705 N FIRST ST, SAN JOSE, CA 95112
20501741	ENVIROTEK RESTORATION INC	7/1/2010	6/30/2027	--ON FILE--
20502840	ENVISION AUTOMATION & ELECTRIC	7/1/2002	6/30/2027	--ON FILE--
20505090	ENVISION LIVING, INC.	2/15/2022	6/30/2026	1447 N CAROLAN AVE, BURLINGAME, CA 94010-2403
20508260	EOA, INC.	6/3/2024	6/30/2027	3214 COLLEGE AVE, BERKELEY, CA 94705-2749
20503326	EOLIAN EMPLOYEE HOLDINGS, LLC	7/1/2021	6/30/2027	988 HOWARD AVE STE 200, BURLINGAME, CA 94010-8019
20509927	EPIC IMPRESSION BUILDERS INC	6/1/2026	6/30/2027	924 ROCKDALE DR, SAN JOSE, CA 95129-2208
20508799	EPIPHANY MENTAL WELLNESS	2/3/2025	6/30/2027	1136 OXFORD RD, BURLINGAME, CA 94010-3361
20502762	EPLANET FACILITY GROUP LLC	1/18/2012	6/30/2027	1588 GILBRETH RD STE 220, BURLINGAME, CA 94010-1610
20509894	EPM ELECTRIC	3/25/2026	6/30/2026	750 107TH AVE, OAKLAND, CA 94603-3657
20500771	EPSOM PICTURE FRAMING	7/10/2016	6/30/2027	1423 BROADWAY, BURLINGAME, CA 94010-3427
20501245	EQR-NORTHPARK	8/1/2010	6/30/2027	1080 CAROLAN AVE, BURLINGAME, CA 94010-2506
20502177	EQUATOR COFFEES	4/1/2021	6/30/2027	312 AIRPORT BLVD, BURLINGAME, CA 94010-2073
20507052	EQUINOX ROOFING SOLUTIONS INC.	2/10/2023	6/30/2026	1801 OAKLAND BLVD STE 315, WALNUT CREEK, CA 94596-7017
20503872	EQUINUX USA, INC.	7/1/2012	6/30/2027	533 AIRPORT BLVD # 400, BURLINGAME, CA 94010-2028
20508809	ER STUDIO	2/10/2025	6/30/2027	851 BURLWAY RD # 309, BURLINGAME, CA 94010-1712
20505482	ERIC F. ANDERSON, INC.	10/20/2008	6/30/2026	1066 BEECHER ST, SAN LEANDRO, CA 94577-1250
20503096	ERICK JACINTO GARDEN SERVICES, INC	7/1/2012	6/30/2027	--ON FILE--
20505529	ERICSSON INC.	3/23/2022	6/30/2027	6300 LEGACY DR, PLANO, TX 75024-3607
20507648	ERIN C. SMITH, ESQ.	12/1/2023	6/30/2027	--ON FILE--
20509323	ERIN MORRIS ARCHITECT. INC	9/1/2025	6/30/2026	--ON FILE--
20505471	ERIN PENSINGER	10/14/2008	6/30/2027	1425 BROADWAY # 5, BURLINGAME, CA 94010-3468
20500990	ERNEST F FERRARI ELECTRICAL CONTRACTOR INCORPORATE	5/13/1996	6/30/2027	--ON FILE--
20501809	ERNEST F. RIBERA, M.D.	7/1/2016	6/30/2027	1720 EL CAMINO REAL # 155, BURLINGAME, CA 94010-3231
20506791	ERRC SYSTEMS INC	10/1/2022	6/30/2027	142 KENNEDY AVE, CAMPBELL, CA 95008-4115
20504750	ESN HOMES	3/15/2019	6/30/2027	533 AIRPORT BLVD #400, BURLINGAME, CA 94010-2028
20500878	ESPOSTO'S INC	7/1/2010	6/30/2027	360 SHAW RD UNIT C, S SAN FRANCISCO, CA 94080-6624
20500986	ESQUIRE INSURANCE SERVICES	5/7/1996	6/30/2027	1675 ROLLINS RD # G, BURLINGAME, CA 94010-2320
20510047	ESSENTIAL ENGINEERING PLUMBING & ROOTER	5/22/2026	6/30/2026	--ON FILE--
20505477	ESSENTIAL HARI SALON -HAIR BY CAMRYN	4/1/2022	6/30/2026	1202 CAPUCHINO AVE, BURLINGAME, CA 94010-3404
20509498	ESTATES COMPANY	10/10/2025	6/30/2027	--ON FILE--
20504107	ESZENCE	12/15/2005	6/30/2027	1860 EL CAMINO REAL # 236, BURLINGAME, CA 94010-3111
20508727	ETIC	12/11/2024	6/30/2027	3478 BUSKIRK AVE STE 220, PLEASANT HILL, CA 94523-4346
20500359	EUGENE KITA, D.D.S.	8/17/1992	6/30/2027	1740 MARCO POLO WAY, BURLINGAME, CA 94010-4522
20508348	EUGENIA TARZIBACHI	7/27/2024	6/30/2027	1408 CHAPIN AVE STE 6, BURLINGAME, CA 94010-4080
20506088	EUGO, INC	6/15/2022	6/30/2027	1323 BROADWAY, BURLINGAME, CA 94010-3425
20506311	EURO DRINK IMPORTER, LLC	9/1/2015	6/30/2027	533 AIRPORT BLVD # 503, BURLINGAME, CA 94010-2015
20507576	EUROFINS EPK BUILT ENVIRONMENT TESTING, LLC	11/14/2022	6/30/2027	111 ANZA BLVD STE 122, BURLINGAME, CA 94010-1918
20501655	EUROPEAN PAINTING & DECORATING CO	7/1/2010	6/30/2027	609 MATSONIA DR, FOSTER CITY, CA 94404-1305
20502262	EUROPEAN PAVING DESIGNS INC	12/1/2012	6/30/2027	1474 BERGER DR, SAN JOSE, CA 95112-2701
20509366	EUROPEAN SOCCER ACADEMY	8/22/2025	6/30/2027	--ON FILE--
20501639	EVA AIRWAYS CORP	12/29/1998	6/30/2027	1350 BAYSHORE HWY #650, BURLINGAME, CA 94010-1815
20509690	EVARIA VENTURES LLC	1/2/2026	6/30/2027	--ON FILE--
20504570	EVCHARGER EXPERT	2/12/2019	6/30/2027	2709 FOUNTAINHEAD DR, SAN RAMON, CA 94583-1737
20509124	EVERBANK, NATIONAL ASSOCIATION	4/1/2025	6/30/2027	1210 BROADWAY, BURLINGAME, CA 94010-3424
20507538	EVERCLEAR POOL SERVICE	11/15/2023	6/30/2026	3674 SLOPEVIEW DR, SAN JOSE, CA 95148-2827
20504033	EVEREST WATERPROOFING & RESTORATION, INC.	4/23/2013	6/30/2027	1270 MISSOURI ST, SAN FRANCISCO, CA 94107-3310
20503566	EVERGREEN LANDSCAPE & GARDEN SERVICE	8/21/2012	6/30/2026	--ON FILE--
20503099	EVERGREEN LANDSCAPES	7/1/2012	6/30/2027	PO BOX 25208, SAN MATEO, CA 94402-5618
20502417	EVERGREEN SHIPPING AGENCY (AMERICA) CORPORATION	7/1/2011	6/30/2027	1 EVERTRUST PLZ STE 600, JERSEY CITY, NJ 07302-3051
20501241	EVERON LLC	8/5/2020	6/30/2027	4834 ENTERPRISE PL, FREMONT, CA 94538
20508948	EVOLUTION BURLINGAME LLC.	1/1/2025	6/30/2027	433 CHATHAM RD, BURLINGAME, CA 94010-2783
20509645	EVS MECHANICAL	12/11/2025	6/30/2027	3674 BASSETT ST, SANTA CLARA, CA 95054-2001
20500825	EWI, INC	6/4/2020	6/30/2027	877 MAHLER RD STE 162, BURLINGAME, CA 94010-1640
20505853	EXARO TECHNOLOGIES CORP	1/28/2009	6/30/2027	1831 BAYSHORE HWY, BURLINGAME, CA 94010-1201
20502659	EXCEL BIOPHARM, LLC	12/21/2017	6/30/2027	1849 BAYSHORE STE & 101 102, BURLINGAME, CA 94010
20507337	EXCEL HEATING AND SHEET METAL, INC	8/1/2023	6/30/2026	--ON FILE--
20503618	EXCEL SITE SERVICES INC	9/15/2012	6/30/2027	PO BOX 1248, S SAN FRANCISCO, CA 94083-1251
20504376	EXCELSIOR ROOFING CO	10/10/2006	6/30/2026	1340 UNDERWOOD AVE, SAN FRANCISCO, CA 94124-3309
20501693	EXCLUSIVE FRESH INC	7/1/2010	6/30/2027	165 AIRPORT ST, EL GRANADA, CA 94018-8044
20500252	EXECUSHIELD INC	7/1/2009	6/30/2027	1633 BAYSHORE HWY # 321, BURLINGAME, CA 94010-1515
20506817	EXPRESS CONCRETE BREAKING	7/1/2009	6/30/2027	12475 LLAGAS AVE, SAN MARTIN, CA 95046-9508
20500983	EXPRESS PLUMBING	4/17/1996	6/30/2027	307 N AMPHLETT BLVD, SAN MATEO, CA 94401-1806
20506529	EXPRESS REHAB	11/1/2019	6/30/2026	1860 EL CAMINO REAL # 55, BURLINGAME, CA 94010-3100
20506991	EXTERIOR PAVERS DESIGNS	1/13/2023	6/30/2027	--ON FILE--
20508438	EXTERIOR PERFECTION BUILDERS	8/9/2024	6/30/2027	2509 DEL MONTE ST, WEST SACRAMENTO, CA 95691-3849
20502085	EXTRA SPACE STORAGE #1461	6/8/2011	6/30/2027	1280 ROLLINS RD, BURLINGAME, CA 94010-2408
20509820	EXXELL FIRE SYSTEMS & ALL INDUSTRIES FIRE PROTECTI	2/20/2026	6/30/2027	360 GRAND AVE 355, OAKLAND, CA 94610-4898
20507189	F3 & ASSOCIATES, INC.	8/1/2022	6/30/2027	701 E H ST, BENICIA, CA 94510-3567
20507995	F3 AUTO SERVICE	2/9/2024	6/30/2027	1335 ROLLINS RD, BURLINGAME, CA 94010-2409
20508715	FAB LITTLE DISH, LLC	12/15/2024	6/30/2026	--ON FILE--
20508211	FACILITY SOLUTIONS GROUP	6/17/2024	6/30/2026	801 RICHFIELD RD, PLACENTIA, CA 92870-6731
20506698	FALCON & RENTERIA ROOFING CONTRACTOR INC	9/21/2022	6/30/2026	13088 POTTS DR, SAN JOSE, CA 95111-3331
20500978	FALCON TRADING COMPANY INC	7/1/2010	6/30/2027	423 SALINAS RD, WATSONVILLE, CA 95076-5232
20500479	FAMILY GENERATIONS	3/15/2016	6/30/2027	433 AIRPORT BLVD STE 140, BURLINGAME, CA 94010-2017
20508556	FANNY FANG	7/1/2024	6/30/2027	--ON FILE--
20503772	FANTASTIC COMICS	1/24/2005	6/30/2027	--ON FILE--
20508003	FARADAY ELECTRIC CORP	2/19/2024	6/30/2027	--ON FILE--
20510176	FARBEX CONSTRUCTION SERVICES, INC.	7/10/2026	6/30/2027	--ON FILE--
20501180	FARHAD TAX/BOOKKEEPING/CONSULTING SERV	3/24/1997	6/30/2027	851 BURLWAY RD #700, BURLINGAME, CA 94010-1707
20501308	FARM AND VINE AMERICAN BISTRO	11/28/2016	6/30/2027	248 LORTON AVE, BURLINGAME, CA 94010-4204
20505648	FARMER BROTHERS COMPANY	8/4/1981	6/30/2026	14501 NORTH FWY, FORT WORTH, TX 76177-3304
20503661	FARMERS INSURANCE	10/12/2012	6/30/2027	1425 BROADWAY # 23, BURLINGAME, CA 94010-3468
20503195	FARRELL DESIGN-BUILD CO INC.	4/26/2018	6/30/2027	3025 VENTURE RD, PLACERVILLE, CA 95667-8463
20500894	FASHIONADVICE LLC	9/15/2010	6/30/2026	1460 BURLINGAME AVE, BURLINGAME, CA 94010-4111
20509682	FAST RESPONSE PLUMBING AND ROOTER	12/29/2025	6/30/2027	430 N CANAL ST # 22, SOUTH SAN FRANCISCO, CA 94080-4695
20508528	FASTSIGNS SAN MATEO	9/16/2024	6/30/2027	2130 S EL CAMINO REAL, SAN MATEO, CA 94403-1800
20506757	FAULT LINE PLUMBING INC	9/24/2013	6/30/2027	7640 NATIONAL DR, LIVERMORE, CA 94550-8809
20508345	FB CONSTRUCTION	7/1/2026	6/30/2027	--ON FILE--
20503198	FBD VANGUARD CONSTRUCTION INC.	4/26/2018	6/30/2026	550 GREENVILLE RD, LIVERMORE, CA 94550-9297
20505605	FCW IMPORTS	7/1/2008	6/30/2027	PO BOX 5127, SAN MATEO, CA 94402-0196
20502279	FD THOMAS, INC	7/13/2011	6/30/2027	PO BOX 4663, MEDFORD, OR 97501-0188
20509849	FEEDLITECH	7/1/2026	6/30/2027	851 BURLWAY RD STE 523, BURLINGAME, CA 94010-1714
20508222	FEEL GOOD VENDING LLC	5/1/2024	6/30/2026	--ON FILE--
20507196	FEHR & PEERS	4/26/2023	6/30/2027	100 PRINGLE AVE STE 630, WALNUT CREEK, CA 94596-3582
20506369	FELDMAN ARCHITECTURE	10/8/2019	6/30/2026	1648 PACIFIC AVE STE B, SAN FRANCISCO, CA 94109-2518
20510200	FELIX AND FINGERS DUELING PIANOS	8/7/2026	6/30/2027	850 BURLINGAME AVE, BURLINGAME, CA 94010-2899
20502549	FERMA CORPORATION	10/17/2001	6/30/2027	6639 SMITH AVE, NEWARK, CA 94560-4219
20500545	FERN ELECTRIC & CONTROL INC	8/23/1993	6/30/2027	--ON FILE--
20500036	FERNANDO THE NEAT PAINTING CO.	8/22/1988	6/30/2027	--ON FILE--
20501364	FERNMAR 021, 022 LP AKA CHANTILLY ARMS APARTMENTS	12/16/2016	6/30/2027	1040 EL CAMINO REAL, BURLINGAME, CA 94010-4972
20507730	FERRARI FITNESS ACADEMY	1/15/2024	6/30/2027	--ON FILE--
20504243	FERREIRA SERVICES	11/27/2018	6/30/2026	676 WALSH AVE, SANTA CLARA, CA 95050-2628
20507737	FEVER AAU	2/14/2024	6/30/2027	850 BURLINGAME AVE, BURLINGAME, CA 94010-2899
20508534	FIBERTEL CA LLC	9/16/2024	6/30/2027	1699 S 10TH ST, SAN JOSE, CA 95112-2518
20500722	FIBRE TRADE INC	9/19/1994	6/30/2027	1601 BAYSHORE HWY #211, BURLINGAME, CA 94010-1508
20502881	FIDELITY BROKERAGE-FIDELITY INVESTMENTS	7/24/2002	6/30/2027	1411 CHAPIN AVE, BURLINGAME, CA 94010-4002
20509824	FIDELITY ROOF COMPANY	2/20/2026	6/30/2027	1075 40TH ST, OAKLAND, CA 94608
20501885	FIELDTURF USA, INC.	7/14/2017	6/30/2027	7445 COTE DE LIESSE 200, MOTREAL, QU H4T1G
20506142	FIKA	7/1/2015	6/30/2027	480 PRIMROSE RD, BURLINGAME, CA 94010-4083
20504874	FINANCIAL CONCEPTS INSURANCE & FINANCIAL SERVICES.	7/2/2007	6/30/2027	233 BLOOMFIELD RD, BURLINGAME, CA 94010-3016
20502672	FINELINE CARPENTRY INC	3/11/2002	6/30/2027	1297 OLD COUNTY RD, BELMONT, CA 94002-3920
20509500	FINEST GROUP SERVICES	10/13/2025	6/30/2026	7059 COMMERCE CIR # I, PLEASANTON, CA 94588-8012
20503651	FINISH LINE ELECTRIC INC.	7/23/2018	6/30/2027	--ON FILE--
20508731	FIOPTIX INC.	12/8/2024	6/30/2027	101 8TH AVE STE 400, CONSHOHOCKEN, PA 19428-4725
20509272	FIRE GUARD PROTECTION INC	7/21/2025	6/30/2026	5550 COMMERCE BLVD # 10, ROHNERT PARK, CA 94928-1637
20501067	FIRE SAFETY SERVICE INC	7/1/2010	6/30/2027	622 W MILL AVE, COUER D'ALENE, ID 83814
20504583	FIRE SECURITY ALARM COMPANY	5/25/2007	6/30/2026	1552 BEACH ST STE S, EMERYVILLE, CA 94608-3525
20509471	FIRE TECHNOLOGIES	9/30/2025	6/30/2026	232 BUNGALOW AVE, SAN RAFAEL, CA 94901-5166
20506594	FIREMASTER	11/18/2019	6/30/2027	850 MAHLER RD, BURLINGAME, CA 94010-1604
20506626	FIREMEX SOLUTIONS INC.	11/25/2019	6/30/2027	200 VALLEY DR # 54, BRISBANE, CA 94005-1290
20503890	FIRST ALARM	6/2/2005	6/30/2027	1111 ESTATES DR, APTOS, CA 95003-3572
20503491	FIRST AMERICAN TITLE COMPANY	3/25/2004	6/30/2027	1350 BAYSHORE HWY STE 350, BURLINGAME, CA 94010-1831
20501982	FIRST EXPRESS TRUCKING	7/14/2017	6/30/2027	1633 BAYSHORE HWY # 148, BURLINGAME, CA 94010-1530
20504437	FIRST RESTAURANT BUILDER	1/14/2019	6/30/2026	--ON FILE--
20509318	FIRST SERVE PRODUCTIONS, INC.	8/18/2025	6/30/2026	--ON FILE--
20503625	FIRST STEP TENNIS	7/23/2018	6/30/2026	--ON FILE--
20509496	FIRST TIER EXTERIOR INC	10/13/2025	6/30/2027	4701 PATRICK HENRY DR BLDG 15, SANTA CLARA, CA 95054-1863
20501601	FISHER GARDEN AND LANDSCAPE SERVICE	1/4/2011	6/30/2026	--ON FILE--
20502766	FIVE GUYS BURGERS AND FRIES	1/20/2012	6/30/2027	203 PRIMROSE RD, BURLINGAME, CA 94010-4207
20504199	FIVE LITTLE MONKEYS	7/1/2013	6/30/2027	1111 BURLINGAME AVE, BURLINGAME, CA 94010-4115
20508973	FIVE OR FREE ELECTRICAL SOLUTIONS INC	2/28/2025	6/30/2026	2015 RESEARCH DR, LIVERMORE, CA 94550-3803
20507202	FIXIT AUTO BODY	5/1/2023	6/30/2027	1291 WHITEHORN WAY, BURLINGAME, CA 94010-2432
20510119	FLEXOPTIX INC.	6/1/2026	6/30/2027	433 AIRPORT BLVD STE 417, BURLINGAME, CA 94010-2014
20506931	FLOCK GROUP INC.	12/19/2022	6/30/2027	2870 PEACHTREE RD NW #708, ATLANTA, GA 30305-2918
20504075	FLOOR AND DECOR OUTLETS OF AMERICA INC	10/16/2018	6/30/2027	1541 ADRIAN RD, BURLINGAME, CA 94010-2107
20504761	FLOOR EFFECTS	9/28/2007	6/30/2027	415 OLD COUNTY RD APT C, BELMONT, CA 94002-2547
20505197	FLOORING SOLUTIONS INC.	4/29/2008	6/30/2027	330 WRIGHT BROTHERS AVE, LIVERMORE, CA 94551-9489
20502748	FLORAL ART + DECOR	1/18/2018	6/30/2027	1414 BURLINGAME AVE, BURLINGAME, CA 94010-4111
20503415	FLOW MASTERS PLUMBING	7/16/2012	6/30/2027	6169 MISSION ST, DALY CITY, CA 94014-2002
20510014	FLOWERS ELECTRIC & SERVICE CO INC	5/11/2026	6/30/2027	153 STARLITE ST, SOUTH SAN FRANCISCO, CA 94080-6313
20506656	FLY WINGS EXPRESS USA INC	8/1/2022	6/30/2027	1588 GILBRETH RD STE 201, BURLINGAME, CA 94010-1610
20504823	FLY WINGS EXPRESS USA LLC	1/1/2022	6/30/2027	1588 GILBRETH RD STE 201, BURLINGAME, CA 94010-1610
20504342	FLYING FOOD GROUP, LLC	9/21/2006	6/30/2027	50 ADRIAN CT, BURLINGAME, CA 94010-2101
20508612	FOCAL POINT DESIGN	10/1/2024	6/30/2026	1150 EL CAMINO REAL STE 200, MENLO PARK, CA 94025-4373
20504237	FOCUS-N-FLY, INC.	4/1/2013	6/30/2027	1425 BROADWAY # 7, BURLINGAME, CA 94010-3435
20510182	FOG CITY ROOFING & CONSTRUCTION LLC	7/13/2026	6/30/2027	6605 SAN LEANDRO ST, OAKLAND, CA 94621-3317
20509802	FOGG CONSTRUCTION	2/13/2026	6/30/2026	3795 OLD ADOBE RD, PETALUMA, CA 94954-9586
20506068	FOLEY ELECTRIC INC.	6/6/2022	6/30/2027	919 ARGUELLO ST, REDWOOD CITY, CA 94063-1310
20504003	FONG HOLISTIC WELLNESS CHIROPRACTIC INC.	10/1/2021	6/30/2027	1633 OLD BAYSHORE HWY 158, BURLINGAME, CA 94010
20503393	FONG'S CONSTRUCTION & PLUMBING	10/3/2011	6/30/2027	767 27TH AVE, SAN FRANCISCO, CA 94121-3617
20502886	FOR MY KIDS FUTURE LLC	6/1/2021	6/30/2027	1235 BROADWAY, BURLINGAME, CA 94010-3423
20509816	FORESIGHT LAND SURVEYING, INC	2/17/2026	6/30/2027	301 CALIFORNIA DR STE 2, BURLINGAME, CA 94010-4142
20502761	FOREST RESTAURANT SUPPLY INC	1/22/2018	6/30/2027	1635 ROLLINS RD APT -A, BURLINGAME, CA 94010-2301
20507092	FORIO CORPORATION	2/28/2023	6/30/2027	533 AIRPORT BLVD # 400, BURLINGAME, CA 94010-2028
20500518	FORMA CONSTRUCTION INC	2/20/2020	6/30/2026	135 S PARK ST, SAN FRANCISCO, CA 94107
20509168	FORTIFY FIRE PROTECTION	4/9/2026	6/30/2027	523 W J ST, BENICIA, CA 94510-3056
20503274	FORTINO'S LANDSCAPING	7/5/2012	6/30/2026	PO BOX 5404, SAN MATEO, CA 94402-0454
20509080	FORWARD NATURALLY	8/1/2025	6/30/2026	--ON FILE--
20508189	FOSTER & FOSTER CONSULTING ACTUARIES, INC.	8/17/2023	6/30/2027	2215 CHESTNUT ST #2, SAN FRANCISCO, CA 94123-2607
20509640	FOUNDATION SOLUTIONS, INC.	12/15/2025	6/30/2026	3052 SCOTT BLVD, SANTA CLARA, CA 95054-3301
20500732	FOUR SQUARE ELECTRIC COMPANY	6/13/2016	6/30/2026	--ON FILE--
20505967	FOX MALL MANAGEMENT	7/1/2008	6/30/2027	1419 BURLINGAME AVE # X, BURLINGAME, CA 94010-4123
20502990	FOX SECURITY & COMMUNICATIONS INC	10/21/2002	6/30/2027	PO BOX 3293, ARNOLD, CA 95223-3340
20509541	FRANCHI ELECTRIC	11/3/2025	6/30/2026	--ON FILE--
20501084	FRANCISCAN GLASS CO INC	7/1/2010	6/30/2027	100 SAN ANTONIO CIR, MOUNTAIN VIEW, CA 94040-1295
20505757	FRANCISCO LOPEZ	7/1/2008	6/30/2027	--ON FILE--
20501171	FRANK & GROSSMAN LANDSCAPE CONT.,INC.	3/13/1997	6/30/2027	3428 ARDEN RD, HAYWARD, CA 94545-3906
20502562	FRANK'S TEXAS BBQ, LLC	9/1/2011	6/30/2027	25 DWIGHT RD, BURLINGAME, CA 94010-2968
20504983	FRANS CONSTURCTION INC.	5/8/2019	6/30/2027	335 S EDGEWOOD LN STE 100, EAGLE, ID 83616-7033
20508775	FREEDOM FOREVER NORTHERN CALIFORNIA, LLC	1/15/2025	6/30/2026	43445 BUSINESS PARK DR STE 104, TEMECULA, CA 92590-3670
20502050	FREEDOM SOLAR INC.	1/13/2021	6/30/2027	845 S MCGLINCY LN, CAMPBELL, CA 95008-5402
20504674	FREEMAN EXPOSITIONS, LLC	8/15/2007	6/30/2027	14221 DALLAS PKWY STE 200, DALLAS, TX 75254-2942
20508734	FREEMODEL, INC.	12/16/2024	6/30/2026	1110 BURLINGAME AVE STE 200, BURLINGAME, CA 94010-4125
20509931	FREESTONE RECONSTRUCTION INC	4/13/2026	6/30/2027	4616 ENTERPRISE CMN, FREMONT, CA 94538-6345
20506123	FREIGHT LINE EXPRESS TRUCKING	7/1/2015	6/30/2027	1601 BAYSHORE HWY # 341, BURLINGAME, CA 94010-1510
20509434	FREON INC	9/12/2025	6/30/2027	299 E MCGLINCY LN STE A, CAMPBELL, CA 95008-4943
20505749	FRESHPOINT SAN FRANCISCO	7/1/2008	6/30/2027	30340 WHIPPLE RD, UNION CITY, CA 94587-1525
20510108	FREY ENVIRONMENTAL, INC.	7/1/2026	6/30/2027	2817 LAFAYETTE AVE, NEWPORT BEACH, CA 92663
20502308	FREYER & LAURETA, INC	7/29/2011	6/30/2027	150 EXECUTIVE PARK BLVD 4200, SAN FRANCISCO, CA 94134-3332
20507409	FRIENDLY FIRE SYSTEMS	8/14/2023	6/30/2027	629 ALLAGASH CT, OAKLEY, CA 94561-3544
20502441	FRINGE SALON	8/29/2011	6/30/2027	371 PRIMROSE RD, BURLINGAME, CA 94010-4004
20506891	FRONTIER BUILDING PRODUCTS PACIFIC, INC	12/1/2022	6/30/2027	2950 ALVARADO ST STE A, SAN LEANDRO, CA 94577-5738
20502225	FUATA ELECTRIC INC	9/15/2017	6/30/2027	911 N AMPHLETT BLVD, SAN MATEO, CA 94401-1105
20502303	FUGITIVE TOYS	7/1/2017	6/30/2027	1590 ROLLINS RD, BURLINGAME, CA 94010-2317
20508542	FUJIO NUT FARM USA INC	9/17/2024	6/30/2027	345 LORTON AVE STE 306, BURLINGAME, CA 94010-4136
20500850	FULL GARDENING SERVICE INC	9/5/1995	6/30/2027	428 PENINSULA AVE STE E, SAN MATEO, CA 94401-1653
20508021	FULLBRAND LEGAL	3/31/2024	6/30/2027	--ON FILE--
20510010	FUNCTIONAL EMBODIED FITNESS LLC	6/8/2026	6/30/2026	--ON FILE--
20502178	FURUKAWA CASTLES LLP	8/31/2017	6/30/2027	800 AIRPORT BLVD # 504, BURLINGAME, CA 94010-1930
20502247	FUSE SERVICE INC.	2/19/2021	6/30/2027	--ON FILE--
20507664	FUSE SERVICE SF LLC	12/1/2023	6/30/2026	121 S MAPLE AVE, SOUTH SAN FRANCISCO, CA 94080-6324
20508318	FUSION BIOLABS LLC	7/1/2024	6/30/2027	1400 MARSTEN RD STE M, BURLINGAME, CA 94010-2422
20509561	FUSION STEEL DESIGN	12/1/2023	6/30/2026	--ON FILE--
20506453	FUUMI	10/24/2019	6/30/2027	1190 BROADWAY, BURLINGAME, CA 94010-3422
20510162	FV ARCHITECTURE INC	7/1/2026	6/30/2027	--ON FILE--
20509331	FX SIGNS INC	8/31/2025	6/30/2026	12155 MAGNOLIA AVE STE 11A, RIVERSIDE, CA 92503-4905
20508547	G & G BUILDERS, INC.	1/1/2025	6/30/2027	4542 CONTRACTORS PL, LIVERMORE, CA 94551-4805
20509223	G CONSTRUCTION SERVICES INC.	7/1/2025	6/30/2026	405 GRAND AVE STE 208A, SOUTH SAN FRANCISCO, CA 94080-3613
20510148	G R C ROOFING INC.	7/1/2026	6/30/2027	1390 WALLACE AVE, SAN FRANCISCO, CA 94124-3316
20508692	G SWANSON CONSTRUCTION INC	1/13/2025	6/30/2027	1658 WATSON CT, MILPITAS, CA 95035-6822
20500637	G W DEBRIS SERVICES, LLC	7/1/2015	6/30/2027	--ON FILE--
20509241	G. BORTOLOTTO & COMPANY, INC.	8/11/2025	6/30/2027	582 BRAGATO RD, SAN CARLOS, CA 94070-6227
20509198	G2 BANKRUPTCY RISK SOLUTIONS INC	6/23/2025	6/30/2026	111 ANZA BLVD STE 310, BURLINGAME, CA 94010-1901
20509309	G2 RISK SOLUTIONS	6/23/2025	6/30/2026	111 ANZA BLVD STE 310, BURLINGAME, CA 94010-1901
20509358	G3 QUALITY, INC.	8/25/2025	6/30/2026	13850 CERRITOS CORPORATE DR STE E, CERRITOS, CA 90703-2467
20503207	GABRIEL GARDENING MAINTENANCE	4/1/2012	6/30/2026	500 STATE ST, SAN MATEO, CA 94401-1614
20508640	GABRIEL LOPEZ CONSTRUCTION	2/1/2025	6/30/2026	349 INNSBROOK CT, SANTA ROSA, CA 95401-5923
20507389	GAC & CO. LLC	7/3/2023	6/30/2027	--ON FILE--
20500869	GADI CONSTRUCTION, INC.	6/24/2020	6/30/2027	3205 CABRILLO AVE, SANTA CLARA, CA 95051-2226
20500615	GAGE REAL ESTATE	1/5/1994	6/30/2027	--ON FILE--
20505322	GAL GROUP, INC.	7/24/2014	6/30/2027	840 HINCKLEY RD #126, BURLINGAME, CA 94010-1500
20508720	GALANTE BROTHERS GENERAL ENGINEERING	12/12/2024	6/30/2027	1620 7TH ST, SAN JOSE, CA 95112-5931
20507121	GALAXY HVAC	3/20/2023	6/30/2027	3313 VINCENT RD # 104, PLEASANT HILL, CA 94523-4350
20505073	GALEB PAVING, INC.	5/29/2019	6/30/2027	12340 SARATOGA SUNNYVALE RD, SARATOGA, CA 95070-3084
20508182	GALILEO LEARNING LLC	6/24/2024	6/30/2027	111 MYRTLE ST STE 300, OAKLAND, CA 94607-2535
20508913	GALLOS QUALITY CONSTRUCTION INC	3/4/2025	6/30/2026	891 N 16TH ST, SAN JOSE, CA 95112-1546
20504903	GAMBOGI LLC	2/7/2008	6/30/2027	1860 EL CAMINO REAL #438, BURLINGAME, CA 94010-3117
20509548	GARAGE DOORS, INC	1/15/2025	6/30/2027	147 MARTHA ST, SAN JOSE, CA 95112-5814
20503237	GARCIA GARDENING	7/3/2012	6/30/2027	--ON FILE--
20509464	GARCIA L ELECTRIC INC	9/29/2025	6/30/2026	--ON FILE--
20503027	GARCIA STRIPING INC.	6/22/2021	6/30/2027	436 HENLEY PKWY, PATTERSON, CA 95363-8828
20502583	GARDEN GUIDANCE LLC	4/15/2021	6/30/2027	2085 HAYES ST # 10, SAN FRANCISCO, CA 94117-1178
20503111	GARDEN SERVICES	7/2/2012	6/30/2027	--ON FILE--
20506657	GARDENING SERVICES AND LANDSCAPE	8/21/2009	6/30/2026	124 N QUEBEC ST, SAN MATEO, CA 94401-1319
20503787	GARRATT-CALLAHAN COMPANY	12/24/2004	6/30/2027	50 INGOLD RD, BURLINGAME, CA 94010-2206
20504066	GARY GEE ARCHITECTS, INC.	5/1/2013	6/30/2026	98 BRADY ST, SAN FRANCISCO, CA 94103-1239
20501272	GARY'S HOUSE CLEANING SERVICE	7/1/2010	6/30/2027	PO BOX 863, SAN CARLOS, CA 94070-0898
20501219	GAT AIRLINE GROUND SUPPORT INC	1/1/2016	6/30/2026	533 AIRPORT BLVD # 140, BURLINGAME, CA 94010-2069
20508675	GATE GOURMET INC	11/15/2024	6/30/2027	868 COWAN RD, BURLINGAME, CA 94010-1205
20500740	GATEWAY LANDSCAPE CONSTRUCTION, INC.	6/15/2016	6/30/2026	6735 SIERRA CT STE A, DUBLIN, CA 94568-2656
20500068	GATEWAYS TO THE WORLD	3/7/1989	6/30/2027	1126 LAGUNA AVE, BURLINGAME, CA 94010-3504
20504990	GATTENBERGER, INC.	3/1/2019	6/30/2026	PO BOX 808, BURLINGAME, CA 94011-0700
20506008	GAUL & SONS GENERAL CONTRACTORS	11/14/1986	6/30/2027	2838 ADELINE DR, BURLINGAME, CA 94010-5901
20503884	GAVILAN INVESTMENT PARTNERS	7/1/2021	6/30/2027	330 PRIMROSE RD STE 208, BURLINGAME, CA 94010-4026
20509397	GAVIN CONSTRUCTION	8/1/2025	6/30/2026	--ON FILE--
20501936	GC ALUMINUM, INC.	1/1/2021	6/30/2027	1731 ADRIAN RD UNIT 2, BURLINGAME, CA 94010-2109
20509456	GC GENERAL ENGINEERING INC	9/15/2025	6/30/2026	4001 BIRCHGROVE WAY, SACRAMENTO, CA 95826-5408
20502152	GCI NUTRIENTS (USA), INC.	8/23/2017	6/30/2027	375 BEACH RD, BURLINGAME, CA 94010-2005
20508100	GCOLLECTIBLES	4/2/2024	6/30/2026	--ON FILE--
20508746	GDH ROOFING & BUILDING INC	12/18/2024	6/30/2026	--ON FILE--
20510191	GE ENGINEERING	7/22/2026	6/30/2027	131 OLD TULLY RD, SAN JOSE, CA 95111-1921
20503788	GEBRUDER WEISS INC.	10/1/2021	6/30/2026	111 ANZA BLVD # 100, BURLINGAME, CA 94010-1918
20504972	GEER EXCAVATING	3/21/2014	6/30/2027	690 ALDO AVE, SANTA CLARA, CA 95054-2207
20502433	GEKAKIS & COMPANY	10/23/2017	6/30/2027	345 LORTON 204, BURLINGAME, CA 94010
20502695	GELLER INTERNATIONAL INC	3/22/2002	6/30/2026	1799 BAYSHORE HWY, BURLINGAME, CA 94010-1316
20504622	GEMMA ROCHE	12/3/2021	6/30/2027	--ON FILE--
20502969	GENE LOCKHART THE MUFFLER MAN	9/23/2002	6/30/2027	1261 CALIFORNIA DR, BURLINGAME, CA 94010-3431
20506304	GENERAL INSULATION COMPANY	7/1/2008	6/30/2027	278 MYSTIC AVE STE 209, MEDFORD, MA 02155-6330
20504174	GENERAL MORTGAGE CAPITAL CORPORATION	2/22/2006	6/30/2027	1350 BAYSHORE HWY # 740, BURLINGAME, CA 94010-1816
20507241	GENERATION BUILDERS INC	6/1/2023	6/30/2027	1445 N CAROLAN AVE, BURLINGAME, CA 94010-2403
20505493	GENESIS BUILDING SERVICES INC	7/1/2008	6/30/2027	PO BOX 25360, SAN MATEO, CA 94402-5618
20507113	GENESIS HEALTHCARE PARTNERS, PC LLC	1/2/2023	6/30/2027	1860 EL CAMINO REAL # 101, BURLINGAME, CA 94010-3106
20501184	GENEVE JEWELERS	4/1/1997	6/30/2027	291 PRIMROSE RD, BURLINGAME, CA 94010-4207
20505133	GENIUS LEARNING	6/4/2014	6/30/2027	700 PENINSULA AVE, BURLINGAME, CA 94010-3010
20503543	GENSLER	8/13/2012	6/30/2027	45 FREMONT ST STE 1500, SAN FRANCISCO, CA 94105-2214
20503847	GENTEEL SOCIETY	9/1/2021	6/30/2026	1207 CAPUCHINO AVE, BURLINGAME, CA 94010-3403
20506249	GEO M ROBINSON & CO	6/27/2022	6/30/2027	1461 ATTEBERRY LN, SAN JOSE, CA 95131-1409
20508197	GEO-ENGINEERING SOLUTIONS, INC	5/1/2024	6/30/2026	2570 SAN RAMON VALLEY BLVD STE A102, SAN RAMON, CA 94583-1637
20500303	GEOFFREY L ROTHMAN	1/1/2020	6/30/2027	12 EL QUANITO WAY, BURLINGAME, CA 94010-6025
20500962	GEORGE PATTERSON COLLECTIBLES	7/1/2010	6/30/2027	--ON FILE--
20501779	GEORGE SALET PLUMBING	10/14/2011	6/30/2027	200 VALLEY DR STE 51, BRISBANE, CA 94005-1273
20502547	GET TAGS	5/1/2021	6/30/2027	1497 ROLLINS RD, BURLINGAME, CA 94010-2316
20508236	GHIRARDELLI ASSOCIATES, INC.	5/30/2024	6/30/2027	2990 LAVA RIDGE CT STE 200, ROSEVILLE, CA 95661-3076
20500085	GHOSTDOG DESIGN	4/7/1989	6/30/2027	--ON FILE--
20501589	GIAMPOLINI & CO INC	7/1/2010	6/30/2027	1482 67TH ST, EMERYVILLE, CA 94608-1016
20506516	GIANNA LA MARIANA	5/1/2022	6/30/2027	--ON FILE--
20508063	GIBBS-MCCORMICK, INC	6/1/2015	6/30/2027	877 MAHLER RD STE 126, BURLINGAME, CA 94010-1640
20506503	GIC BURLINGAME LLC	11/10/2021	6/30/2027	1775 ROLLINS RD, BURLINGAME, CA 94010-2207
20508798	GIFT BARGAIN	1/20/2025	6/30/2026	--ON FILE--
20507415	GIGGLEMUGS	9/5/2023	6/30/2027	1461 BURLINGAME AVE, BURLINGAME, CA 94010-4110
20502148	GIGI'S CAFE, LLC	8/22/2017	6/30/2027	111 ANZA BLVD # 111, BURLINGAME, CA 94010-1918
20506002	GILLIS & LANE INC.	7/29/1981	6/30/2027	PO BOX 248, UNION CITY, CA 94587-0335
20503244	GILMAN SCREENS & KITCHENS	5/28/2003	6/30/2027	228 BAY SHORE BLVD, SAN FRANCISCO, CA 94124-1323
20507071	GIRL SCOUTS OF NORTHERN CALIFORNIA	3/8/2023	6/30/2027	1650 HARBOR BAY PKWY STE 100, ALAMEDA, CA 94502-3013
20508962	GIULIANI & KULL-SAN JOSE, INC.	4/1/2025	6/30/2027	4880 STEVENS CREEK BLVD STE 100, SAN JOSE, CA 95129-1034
20509162	GLAM ROOFING INC	6/10/2025	6/30/2026	2550 BAYSHORE BLVD, SAN FRANCISCO, CA 94134
20507248	GLASS AVENUE INC.	6/1/2023	6/30/2026	1313 N CAROLAN AVE, BURLINGAME, CA 94010-2401
20505567	GLASSMAN TUTORING	11/17/2014	6/30/2027	--ON FILE--
20508967	GLATT MEDICAL	2/21/2025	6/30/2027	1860 EL CAMINO REAL STE 301, BURLINGAME, CA 94010-3114
20505270	GLOBAL CITY HOTELS, INC.	7/9/2014	6/30/2027	1177 AIRPORT BLVD, BURLINGAME, CA 94010-1973
20509560	GLOBAL CROP EXCHANGE, INC.	10/20/2025	6/30/2027	533 AIRPORT BLVD STE 525, BURLINGAME, CA 94010-2032
20503214	GLOBAL EXPERIENCE SPECIALISTS, LLC	5/12/2003	6/30/2027	7000 LINDELL ST, LAS VEGAS, NV 89118
20503435	GLOBAL INTEGRATE LOGISTICS, INC.	6/20/2018	6/30/2027	339 BEACH RD, BURLINGAME, CA 94010-2005
20503046	GLOBAL STANDARD CONSTRUCTION	7/1/2012	6/30/2026	2427 W AVENUE 136TH, SAN LEANDRO, CA 94577-4150
20509243	GLOW ROOM	10/1/2025	6/30/2027	1231 CALIFORNIA DR, BURLINGAME, CA 94010-3431
20501922	GM STAFFING SERVICES	7/3/2017	6/30/2027	1299 BAYSHORE HWY RM 128, BURLINGAME, CA 94010-1807
20509340	GM TRUCK RENTAL INC	8/15/2025	6/30/2026	--ON FILE--
20502747	GMG CONSULTING GROUP INC	4/30/2002	6/30/2027	1543 ALTURAS DR, BURLINGAME, CA 94010-5966
20507472	GO BAY ELECTRIC INC	8/31/2023	6/30/2026	--ON FILE--
20500784	GO LOLA GO, INC - STUDIO 1024	7/29/2010	6/30/2027	1024 OAK GROVE AVE, BURLINGAME, CA 94010-2731
20504098	GOAL PHYSICAL THERAPY AND SPORTS MEDICINE	10/22/2018	6/30/2027	--ON FILE--
20500651	GODBE CORPORATION	1/1/2016	6/30/2027	1220 HOWARD AVE # 250, BURLINGAME, CA 94010-4251
20508965	GOETTER MANAGEMENT SERVICES	1/1/2025	6/30/2026	1633 BAYSHORE HWY STE 255, BURLINGAME, CA 94010-1537
20507351	GOEUN BEAUTY	8/1/2023	6/30/2026	1812 MAGNOLIA AVE APT A, BURLINGAME, CA 94010-4502
20509731	GOEUN BEAUTY	1/15/2026	6/30/2027	1812 MAGNOLIA AVE STE A, BURLINGAME, CA 94010-4502
20509531	GOGREEN ROOFING CORPORATION	10/28/2025	6/30/2027	3360 DE LA CRUZ BLVD, SANTA CLARA, CA 95054-2606
20510022	GOLD ARDEN GROUP LLC	5/12/2026	6/30/2026	1430 HOWARD AVE, BURLINGAME, CA 94010-4202
20506245	GOLDEN 1 CREDIT UNION	5/2/2022	6/30/2027	1440 CHAPIN AVE # 101, BURLINGAME, CA 94010-4011
20501947	GOLDEN BAY CONSTRUCTION INC	8/5/2003	6/30/2027	3826 DEPOT RD, HAYWARD, CA 94545-2722
20508845	GOLDEN BAY FENCE PLUS IRON WORKS INC	3/1/2025	6/30/2027	4104 S B ST, STOCKTON, CA 95206-3668
20509901	GOLDEN BENCHMARK INSURANCE SERVICES	4/1/2026	6/30/2026	533 AIRPORT BLVD STE 400, BURLINGAME, CA 94010-2028
20509194	GOLDEN COAST FIRE PROTECTION	7/21/2025	6/30/2026	--ON FILE--
20506383	GOLDEN GATE DRYWALL	7/21/1981	6/30/2026	399 BEACH RD, BURLINGAME, CA 94010-2005
20500913	GOLDEN GATE SCHOOL OF DENTAL ASSISTING	7/25/2016	6/30/2026	1818 GILBRETH RD # 200, BURLINGAME, CA 94010-1217
20503040	GOLDEN GATE SIGN COMPANY	5/2/2013	6/30/2027	2500 BISSO LN STE 200, CONCORD, CA 94520-4826
20501661	GOLDEN GATE SOTHEBY'S INTERNATIONAL REALTY	7/1/2020	6/30/2027	360 PRIMROSE RD, BURLINGAME, CA 94010-4005
20504743	GOLDEN GATE TANK REMOVAL INC	12/20/2018	6/30/2026	1480 CARROLL AVE, SAN FRANCISCO, CA 94124-3605
20510155	GOLDEN GROVE ROOFING AND CONSTRUCTION	7/6/2026	6/30/2027	1990 N CALIFORNIA BLVD FL 8TH, WALNUT CREEK, CA 94596-7261
20509846	GOLDEN HEIGHTS REMODELING INC DBA GOLDEN HEIGHTS R	4/1/2026	6/30/2027	1110 BURNETT AVE STE J, CONCORD, CA 94520-5635
20502451	GOLDEN ROOFING COMPANY	7/9/2013	6/30/2027	70 GLENN WAY STE 1, SAN CARLOS, CA 94070-6220
20500965	GOLDEN SHARK CONSTRUCTION, INC.	8/2/2016	6/30/2026	323 COMMERCIAL ST, SAN JOSE, CA 95112-4404
20506170	GOLDEN STAR MORTGAGE	7/1/2008	6/30/2027	1633 BAYSHORE HWY #329, BURLINGAME, CA 94010-1515
20510015	GOLDEN STATE CONSTRUCTION	5/7/2026	6/30/2027	114 S AMPHLETT BLVD, SAN MATEO, CA 94401-2941
20507210	GOLDEN STATE CONTRACTORS	5/3/2023	6/30/2026	2950 BUSKIRK AVE STE 300, WALNUT CREEK, CA 94597-6900
20508290	GOLDEN STATE ELECTRICAL CONSTRUCTION LLC	6/17/2024	6/30/2027	--ON FILE--
20506658	GOLDEN STATE HEART & VASCULAR ASSOCIATES	12/2/2019	6/30/2027	1850 EL CAMINO REAL # 200, BURLINGAME, CA 94010-3102
20502006	GOLDEN STATE LUMBER	7/1/2010	6/30/2027	601 TUNNEL AVE, BRISBANE, CA 94005-1106
20509130	GOLDEN STITCH EMBROIDERY	6/1/2025	6/30/2027	--ON FILE--
20502097	GOLDEN VIEW RENOVATION	1/8/2021	6/30/2027	1545 BERGER DR, SAN JOSE, CA 95112-2704
20507671	GOLDEN WIRE ELECTRIC INC	12/7/2023	6/30/2026	--ON FILE--
20504152	GOLDMAN, MAGDALIN & KRIKES, LLP.	6/10/2013	6/30/2026	111 ANZA BLVD # 308, BURLINGAME, CA 94010-1932
20508145	GOMEZ GARCIA CONSTRUCTION CO. INC	4/22/2024	6/30/2026	--ON FILE--
20506749	GOMEZ IRON WORKS ENTERPRISES, INC	1/1/2022	6/30/2027	1195 HILLSIDE BLVD, DALY CITY, CA 94014-3061
20502921	GONA BUILDERS INC	5/1/2012	6/30/2027	--ON FILE--
20505886	GONZALEZ GARDENING SERVICE	2/18/2009	6/30/2026	--ON FILE--
20505359	GOOD CITY COMPANY	3/10/2022	6/30/2027	601 ALLERTON ST STE 110, REDWOOD CITY, CA 94063-1592
20501179	GOOD NEIGHBOR CONSTRUCTION	12/14/2012	6/30/2027	--ON FILE--
20506391	GOOD VIBES ROOFING AND SIDING INC.	7/13/2022	6/30/2026	18 S 2ND ST #176, SAN JOSE, CA 95113-2501
20503507	GOODWATER CAPITAL	7/3/2018	6/30/2027	240 LORTON AVE 3RD FL, BURLINGAME, CA 94010
20502794	GOODWILL OF THE SAN FRANCISCO BAY	7/1/2011	6/30/2027	1215 CALIFORNIA DR, BURLINGAME, CA 94010-3401
20508819	GOOEY SUPPLY	2/1/2025	6/30/2027	1233 BROADWAY, BURLINGAME, CA 94010-3423
20504584	GOOGAIN, INC	8/1/2013	6/30/2027	1633 BAYSHORE HWY STE 327, BURLINGAME, CA 94010-1515
20506222	GORDON A KULLBERG & SON INC.	6/4/2009	6/30/2027	612 PROSPECT ROW, SAN MATEO, CA 94401-2324
20509185	GORMAN PIPELINE INC	6/23/2025	6/30/2027	--ON FILE--
20502077	GORMAN ROOFING SERVICES, LLC	6/6/2011	6/30/2026	2229 E UNIVERSITY DR, PHOENIX, AZ 85034-6837
20505697	GOW SUPPLY CO	7/1/2008	6/30/2027	PO BOX 24160, SAN FRANCISCO, CA 94124-0176
20504450	GP FIRE PROTECTION	12/19/2006	6/30/2027	2150 RHEEM DR STE F, PLEASANTON, CA 94588-2689
20507669	GPS INSIGHT, INC	12/1/2023	6/30/2027	7201 E HENKEL WAY STE 400, SCOTTSDALE, AZ 85255-9707
20510079	GRACE POINT CONSTRUCTION	7/1/2026	6/30/2027	--ON FILE--
20509251	GRAFFITI PROTECTIVE COATINGS, INC.	1/1/2025	6/30/2027	4624 FLORENCE AVE # FRONT, BELL, CA 90201-4386
20504599	GRAHAM CONTRACTORS INC	5/25/2010	6/30/2027	--ON FILE--
20509799	GRAND BUILDERS GENERAL CONSTRUCTION INC	3/1/2026	6/30/2027	2205 JASMINE AVE, MODESTO, CA 95350
20506141	GRAND HARBOR SEAFOOD AND DIMSUM	1/1/2022	6/30/2027	1492 OLD BAYSHORE HWY, BURLINGAME, CA 94010
20505250	GRANDVIEW VACATION	7/8/2014	6/30/2027	533 AIRPORT BLVD STE 400, BURLINGAME, CA 94010-2028
20509384	GRANITE ELECTRIC INC	9/2/2025	6/30/2026	292 KINGS RD, BRISBANE, CA 94005-1646
20506106	GRANITE ROCK COMPANY	2/4/1987	6/30/2027	5225 HELLYER AVE, SAN JOSE, CA 95138-1023
20501705	GRANITE TELECOMMUNICATIONS LLC	7/1/2010	6/30/2027	1 HERITAGE DR, QUINCY, MA 02171-2105
20506638	GRAPHITEBUILD	8/29/2022	6/30/2026	8 DELLBROOK AVE, SAN FRANCISCO, CA 94131-1207
20501040	GRAY'S PAINT & WALLPAPER	10/1/1996	6/30/2027	783 CALIFORNIA DR, BURLINGAME, CA 94010-3703
20501266	GRAYBAR ELECTRIC CO INC	7/1/2010	6/30/2026	251 LITTLE FALLS DR, WILMINGTON, DE 19808-1674
20504547	GREAT AMERICAN DISTILLERY, INC	10/9/2013	6/30/2027	433 AIRPORT BLVD # 404, BURLINGAME, CA 94010-2014
20504636	GREAT AMERICAN FOODS INC	7/3/2007	6/30/2027	433 AIRPORT BLVD # 404, BURLINGAME, CA 94010-2014
20507621	GREAT CLIPS	11/4/2023	6/30/2026	211 PRIMROSE RD, BURLINGAME, CA 94010-4207
20500050	GREAT JOY SERVICE CENTER AND SCHOOL	1/27/2010	6/30/2027	1849 BAYSHORE HWY # 168, BURLINGAME, CA 94010-1206
20500246	GREEN BANKER, LLC.	4/1/2010	6/30/2027	398 PRIMROSE RD 1ST FL, BURLINGAME, CA 94010-4005
20502140	GREEN CAB PENINSULA	7/1/2011	6/30/2027	851 BURLWAY RD # 706, BURLINGAME, CA 94010-1716
20506580	GREEN CITY CONSTRUCTION INC.	8/23/2022	6/30/2026	--ON FILE--
20508134	GREEN ELECTRIC COMPANY	4/18/2024	6/30/2027	--ON FILE--
20509372	GREEN FASHION LANDSCAPING INC	8/25/2025	6/30/2026	408 9TH AVE, SAN MATEO, CA 94402-1859
20501209	GREEN GARDEN SERVICES	7/1/2010	6/30/2027	1005 S B ST, SAN MATEO, CA 94401-4312
20508174	GREEN SHOOTS LEGAL PC	4/1/2024	6/30/2027	--ON FILE--
20504542	GREEN WALL TECH, INC.	11/1/2020	6/30/2027	2020 WARMSPRINGS CT, FREMONT, CA 94539
20503641	GREEN WORLDWIDE SHIPPING, LLC	7/15/2021	6/30/2026	433 AIRPORT BLVD 310/316, BURLINGAME, CA 94010-2010
20508104	GREENBERG DEVELOPMENT AND CONSTRUCTION	4/5/2024	6/30/2027	908 INDUSTRIAL AVE, PALO ALTO, CA 94303-4911
20503741	GREENBISCUIT, LLC	7/1/2018	6/30/2027	833 MAHLER RD # 9, BURLINGAME, CA 94010-1636
20508371	GREENBRIDGE FAMILY FOUNDATION	7/16/2024	6/30/2027	1229 BURLINGAME AVE STE 203, BURLINGAME, CA 94010-4132
20505527	GREENCITIZEN, INC	10/31/2008	6/30/2027	1831 BAYSHORE HWY #2, BURLINGAME, CA 94010-1201
20501134	GREENWOOD CUSTOM BUILDERS, INC.	8/14/2020	6/30/2027	765 OLD COUNTY RD, SAN CARLOS, CA 94070-3274
20509020	GREENWORLD ELECTRIC SOLUTIONS LLC	5/12/2025	6/30/2026	--ON FILE--
20504108	GREGG DRILLING, LLC	10/24/2018	6/30/2026	2726 WALNUT AVE, SIGNAL HILL, CA 90755-1832
20506911	GREGG K KAWAHARA, ARCHITECT	10/7/2022	6/30/2027	--ON FILE--
20508546	GREYSTAR CALIFORNIA, INC.	8/1/2024	6/30/2027	465 MEETING ST STE 500, CHARLESTON, SC 29403-7123
20508784	GRID PROBUILDERS INC	1/14/2025	6/30/2026	--ON FILE--
20500830	GRIFFIN DEWATERING, LLC	7/1/2016	6/30/2026	5306 CLINTON DR, HOUSTON, TX 77020-7912
20508638	GRIFFIN PAINTING INC.	11/4/2024	6/30/2026	3580 HAVEN AVE UNIT 2, REDWOOD CITY, CA 94063-4639
20501376	GRINCHUK MARIE TR; GRINCHUK RUTH L	7/1/2010	6/30/2027	1130 CHULA VIS, BURLINGAME, CA 94010
20501372	GRINCHUK MARIE TR; GRINCHUK RUTH L	7/1/2010	6/30/2027	--ON FILE--
20501817	GROUND - UP CONSTRUCTION	10/30/2013	6/30/2027	914 E SANTA INEZ AVE, SAN MATEO, CA 94401-1821
20508486	GROUNDWORKS CALIFORNIA LLC	9/2/2024	6/30/2027	2333 COURAGE DR STE C, FAIRFIELD, CA 94533-6715
20505760	GROUP 4 ARCHITECTURE, RESEARCH & PLANNING, INC.	2/19/2015	6/30/2027	211 LINDEN AVE, S SAN FRANCISCO, CA 94080-3710
20510111	GROWING IVY	6/15/2026	6/30/2027	320 PRIMROSE RD, BURLINGAME, CA 94010-4588
20506748	GRUPOLOGY INC	7/1/2022	6/30/2027	1419 CHAPIN AVE STE 101, BURLINGAME, CA 94010-4167
20502487	GS ACCOUNTING CONSULTANTS	10/31/2017	6/30/2027	1818 GILBRETH RD STE 115, BURLINGAME, CA 94010-1217
20505356	GS COMMERCIAL MANAGEMENT INC	8/1/2014	6/30/2027	1633 BAYSHORE HWY # 134, BURLINGAME, CA 94010-1528
20502444	GSONS HOSPITALITY, LLC	7/1/2017	6/30/2027	1601 BAYSHORE HWY # 168, BURLINGAME, CA 94010-1508
20503659	GTE MOBILNET OF CALIFORNIA LP	8/1/2021	6/30/2027	1801 MURCHISON DR, BURLINGAME, CA 94010-4523
20509630	GTL ARCHITECTURE & INTERIORS	12/8/2025	6/30/2027	--ON FILE--
20507956	GTM FLOW	1/2/2024	6/30/2026	--ON FILE--
20505145	GUARANTEE MORTGAGE	3/1/2014	6/30/2027	851 BURLWAY RD # 501, BURLINGAME, CA 94010-1714
20505502	GUARANTEED RATE AFFINITY LLC	10/23/2017	6/30/2027	1427 CHAPIN AVE, BURLINGAME, CA 94010-4002
20502049	GUERRERO DESIGN	1/20/2021	6/30/2027	--ON FILE--
20507062	GUIDELINE, INC.	12/1/2022	6/30/2026	1412 CHAPIN AVE, BURLINGAME, CA 94010-4003
20506011	GUITTARD CHOCOLATE COMPANY	7/27/1981	6/30/2027	10 GUITTARD RD, BURLINGAME, CA 94010-2203
20509777	GURRIES ELECTRIC INC	2/2/2026	6/30/2027	909 BOGGS TER, FREMONT, CA 94539-7094
20501798	GYMDOC, INC.	5/1/2017	6/30/2027	3488 ARDEN RD, HAYWARD, CA 94545-3906
20506588	H B BROOKS INT'L	8/6/2009	6/30/2027	25341 COMMERCENTRE DR STE 100, LAKE FOREST, CA 92630-8856
20509815	H&H SINGH CONSTRUCTION INC	2/25/2026	6/30/2026	891 OLD CANYON RD, FREMONT, CA 94536-1730
20503228	H. T. HARVEY & ASSOCIATES	7/9/2021	6/30/2027	983 UNIVERSITY AVE BLDG D, LOS GATOS, CA 95032-7637
20506007	H.L. PENINSULA HOT POT & GRILL LLC	6/1/2022	6/30/2027	1600 BAYSHORE HWY, BURLINGAME, CA 94010-1504
20503658	H.L. PENINSULA PEARL	7/24/2018	6/30/2027	1590 BAYSHORE HWY, BURLINGAME, CA 94010-1601
20506981	H.Y. FLOOR AND GAMELINE PAINTING, INC.	12/31/2022	6/30/2027	961 COMMERCIAL ST, SAN CARLOS, CA 94070-4031
20507218	H20 HEAD CARE 2	6/1/2023	6/30/2027	1500 ADELINE DR A, BURLINGAME, CA 94010-4606
20507544	HA FIRE PROTECTION INC	10/11/2023	6/30/2026	3447 MISSION ST, SAN FRANCISCO, CA 94110-5438
20501235	HABITAT	6/16/1997	6/30/2027	851 BURLWAY RD # 710, BURLINGAME, CA 94010-1716
20502075	HADIA'S SKIN CARE	4/4/2000	6/30/2026	1199 HOWARD AVE #103, BURLINGAME, CA 94010-4227
20509293	HAIDEE SUI PHYSICAL THERAPY	9/10/2025	6/30/2027	1818 GILBRETH RD STE 220, BURLINGAME, CA 94010-1222
20508458	HAIR BY CAMILLA LIPS LLC	9/1/2024	6/30/2027	264 LORTON AVE, BURLINGAME, CA 94010-4204
20505593	HAIR FAIRIES, INC.	12/5/2014	6/30/2027	1120 BROADWAY UNIT 4, BURLINGAME, CA 94010-3422
20509485	HAIR FORNIA LLC	8/28/2025	6/30/2027	218 PRIMROSE RD STE 1, BURLINGAME, CA 94010-4208
20509868	HAIR LOGIC	4/20/2026	6/30/2027	1805 B EL CAMINO REAL, BURLINGAME, CA 94010
20506968	HAIR OF THE DOG PET SPA LLC	1/1/2023	6/30/2027	751 LAUREL ST, SAN CARLOS, CA 94070-3122
20502678	HAIRSTYLES BY VICKY (SHEAR MAGIC)	12/6/2011	6/30/2027	311 CALIFORNIA DR, BURLINGAME, CA 94010-4114
20500140	HAJOCA CORPORATION	12/26/2019	6/30/2027	11 GUITTARD RD, BURLINGAME, CA 94010-2203
20505114	HAKEWILL CONSTRUCTION COMPANY, INC.	6/3/2019	6/30/2026	20 RAINBOW RD, SAN RAFAEL, CA 94903-3851
20500266	HAKMAN CAPITAL CORP	8/9/1991	6/30/2027	1555 BAYSHORE HWY #120, BURLINGAME, CA 94010-1617
20503911	HAKUNA MATATA VIBES	9/10/2021	6/30/2027	533 AIRPORT BLVD STE 465, BURLINGAME, CA 94010-2018
20503971	HALDEN YU DDS	8/30/2005	6/30/2027	1750 EL CAMINO REAL # 302, BURLINGAME, CA 94010-3216
20501270	HALLMARK MARKETING CORPORATION	8/21/1997	6/30/2027	1333 BAYSHORE HWY, BURLINGAME, CA 94010-1886
20504549	HALLMARK ROOFING SERVICES, INC.	10/11/2013	6/30/2026	604 MOUNTAIN VIEW AVE, BELMONT, CA 94002-2533
20502096	HALO BLOW DRY BAR	6/8/2011	6/30/2027	311 PRIMROSE RD, BURLINGAME, CA 94010-4004
20505050	HALO LABS	5/21/2019	6/30/2027	1828 EL CAMINO REAL STE 703, BURLINGAME, CA 94010-3122
20505048	HALO LABS	5/21/2019	6/30/2027	1828 EL CAMINO REAL STE 101, BURLINGAME, CA 94010-3104
20503469	HAMADA GARDENING	7/24/2012	6/30/2027	--ON FILE--
20502067	HAMMER 1, LLC	7/1/2007	6/30/2027	1201 HOWARD AVE, BURLINGAME, CA 94010-4242
20509103	HAMPTON INN & SUITES SAN FRANCISCO, BURLINGAME	7/1/2025	6/30/2027	1755 BAYSHORE HWY, BURLINGAME, CA 94010-1301
20506868	HANABI RAMEN	11/8/2022	6/30/2027	723 CALIFORNIA DR, BURLINGAME, CA 94010-3703
20509736	HANDY BAY PLUMBING	1/15/2026	6/30/2026	3520 HAVEN AVE # J, REDWOOD CITY, CA 94063-4605
20507152	HANDY PLUMBING MAN	4/5/2023	6/30/2027	--ON FILE--
20501879	HANG SANG PRESS, LLC	6/14/2017	6/30/2027	1633 BAYSHORE HWY #322, BURLINGAME, CA 94010-1515
20510115	HANIMPJV NORTH ROLLINGS BURLINGAME CA LLC	4/1/2025	6/30/2027	--ON FILE--
20500470	HANKIN SPECIALTY ELEVATORS, INC.	2/15/2016	6/30/2027	3237 FITZGERALD RD, RANCHO CORDOVA, CA 95742-6813
20500066	HANOVER R.S. CONSTRUCTION LLC	12/18/2019	6/30/2027	156 DIABLO RD #220, DANVILLE, CA 94526-3312
20504931	HANQI INVESTMENT INC	3/10/2014	6/30/2027	1633 BAYSHORE HWY #280, BURLINGAME, CA 94010-1515
20500839	HANS RIBI	7/1/2010	6/30/2027	820 STANTON RD, BURLINGAME, CA 94010-9991
20508573	HANSONS AUTO BODY	12/1/2024	6/30/2027	1222 ROLLINS RD, BURLINGAME, CA 94010-2408
20507665	HAPPY BIRDIE BADMINTON	1/1/2024	6/30/2027	405 BEACH RD, BURLINGAME, CA 94010-2019
20501873	HAPPY DONUT	4/1/2011	6/30/2027	1807 EL CAMINO REAL APT -B, BURLINGAME, CA 94010-3202
20507683	HAPPY HAIR SALON	12/7/2023	6/30/2027	1852 MAGNOLIA AVE, BURLINGAME, CA 94010-4519
20505135	HAPPY HAIR SALON-SUSIE COYKENDALL	4/1/2008	6/30/2027	--ON FILE--
20509490	HAPPY HOUSE CONSTRUCTION	10/8/2025	6/30/2026	6334 MARKET AVE, NEWARK, CA 94560-4036
20508228	HAPPY LEMON	6/1/2024	6/30/2027	1419 BURLINGAME AVE STE A, BURLINGAME, CA 94010-4122
20501717	HARBER CONSTRUCTION	4/13/2017	6/30/2027	--ON FILE--
20502823	HARBYRCO LLC	2/1/2018	6/30/2027	330 PRIMROSE RD #218, BURLINGAME, CA 94010-4026
20502743	HARDTKE CONSTRUCTION	1/12/2012	6/30/2027	1133 BALBOA AVE, BURLINGAME, CA 94010-4930
20500249	HARGENS PAINTING AND CONSTRUCTION	4/21/2003	6/30/2027	483 VICTORY AVE, S SAN FRAN, CA 94080-6314
20509618	HARIBANI SANGEETA MALHOTRA	10/15/2025	6/30/2027	850 BURLINGAME AVE, BURLINGAME, CA 94010-2899
20509616	HARRIET HAISTY	9/1/2026	6/30/2027	850 BURLINGAME AVE, BURLINGAME, CA 94010-2899
20506630	HARRINGTON ENERGY VENTURES INC	7/1/2009	6/30/2027	1616 LASSEN WAY, BURLINGAME, CA 94010-4648
20502649	HARRIS & FRASER	2/15/2002	6/30/2027	1220 HOWARD AVE # 250, BURLINGAME, CA 94010-4251
20501754	HARRIS WATER HEATERS, INC.	11/20/2020	6/30/2026	--ON FILE--
20509127	HARRY'S JEWELRY INC.	6/2/2025	6/30/2027	1204 BURLINGAME AVE #6, BURLINGAME, CA 94010-4147
20509980	HART BUILDERS INC	6/1/2026	6/30/2027	--ON FILE--
20505813	HARTLEY LAW	9/11/2019	6/30/2027	100 EL CAMINO REAL, BURLINGAME, CA 94010-5204
20501391	HATHAWAY DINWIDDIE CONSTRUCTION COMPANY	12/29/2016	6/30/2027	275 BATTERY ST STE 300, SAN FRANCISCO, CA 94111-3359
20502963	HATTON CRANE & RIGGING, INC.	9/23/2002	6/30/2027	3643 DEPOT RD, HAYWARD, CA 94545-2786
20509155	HAVEN ENERGY SERVICES INC	6/16/2025	6/30/2027	--ON FILE--
20509693	HAWK HILL CONSTRUCTION INC	1/12/2026	6/30/2026	2021 FILLMORE ST, SAN FRANCISCO, CA 94115-2708
20507386	HAWKINS CONSTRUCTION NORCAL	8/2/2023	6/30/2026	6469 ALMADEN EXPY STE 80-365, SAN JOSE, CA 95120-2926
20505912	HCI SOLAR	5/5/2022	6/30/2026	2121 N CALIFORNIA BLVD #290, WALNUT CREEK, CA 94596-7351
20503974	HCI SYSTEMS, INC.	5/28/2014	6/30/2027	3566 INVESTMENT BLVD, HAYWARD, CA 94545-3707
20505676	HDL COREN & CONE	4/18/2022	6/30/2027	120 S STATE COLLEGE BLVD STE 200, BREA, CA 92821-5834
20504704	HDR ENGINEERING INC.	7/31/2021	6/30/2027	PO BOX 80600, INDIANAPOLIS, IN 46280-0610
20509910	HE & KUANG, INC	4/15/2026	6/30/2027	--ON FILE--
20500588	HEALTH CONNECT, INC.	1/1/2020	6/30/2027	433 AIRPORT BLVD STE 1OO, BURLINGAME, CA 94010-2017
20504079	HEALTHFLEX HOME HEALTH SERVICES	10/17/2018	6/30/2027	1633 BAYSHORE HWY #310, BURLINGAME, CA 94010-1539
20500086	HEALTHROUTES	7/1/2009	6/30/2027	--ON FILE--
20507354	HEALTHY HORIZONS	7/9/2023	6/30/2027	891 CALIFORNIA DR, BURLINGAME, CA 94010-3604
20500884	HEALTHY HORIZONS BREASTFEEDING CENTERS, INC	7/1/2016	6/30/2027	1432 BURLINGAME AVE, BURLINGAME, CA 94010-4111
20504485	HEARTH & HOME INC	1/23/2019	6/30/2026	3600 HAVEN AVE #6, REDWOOD CITY, CA 94063-4625
20507446	HEARTSHARE TRAINING	1/16/2023	6/30/2027	433 AIRPORT BLVD STE 125, BURLINGAME, CA 94010-2029
20509407	HEATHER BARNES WELLNESS	10/1/2025	6/30/2027	405 PRIMROSE RD STE 314, BURLINGAME, CA 94010-4043
20500786	HEAVENLY GREENS	8/3/2010	6/30/2026	370 UMBARGER RD STE A, SAN JOSE, CA 95111-2070
20508466	HELIOS CLIMATE INDUSTRIES	8/22/2024	6/30/2026	2261 MARKET ST # 5253, SAN FRANCISCO, CA 94114-1612
20509418	HELIX & HEWN	9/9/2025	6/30/2027	--ON FILE--
20506084	HELIX ELECTRIC, INC.	7/1/2015	6/30/2027	6795 FLANDERS DR, SAN DIEGO, CA 92121-2903
20508157	HELM OF SUN VALLEY	7/1/2024	6/30/2026	1301 BROADWAY, BURLINGAME, CA 94010-3425
20507179	HELPING HANDS HOME HEALTH CARE & HOSPICE, INC.	4/17/2023	6/30/2027	433 AIRPORT BLVD STE 121, BURLINGAME, CA 94010-2008
20507154	HEMMING MORSE, LLC	4/17/2023	6/30/2027	1290 HOWARD AVE STE 202, BURLINGAME, CA 94010-4222
20506814	HENRY HORN & SONS, INC.	7/7/1981	6/30/2027	405 PRIMROSE RD # 300, BURLINGAME, CA 94010-4014
20506851	HENRY SCHEIN INC	9/9/2009	6/30/2027	135 DURYEA RD # MDE330, MELVILLE, NY 11747-3834
20506034	HERBERT W. HUMBER	7/27/1981	6/30/2027	1675 ROLLINS RD # G, BURLINGAME, CA 94010-2320
20509102	HERITAGE MANOR	1/1/2024	6/30/2027	--ON FILE--
20501286	HERMANSON, GUZMAN & WANG, A P.C.	7/1/2010	6/30/2027	1633 BAYSHORE HWY # 360, BURLINGAME, CA 94010-1537
20508843	HERNANDEZ ELECTRIC	2/3/2025	6/30/2027	41078 FARALLON CMN STE 407, FREMONT, CA 94538-1991
20508989	HERNANDEZ GARDEN SERVICE	4/3/2025	6/30/2027	--ON FILE--
20500169	HERNANDEZ GARDENING	4/11/1990	6/30/2026	514 TILTON AVE, SAN MATEO, CA 94401-1962
20503240	HERSOR GARDENING	7/3/2012	6/30/2027	617 N DELAWARE ST, SAN MATEO, CA 94401-1731
20502431	HERTZ	7/1/2017	6/30/2027	1815 BAYSHORE HWY, BURLINGAME, CA 94010-1201
20509426	HERTZ ELECTRIC	9/12/2025	6/30/2026	624 PRICE ST, DALY CITY, CA 94014-2131
20501971	HICON & FIRE PROTECTION	7/3/2014	6/30/2027	--ON FILE--
20508795	HIGH BAND CONSTRUCTION INC	1/20/2025	6/30/2026	390 CARROL CT STE C, BRENTWOOD, CA 94513-7376
20505667	HIGH DEFINITION SOLAR	1/15/2015	6/30/2026	1190 BURNETT AVE STE F, CONCORD, CA 94520-5612
20501996	HIGH QUALITY CUSTOM CABINETRY INC	7/1/2010	6/30/2027	437 HURLINGAME AVE, REDWOOD CITY, CA 94063-3407
20500153	HIGHLAND AVE BURLINGAME LLC	11/6/2015	6/30/2027	--ON FILE--
20508512	HIGHLAND COMMERCIAL ROOFING	9/9/2024	6/30/2027	2690 ALVARADO ST, SAN LEANDRO, CA 94577-4320
20503370	HIGHLAND CONSTRUCTION	9/16/2013	6/30/2027	1250 THOMAS AVE, SAN FRANCISCO, CA 94124-3304
20504979	HIGHLAND REALTY CAPITAL	3/28/2014	6/30/2027	301 CALIFORNIA DR # 4, BURLINGAME, CA 94010-4142
20500426	HIGHWAY ONE	2/11/1993	6/30/2027	1035 CALIFORNIA DR, BURLINGAME, CA 94010-3630
20509800	HILL BUILT CONSTRUCTION	2/10/2026	6/30/2027	--ON FILE--
20500824	HILL-ROM COMPANY INC	7/1/2010	6/30/2027	1 BAXTER PKWY, DEERFIELD, IL 60015-4633
20500743	HILLS POOL SERVICE, INC.	7/7/1981	6/30/2027	23 EDWARDS CT, BURLINGAME, CA 94010-2413
20504206	HILTON SAN FRANCISCO AIRPORT	10/21/1983	6/30/2027	600 AIRPORT BLVD, BURLINGAME, CA 94010-1978
20508400	HIMALI BISTRO	8/1/2024	6/30/2026	1251 BROADWAY, BURLINGAME, CA 94010-3423
20506396	HINGE BIO INC	10/17/2019	6/30/2026	863 MITTEN RD, BURLINGAME, CA 94010-1307
20502422	HINOJOSA ROOFING INC	3/21/2021	6/30/2027	167 14TH AVE, SAN FRANCISCO, CA 94118-1006
20507592	HINT OF BEAUTY STUDIO	11/1/2023	6/30/2026	218 PRIMROSE RD, BURLINGAME, CA 94010-4208
20506436	HIOSSEN, INC.	7/1/2008	6/30/2027	700 AIRPORT BLVD # 180, BURLINGAME, CA 94010-1981
20506539	HIQ AVIATION SERVICES LLC	7/22/2009	6/30/2027	535 ALMER RD # 3, BURLINGAME, CA 94010-7739
20501361	HISTORICANA	2/10/1987	6/30/2027	--ON FILE--
20500257	HJS PROP. & INVEST./ SECURED ASSET MGT	7/8/1991	6/30/2027	1425 BROADWAY # 12, BURLINGAME, CA 94010-3435
20509878	HMA CONSTRUCTION LLC	4/15/2026	6/30/2026	1043 ALBERNI ST, EAST PALO ALTO, CA 94303-1006
20506190	HMH EDUCATION COMPANY	7/1/2008	6/30/2027	9400 SOUTHPARK CENTER LOOP, ORLANDO, FL 32819-8647
20508425	HODGES DESIGNS	8/1/2024	6/30/2027	533 AIRPORT BLVD # 400, BURLINGAME, CA 94010-2028
20510116	HOKKAIDO BAKERY	7/1/2026	6/30/2027	10271 TORRE AVE, CUPERTINO, CA 95014-2183
20508238	HOLIDAY INN EXPRESS SAN FRANCISCO AIRPORT SOUTH	4/12/2023	6/30/2027	1250 BAYSHORE HWY, BURLINGAME, CA 94010-1888
20502464	HOLIDAYPOP	10/24/2017	6/30/2027	2005 MURCHISON DR, BURLINGAME, CA 94010-5396
20506031	HOLLAND SERVICE	7/7/1981	6/30/2026	1025 CALIFORNIA DR, BURLINGAME, CA 94010-3630
20509516	HOLLYWOOD CONNECTION	1/22/2026	6/30/2026	5161 LANKERSHIM BLVD STE 250, NORTH HOLLYWOOD, CA 91601-4963
20502446	HOME	8/29/2011	6/30/2027	1225 CALIFORNIA DR, BURLINGAME, CA 94010-3431
20507734	HOME BY THE SHARP GROUP	1/1/2024	6/30/2027	--ON FILE--
20504999	HOME DEPOT PRO	2/3/2019	6/30/2027	2455 PACES FERRY RD, ATLANTA, GA 30339
20509045	HOME HEALTH BAY AREA INC	6/1/2025	6/30/2027	1633 BAYSHORE HWY # 333, BURLINGAME, CA 94010-1515
20500483	HOME HEALTH RESOURCE GROUP	3/15/2016	6/30/2027	433 AIRPORT BLVD STE 140, BURLINGAME, CA 94010-2017
20502337	HOME SAFETY SERVICES	10/13/2017	6/30/2027	890 COWAN RD STE G, BURLINGAME, CA 94010-1208
20504799	HOMEGUARD INCORPORATED	11/16/2007	6/30/2027	510 MADERA AVE, SAN JOSE, CA 95112-2918
20500420	HOMELIN INTERNATIONAL (HOMELIN.COM)	2/18/2016	6/30/2027	533 AIRPORT BLVD # 400, BURLINGAME, CA 94010-2028
20501804	HOMEWOOD VENTURES	5/10/2017	6/30/2027	624 DORCHESTER RD, SAN MATEO, CA 94402-1024
20508521	HON TSAI INC	9/9/2024	6/30/2026	1107 FAIR OAKS AVE # 137, SOUTH PASADENA, CA 91030-3398
20505117	HONEST GENERAL CONSTRUCTION INC.	6/3/2019	6/30/2027	477 BLOOMFIELD RD, BURLINGAME, CA 94010-2757
20507705	HONEY BADGER BROTHERS CONSTRUCTION	12/20/2023	6/30/2027	--ON FILE--
20500356	HONEYWELL INTERNATIONAL INC	7/1/2003	6/30/2027	222 S WESTMONTE DR STE 200, ALTAMONTE SPRINGS, FL 32714-4268
20509680	HONOR CREMATIONS	12/29/2025	6/30/2026	800 AIRPORT BLVD STE 301, BURLINGAME, CA 94010-1919
20506186	HOOKED ON SOLAR, INC.	7/24/2015	6/30/2027	2571 WARREN DR, ROCKLIN, CA 95677-2167
20509444	HOT LINE CONSTRUCTION, INC.	8/18/2025	6/30/2027	9020 BRENTWOOD BLVD STE H, BRENTWOOD, CA 94513-4049
20501069	HOUSE CO CONSTRUCTION	7/1/2016	6/30/2027	1245 HOWARD AVE, BURLINGAME, CA 94010-4216
20502900	HOUSE CONSTRUCTION, INC.	11/17/2020	6/30/2027	63 VIA PICO PLZ # 429, SAN CLEMENTE, CA 92672-3845
20509994	HOUSE FLOWERS	10/27/2025	6/30/2026	--ON FILE--
20509347	HOUSING ENDOWMENT AND REGIONAL TRUST OF SAN MATEO	10/2/2023	6/30/2027	2905 S EL CAMINO REAL, SAN MATEO, CA 94403-2730
20500688	HP COMMUNICATIONS, INC.	4/10/2020	6/30/2027	13341 TEMESCAL CANYON RD, CORONA, CA 92883-4980
20510101	HUAFA CENTURY LLC	5/1/2026	6/30/2027	111 ANZA BLVD STE 406, BURLINGAME, CA 94010-1916
20504014	HUE & CRY INC	4/17/2012	6/30/2027	1751 BRUCE DR, ANDERSON, CA 96007-4126
20503028	HUGHSON & MERTON, INC.	8/17/1981	6/30/2026	845 MALCOLM RD, BURLINGAME, CA 94010-1409
20503189	HUMBERTO VALENCIA LANDSCAPING	7/2/2012	6/30/2027	--ON FILE--
20509235	HY-TECH CONSTRUCTION INC	8/1/2025	6/30/2026	550 MARINE VIEW AVE STE G, BELMONT, CA 94002-2572
20500020	HYATT REGENCY SAN FRANCISCO AIRPORT	5/24/1988	6/30/2027	1333 BAYSHORE HWY, BURLINGAME, CA 94010-1886
20500828	HYLAND CONTRACTORS INC	6/4/2020	6/30/2027	PO BOX 1143, SAN CARLOS, CA 94070-1214
20500851	HYLAND DESIGN GROUP	6/4/2020	6/30/2026	1213 SAN CARLOS AVE, SAN CARLOS, CA 94070-2419
20506803	HYPERTABLE INC	11/2/2009	6/30/2027	2999 CANYON RD, BURLINGAME, CA 94010-6016
20506362	HYUNDAI CAPITAL AMERICA	9/7/2015	6/30/2027	555 AIRPORT BLVD, BURLINGAME, CA 94010-2000
20510221	I PLUMB, INC.	7/30/2026	6/30/2027	--ON FILE--
20505680	IBSS GROUP INC.	2/1/2015	6/30/2027	111 ANZA BLVD # 110, BURLINGAME, CA 94010-1918
20509789	IBUILD DESIGN & CONSTRUCTION INC.	2/5/2026	6/30/2027	533 AIRPORT BLVD STE 400, BURLINGAME, CA 94010-2028
20505779	IC FIRE	7/1/2008	6/30/2027	--ON FILE--
20505555	IC REFRIGERATION SERVICE INC	11/7/2014	6/30/2027	2216 ROCKEFELLER DR, CERES, CA 95307-7201
20509577	ICE HEATING & COOLING INC	11/13/2025	6/30/2026	--ON FILE--
20508382	ICF ENVIRONMENTAL, INC.	3/2/2023	6/30/2027	1902 RESTON METRO PLZ, RESTON, VA 20190-5231
20500263	ICHINYOSHA INTERNATIONAL U.S.A., INC.	8/7/1991	6/30/2027	1200 HOWARD AVE # 203, BURLINGAME, CA 94010-4223
20504875	ICS - INTEGRATED COMMUNICATION SYSTEMS	2/10/2014	6/30/2027	6680 VIA DEL ORO, SAN JOSE, CA 95119-1392
20501929	IDEAL ELECTRIC	1/4/2021	6/30/2026	397 STAMBAUGH ST # 1, REDWOOD CITY, CA 94063-2494
20504296	IDEAL EYES OPTOMETRY	8/1/2013	6/30/2027	1403 BURLINGAME AVE, BURLINGAME, CA 94010-4110
20503583	IDEAL ROOTER & PLUMBING LLC	8/9/2021	6/30/2027	1207 NIMITZ DR, DALY CITY, CA 94015-3622
20503753	IDG CONSULTING INC.	8/3/2018	6/30/2027	533 AIRPORT BLVD # 400, BURLINGAME, CA 94010-2028
20504996	IE GENERAL CONST, INC	4/7/2014	6/30/2026	110 S IDAHO ST, SAN MATEO, CA 94401-2934
20500077	IKE'S LOVE & SANDWICHES	10/23/2015	6/30/2027	1400 HOWARD AVE, BURLINGAME, CA 94010-4202
20500781	IL FORNAIO (AMERICA) LLC	3/10/1995	6/30/2027	327 LORTON AVE, BURLINGAME, CA 94010-4116
20504771	ILKE STUDIO	1/1/2022	6/30/2027	1609 BALBOA AVE, BURLINGAME, CA 94010
20509229	ILLUMINATE SOLAR COMPANY	7/15/2025	6/30/2026	5915 OAK ST, LOOMIS, CA 95650-8922
20509359	ILUM ENERGY SOLUTIONS	8/20/2025	6/30/2026	4135 NORTHGATE BLVD STE 9, SACRAMENTO, CA 95834-1226
20504159	IMAGETEQ TECHNOLOGIES, INC.	2/10/2006	6/30/2027	533 AIRPORT BLVD, BURLINGAME, CA 94010-2018
20502251	IMAGINE CULINARY GROUP, INC	7/8/2011	6/30/2026	--ON FILE--
20508451	IMAGINE CULINARY GROUP, INC.	8/12/2024	6/30/2027	301 AIRPORT BLVD, BURLINGAME, CA 94010-2073
20501387	IMMOBILIARE MANAGEMENT LLC	7/1/2016	6/30/2027	877 MALCOLM RD, BURLINGAME, CA 94010-1406
20500864	IMPACT PAPER & INK	10/3/1995	6/30/2027	1590 GILBRETH RD, BURLINGAME, CA 94010-1605
20506597	IMPACT SALON	11/18/2019	6/30/2027	1205 CAPUCHINO AVE, BURLINGAME, CA 94010-3403
20508381	IMPERIAL BAG & PAPER CO, LLC	7/1/2024	6/30/2027	1865 MOUNTAIN VIEW AVE, LOMA LINDA, CA 92354-1722
20500554	IN & OUT PLUMBING	7/1/2010	6/30/2027	184 HARBOR WAY, S SAN FRANCISCO, CA 94080-6108
20501244	IN LINE CONNECTION	7/1/2016	6/30/2027	1023 EDWARDS RD, BURLINGAME, CA 94010-2318
20504739	INCA MARBLE AND GRANITE LP	10/16/2007	6/30/2027	1675 ROLLINS RD # H1, BURLINGAME, CA 94010-2320
20509911	INCOMPLI	4/6/2026	6/30/2026	85 ARGONAUT STE 210, ALISO VIEJO, CA 92656-4105
20503103	INCREDIFLIX INC	7/12/2021	6/30/2027	850 BULRINGAME AVE, BURLINGAME, CA 94010
20507087	INDASPEC LLC	3/17/2023	6/30/2027	976 S FIRST ST, SAN JOSE, CA 95110
20502469	INDUSTRIAL AUTOMATION AND ELECTRICAL SERVICES	10/11/2017	6/30/2026	733 NEUCHATEL AVE, BURLINGAME, CA 94010-3706
20501519	INDUSTRIAL ELECTRIC	7/1/2010	6/30/2027	1417 COLDWELL AVE, MODESTO, CA 95350-5703
20507314	INFANTE BUILDERS INC	7/10/2023	6/30/2027	4471 ALUM ROCK AVE, SAN JOSE, CA 95127-2908
20505712	INFINITE AUTO GROUP	2/3/2015	6/30/2026	1327 MARSTEN RD, BURLINGAME, CA 94010-2405
20503882	INFINITY TECHNOLOGIES	9/13/2021	6/30/2027	PO BOX 582404, ELK GROVE, CA 95758-0041
20506469	INFINIUM SOLAR	7/20/2022	6/30/2027	1190 DELL AVE, CAMPBELL, CA 95008-6614
20505633	INFOFLEX INC	7/1/2008	6/30/2027	1025 CADILLAC WAY, BURLINGAME, CA 94010-2569
20510064	INFRASERVICES GROUP WIRELESS LLC	6/1/2026	6/30/2027	1787 SENTRY PKWY W STE 100, BLUE BELL, PA 19422-2240
20504037	INGRAM FIRE PROTECTION INC.	10/1/2021	6/30/2027	22215 MEEKLAND AVE, HAYWARD, CA 94541-3855
20502736	INKED BEAUTY BAR	6/1/2021	6/30/2027	1419 BURLINGAME AVE P1, BURLINGAME, CA 94010-4119
20501899	INNOVATIVE CUSTOM BUILDERS, INC.	1/2/2021	6/30/2027	633 QUARRY RD UNIT A, SAN CARLOS, CA 94070-2391
20500704	INNOVATIVE MECHANICAL INC	10/5/2010	6/30/2027	1141 OLD COUNTY RD, BELMONT, CA 94002-3941
20506274	INNOVATIVE PATHWAYS, INC.	3/31/2009	6/30/2027	1534 PLAZA LN # 358, BURLINGAME, CA 94010-3204
20509662	INSIGHT5	1/1/2025	6/30/2027	--ON FILE--
20502505	INSITE DESIGN INC	8/14/2001	6/30/2027	1534 PLAZA LN # 318, BURLINGAME, CA 94010-3204
20508259	INSPIRE MEDICAL SYSTEMS INC.	1/10/2023	6/30/2027	5500 WAYZATA BLVD # 1600, GOLDEN VALLEY, MN 55416-1237
20501782	INTEGRATED FREIGHT SOLUTIONS, INC.	5/17/1999	6/30/2027	851 HINCKLEY RD, BURLINGAME, CA 94010-1502
20504035	INTEGRITY GENERAL CONSTRUCTION, INC.	4/23/2013	6/30/2026	6748 MISSION ST, DALY CITY, CA 94014-2031
20507428	INTEGRUM CONSTRUCTION	8/16/2023	6/30/2026	--ON FILE--
20501160	INTELLIGENT TECHNOLOGIES & SERVICES INC	3/3/1997	6/30/2027	1031 SERPENTINE LN STE 101, PLEASANTON, CA 94566-4799
20505496	INTENTIONAL HEALTH	10/20/2014	6/30/2027	851 BURLWAY RD #316, BURLINGAME, CA 94010-1725
20503804	INTER-PACIFIC PUBLICATIONS,INC	1/10/2005	6/30/2027	111 ANZA BLVD # 304, BURLINGAME, CA 94010-1932
20501503	INTERCITY METRO CLEANERS	7/1/2010	6/30/2027	438 S AIRPORT BLVD, S SAN FRANCISCO, CA 94080-6908
20501724	INTERFACE ENGINEERING, INC.	1/26/2011	6/30/2027	100 SW MAIN ST STE 1600, PORTLAND, OR 97204-3254
20510137	INTERIOR GLASS INC.	6/22/2026	6/30/2027	486 SANTA ANA AVE, SAN JOSE, CA 95112-2944
20500840	INTERIOR SOLUTIONS BY ASHLEY CANTY	7/1/2010	6/30/2026	--ON FILE--
20504708	INTERMOUNTAIN INFRASTRUCTURE GROUP, LLC	7/1/2018	6/30/2027	533 AIRPORT BLVD # 400, BURLINGAME, CA 94010-2028
20500063	INTERNATIONAL BEVERAGE	1/18/1989	6/30/2027	1199 HOWARD AVE # 350, BURLINGAME, CA 94010-4274
20509368	INTERNATIONAL BUILDING INVESTMENT INC	8/29/2025	6/30/2027	6117 GRANT AVE, CARMICHAEL, CA 95608-3331
20500130	INTERNATIONAL FINE ARTS	8/19/1981	6/30/2026	--ON FILE--
20505510	INTERNATIONAL HERBAL INC.	4/1/2022	6/30/2027	1818 GILBRETH RD UNIT 220, BURLINGAME, CA 94010-1222
20506641	INTERNATIONAL WATERS	4/1/2022	6/30/2027	1201 CABRILLO AVE, BURLINGAME, CA 94010-4804
20503812	INTERO REAL ESTATE SERVICES	8/15/2018	6/30/2027	200 PARK RD, BURLINGAME, CA 94010-4206
20508000	INTERSTATE CONCRETE PUMPING, INC.	2/5/2024	6/30/2027	11180 VALLEJO CT, FRENCH CAMP, CA 95231
20505221	INTERSTATE GAS SUPPLY, INC.	7/3/2014	6/30/2027	6100 EMERALD PKWY, DUBLIN, OH 43016-3248
20502474	INTERSTATE TRAFFIC CONTROL PRODUCTS	9/7/2011	6/30/2027	1700 INDUSTRIAL RD STE B, SAN CARLOS, CA 94070-4156
20508036	INTREPID ELECTRONIC SYSTEMS, INC.	3/4/2024	6/30/2027	520 2ND AVE, CROCKETT, CA 94525-1107
20500638	INVESTIGATIVE ANALYSIS	3/31/1994	6/30/2027	1028 CORTEZ AVE, BURLINGAME, CA 94010-4911
20502102	IONUT CONSTRUCTION	1/29/2021	6/30/2027	20881 WILBEAM AVE APT 11, CASTRO VALLEY, CA 94546-5818
20501278	IPS GROUP INC	11/17/2016	6/30/2027	PO BOX 319, ALPHARETTA, GA 30009-0374
20508456	IQV CONSTRUCTION & ROOFING	8/15/2024	6/30/2026	877 CHESTNUT ST, SAN JOSE, CA 95110-1810
20505703	IRBIS HVAC	4/20/2022	6/30/2027	2220 LUNDY AVE STE 10, SAN JOSE, CA 95131-1816
20500557	IRINA YALCIN	7/1/2010	6/30/2027	311 PRIMROSE RD, BURLINGAME, CA 94010-4004
20505682	IRISH CONSTRUCTION	8/13/2019	6/30/2027	19490 MONTEREY RD, MORGAN HILL, CA 95037
20504965	IRON MOUNTAIN	7/1/2018	6/30/2027	50 BRODERICK, BURLINGAME, CA 94010
20503337	IRON MOUNTAIN	9/15/2003	6/30/2026	1333 BAYSHORE HWY, BURLINGAME, CA 94010-1886
20500463	IRON MOUNTAIN INFORMATION MANAGEMENT LLC	7/1/2009	6/30/2027	730 FREELAND STATION RD, NASHVILLE, TN 37228-1002
20507688	IRON ROCK CONSTRUCTION INC	1/2/2024	6/30/2026	1433 N CAROLAN AVE, BURLINGAME, CA 94010-2403
20507403	IRONCORE CONSTRUCTION LLC	10/1/2023	6/30/2027	4429 MORENA BLVD, SAN DIEGO, CA 92117-4325
20504294	IRWIN CHOW, M.D., INC	7/1/2006	6/30/2027	2841 LAS PIEDRAS DR, BURLINGAME, CA 94010-5727
20510209	ISAAM CONSTRUCTION INC	7/23/2026	6/30/2027	--ON FILE--
20506810	ISEC INCORPORATED	11/6/2009	6/30/2027	6000 GREENWOOD PLAZA BLVD#200, GREENWOODVILLAGE, CO 80111
20506636	ISHI LIMOUSINE INC	7/1/2009	6/30/2027	1842 EL CAMINO REAL #3, BURLINGAME, CA 94010-3134
20500209	IT'S IT ICE CREAM CO.	7/1/1983	6/30/2027	865 BURLWAY RD, BURLINGAME, CA 94010-1705
20501203	ITALFOODS, INC	7/1/2010	6/30/2027	205 SHAW RD, SOUTH SAN FRANCISCO, CA 94080-6605
20510175	ITALKRAFT LLC	7/9/2026	6/30/2027	--ON FILE--
20509001	ITPIPES OPCO LLC	7/1/2025	6/30/2027	9450 SW GEMINI DR PMB 26914, BEAVERTON, OR 97008-0105
20501258	ITU CONSTRUCTION, INC.	11/14/2016	6/30/2026	1367 THOMAS AVE, SAN FRANCISCO, CA 94124-3305
20505913	ITW FOOD EQUIPMENT GROUP LLC HOBART	7/1/2008	6/30/2027	701 S RIDGE AVE, TROY, OH 45373-5501
20505583	IV TRAVEL INC	12/1/2014	6/30/2027	1552 VANCOUVER AVE, BURLINGAME, CA 94010-5538
20508678	IVANA'S INTERIORS	11/18/2024	6/30/2027	1204 BURLINGAME AVE STE 5A, BURLINGAME, CA 94010-4147
20507095	IWAI NORTH AMERICA, INC.	3/15/2023	6/30/2027	533 AIRPORT BLVD # 380, BURLINGAME, CA 94010-2043
20507251	J & A GENERAL CONSTRUCTION	6/1/2023	6/30/2026	--ON FILE--
20501435	J & B LEAK FINDERS	7/1/2007	6/30/2027	--ON FILE--
20500559	J & C SAFETY 1ST FIRE PROTECTING INC.	4/5/2016	6/30/2027	26203 PRODUCTION AVE STE 8, HAYWARD, CA 94545-3734
20503206	J AND J AIR CONDITIONING	5/1/2018	6/30/2027	1086 N 11TH ST, SAN JOSE, CA 95112-2927
20510093	J B & B CONSTRUCTION INC	7/15/2026	6/30/2027	4532 MORNING BROOK LN, TRACY, CA 95377-8253
20509573	J C E BUILDINGS AND DEVELOPMENT INC	11/14/2025	6/30/2026	--ON FILE--
20502098	J D CESARE LANDSCAPE CONSTRUCTION	4/10/1986	6/30/2027	711 BAYSWATER AVE, BURLINGAME, CA 94010-3036
20505091	J LEWIS ELECTRIC	11/8/2012	6/30/2026	PO BOX 5146, SAN MATEO, CA 94402-0196
20500353	J P LINDSTROM INC	7/20/1992	6/30/2027	1015 CALIFORNIA DR, BURLINGAME, CA 94010-3630
20505092	J PERRETTI BUILDER	2/10/2022	6/30/2027	287 HEDGE RD, MENLO PARK, CA 94025-1711
20503373	J SULLIVAN CONSTRUCTION CORP.	1/21/2025	6/30/2027	--ON FILE--
20508751	J&J CLOSET HARMONY	1/6/2025	6/30/2027	--ON FILE--
20500391	J&M MOTORS, INC	12/9/1992	6/30/2027	50 CALIFORNIA DR, BURLINGAME, CA 94010-4494
20509947	J. GERSTENKORN BUILDERS INC.	5/4/2026	6/30/2027	--ON FILE--
20500861	J.E. BROWN CO. MECHANICAL CONTRACTORS	9/25/1995	6/30/2027	78 SHOTWELL ST, SAN FRANCISCO, CA 94103-3626
20500044	J.F. OHLUND, INC	9/19/1988	6/30/2027	14442 SKYLINE BLVD, REDWOOD CITY, CA 94062-6800
20501429	J.J.R. CONSTRUCTION INC	3/3/1998	6/30/2027	1120 9TH AVE, SAN MATEO, CA 94402-1426
20507512	J.R. PIERCE PLUMBING CO. INC., OF SACRAMENTO	9/4/2023	6/30/2027	3610 CINCINNATI AVE, ROCKLIN, CA 95765-1203
20501407	J5 INFRASTRUCTURE PARTNERS	1/4/2017	6/30/2026	23 MAUCHLY STE 110, IRVINE, CA 92618-2330
20508766	J8 HOT PILATES & YOGA	12/9/2024	6/30/2027	1863 EL CAMINO REAL, BURLINGAME, CA 94010-3220
20507339	JA ROOFING	7/31/2023	6/30/2026	612 HEMLOCK AVE, SOUTH SAN FRANCISCO, CA 94080-1501
20504592	JAB CONSTRUCTION CO LTD	5/30/2007	6/30/2027	890 MAHLER RD # C, BURLINGAME, CA 94010-1604
20503496	JACOBO GARDEN SERVICE	7/30/2012	6/30/2027	--ON FILE--
20505565	JACOBO ORTIZ GARDENING SERVICES	7/30/2019	6/30/2027	925 S FREMONT ST, SAN MATEO, CA 94402-1811
20507319	JACQUELINE TOVAR SPEECH THERAPY	7/15/2023	6/30/2027	--ON FILE--
20509468	JADE FIRE PROTECTION INC	9/29/2025	6/30/2026	--ON FILE--
20507974	JAE AGENCY	2/1/2024	6/30/2027	851 BURLWAY RD # 900, BURLINGAME, CA 94010-1722
20508322	JALOS CONSTRUCTION INC	7/1/2024	6/30/2026	--ON FILE--
20508166	JAMAROO KIDS	5/8/2024	6/30/2027	2119 UNION ST, SAN FRANCISCO, CA 94123-4003
20502108	JAMES CACCIA PLUMBING INC	8/3/1981	6/30/2027	1660 GILBRETH RD, BURLINGAME, CA 94010-1408
20505656	JAMES CHU IT CONSULTING	7/1/2008	6/30/2027	--ON FILE--
20506755	JAMES F TAFF	7/1/2009	6/30/2027	4700 T ST, SACRAMENTO, CA 95819-4746
20507423	JAMES' ELECTRIC COMPANY	8/14/2023	6/30/2027	1926 42ND AVE, SAN FRANCISCO, CA 94116-1021
20507000	JAMZ CONSTRUCTION	1/16/2023	6/30/2026	1101 HORIZON DR #106, FAIRFIELD, CA 94533-1688
20504160	JANET TSANG, MD	10/1/2021	6/30/2027	345 LORTON AVE # 104, BURLINGAME, CA 94010-4134
20501182	JANI-KING OF CALIFORNIA, INC	7/1/2010	6/30/2027	16885 DALLAS PKWY, ADDISON, TX 75001-5202
20505353	JANIE AND JACK #0938	7/9/2019	6/30/2027	1202 BURLINGAME AVE, BURLINGAME, CA 94010-4128
20504694	JAPAN CORPORATE ADVISORY	12/6/2013	6/30/2027	345 LORTON AVE STE 306, BURLINGAME, CA 94010-4136
20505517	JAPANESE ACUPUNCTURE KEI'S CLINIC, INC.	1/3/2022	6/30/2027	1818 GILBRETH RD STE 218, BURLINGAME, CA 94010-1223
20504469	JARADAT INC	1/18/2019	6/30/2027	1200 HOWARD AVE # 106, BURLINGAME, CA 94010-4223
20505013	JARIS INC.	10/1/2018	6/30/2027	1409 CHAPIN AVE MEZZANINE, BURLINGAME, CA 94010
20504254	JARQUIN GROOMERS INC.	1/1/2021	6/30/2027	217 WEST LN, BURLINGAME, CA 94010-2832
20501767	JARRETT INTERIORS	9/1/2010	6/30/2027	--ON FILE--
20501597	JAS FORWARDING (USA), INC.	12/22/2010	6/30/2027	800 AIRPORT BLVD # 518, BURLINGAME, CA 94010-1930
20504337	JASK DIGITAL PRINT & COPY SOLUTIONS	8/17/2006	6/30/2027	1521 BAYSHORE HWY, BURLINGAME, CA 94010-1602
20508306	JAVIER TAPIA ROOFING	6/24/2024	6/30/2026	110 MANZANITA ST, REDWOOD CITY, CA 94063-2815
20509756	JAYLI'S COCINA LLC	1/1/2026	6/30/2027	1199 BROADWAY STE 2, BURLINGAME, CA 94010-3493
20509024	JAZO BUILDING	4/18/2025	6/30/2026	216 NORTHWOOD DR, SOUTH SAN FRANCISCO, CA 94080-5831
20508625	JAZZ HEATING AND AIR CONDITIONING LLC	10/1/2024	6/30/2026	2158 RHEEM DR, PLEASANTON, CA 94588-2775
20502558	JB DESIGNS INC	10/10/2014	6/30/2027	229 BOARDWALK AVE APT A, SAN BRUNO, CA 94066-2211
20510190	JC CONSTRUCTION	8/1/2026	6/30/2027	--ON FILE--
20505943	JC INTERNATIONAL	8/27/1982	6/30/2027	340 LORTON AVE, BURLINGAME, CA 94010-4151
20500464	JDH CORROSION CONSULTANTS, INC.	3/1/2016	6/30/2027	1100 WILLOW PASS CT, CONCORD, CA 94520-1006
20500989	JEANNE GEE DESIGN, LLC	7/1/2020	6/30/2027	1041 CORTEZ, BURLINGAME, CA 94010
20501501	JEMCOR CONSTRUCTION PARTNERS, INC.	11/1/2020	6/30/2026	1700 S EL CAMINO REAL STE 400, SAN MATEO, CA 94402-3050
20501582	JENNA BAYER GARDEN DESIGN	2/27/2017	6/30/2027	1954 OLD MIDDLEFIELD WAY B, MOUNTAIN VIEW, CA 94043-2577
20507642	JENNIFER STATHOPOULOS DESIGN, LLC	12/1/2023	6/30/2027	--ON FILE--
20503439	JENS PROPERTIES	8/20/1981	6/30/2027	100 EL CAMINO REAL # 202, BURLINGAME, CA 94010-5280
20510142	JERALD CONSTRUCTION	7/1/2026	6/30/2027	--ON FILE--
20505194	JERICHO PROJECT	2/23/2022	6/30/2027	430 VALLEY DR, BRISBANE, CA 94005-1210
20509558	JESMAR MECHANICAL INC	11/17/2025	6/30/2027	2713 BOEING WAY, STOCKTON, CA 95206-3983
20505607	JESSE OSOSKI ART INC	9/1/2014	6/30/2027	--ON FILE--
20501499	JESSICA BRENNER EDUCATIONAL CONSULTING	2/6/2017	6/30/2026	--ON FILE--
20502084	JESSICA SIN DESIGNS (JSD)	8/7/2017	6/30/2027	--ON FILE--
20505914	JESSIE LIU	9/26/2019	6/30/2026	347 PRIMROSE RD SUTIE C, BURLINGAME, CA 94010
20506899	JEWELS OF MONACO, INC.	6/1/2022	6/30/2026	253 PARK RD, BURLINGAME, CA 94010-4205
20505736	JF BRENNAN COMPANY, INC.	4/25/2022	6/30/2027	818 BAINBRIDGE ST, LA CROSSE, WI 54603-1560
20500374	JFC INTERNATIONAL INC	7/1/2009	6/30/2027	48490 MILMONT DR, FREMONT, CA 94538-7326
20501200	JFK FIRE PROTECTION	7/8/2003	6/30/2027	680 PILGRIM DR, FOSTER CITY, CA 94404-1708
20508028	JILLIAN MC INTYRE	4/1/2023	6/30/2027	--ON FILE--
20501711	JIM NAGEL	3/8/1999	6/30/2027	2337 POPPY DR, BURLINGAME, CA 94010-5529
20509946	JIMENEDA BUILDERS	4/24/2026	6/30/2027	130 LEWIS RD STE 8, SAN JOSE, CA 95111-2135
20508853	JIMMY BUILDER	2/19/2025	6/30/2027	--ON FILE--
20504244	JK MARBLE	4/27/2006	6/30/2027	1246 ROLLINS RD, BURLINGAME, CA 94010-2408
20501836	JLB BUILDERS & MILLWORK, INC.	12/9/2020	6/30/2027	25125 SANTA CLARA ST # 286, HAYWARD, CA 94544-2165
20501119	JLC LANDSCAPING & MAINTENANCE	7/1/2010	6/30/2027	PO BOX 25044, SAN MATEO, CA 94402-5618
20506902	JLP INTERIOR DESIGNS	10/1/2022	6/30/2027	--ON FILE--
20503471	JM LEHMAN CONSTRUCTION INC	3/17/2004	6/30/2027	--ON FILE--
20503734	JM PROPERTY SERVICE LLC	12/9/2004	6/30/2027	1572 ROBERTA DR, SAN MATEO, CA 94403-1044
20502366	JMA INVESTMENTS	3/26/2001	6/30/2027	887 MITTEN RD # 200, BURLINGAME, CA 94010-1303
20509874	JMV TREE SERVICE CORP	3/17/2026	6/30/2026	24688 ONEIL AVE, HAYWARD, CA 94544-1628
20510058	JMW CORPORATION	6/1/2026	6/30/2026	120 POWELL ST, SAN MATEO, CA 94401-2033
20504222	JNZ MEDICAL ACUPUNCTURE CENTER, INC.	11/13/2018	6/30/2027	1838 EL CAMINO REAL # 101, BURLINGAME, CA 94010-3105
20509289	JOAN C CHEN PHYSICAL THERAPY PROF CORP	7/25/2025	6/30/2027	--ON FILE--
20505512	JOE & THE JUICE NEW YORK LLC	7/26/2019	6/30/2027	1395 BURLINGAME AVE, BURLINGAME, CA 94010-4108
20507645	JOE CHAN, CPA	11/1/2023	6/30/2027	1336 CAROLAN AVE STE 105, BURLINGAME, CA 94010-2400
20500507	JOE FEENEY CONSTRUCTION	7/20/1993	6/30/2027	--ON FILE--
20502241	JOGG ENTERPRISES/GSF, INC.	9/19/2017	6/30/2027	255 DEMETER ST, PALO ALTO, CA 94303-1304
20504937	JOHAL RENTAL PROPERTIES - FAMILY TRUST	7/1/2018	6/30/2027	337 PRIMROSE, BURLINGAME, CA 94010
20506894	JOHN C LEE ARCHITECTS/PLANNERS, INC.	11/1/2022	6/30/2027	337 BEACH RD D, BURLINGAME, CA 94010
20500450	JOHN E CLIFFORD INC	4/23/1993	6/30/2027	--ON FILE--
20505409	JOHN GAGE - PAINTING CONTRACTOR	8/28/2008	6/30/2027	1452 FLORIBUNDA AVE # 305, BURLINGAME, CA 94010-3813
20500307	JOHN JACKSON MASONRY	7/1/2015	6/30/2027	5960 BRADSHAW RD, SACRAMENTO, CA 95829-9345
20504697	JOHN MORAN & KATHY MORAN	12/15/2021	6/30/2027	--ON FILE--
20502056	JOHN P SPIERS CONSTRUCTION	5/13/2005	6/30/2027	2720 MASON LN, SAN MATEO, CA 94403-2613
20509562	JOHN PHUONG CONSTRUCTION	11/14/2025	6/30/2027	1393 SUNBEAM CIR, SAN JOSE, CA 95122-2647
20506759	JOHN SCHMID DESIGNS	10/1/2022	6/30/2027	--ON FILE--
20506157	JOHN SUTTI & ASSOCIATES, INC.	7/20/1981	6/30/2027	700 AIRPORT BLVD # 410, BURLINGAME, CA 94010-1900
20500181	JOHN WOO CONSTRUCTION CORPORATION	12/30/2019	6/30/2027	--ON FILE--
20509831	JOHNSON CONTROLS BUILDING SOLUTIONS LLC	1/1/2026	6/30/2027	5757 N GREEN BAY AVE, GLENDALE, WI 53209-4408
20500577	JOHNSON CONTROLS FIRE PROTECTION LP	9/30/1993	6/30/2027	PO BOX 3042, BOCA RATON, FL 33431-0942
20500076	JOHNSON CONTROLS SECURITY SOLUTIONS LLC	3/17/1989	6/30/2027	6600 CONGRESS AVE, BOCA RATON, FL 33487-1213
20504340	JOHNSTONE MOYER INC	8/23/2006	6/30/2027	555 OLD COUNTY RD STE 100, SAN CARLOS, CA 94070-2517
20509706	JOHNSTONE-MCAULIFFE CONSTRUCT	1/9/2026	6/30/2027	100 SANTA ROSA 5, PACIFICA, CA 94044
20506792	JOJO NAIL SALON	9/28/2022	6/30/2027	1155 CALIFORNIA DR STE F, BURLINGAME, CA 94010-3560
20505958	JONATHAN HOLOWATY	5/31/2022	6/30/2027	--ON FILE--
20510157	JORDAN ELECTRIC, INC.	7/2/2026	6/30/2027	963 CHESTNUT ST, SAN JOSE, CA 95110-1505
20504747	JORGENSEN INVESTIGATIONS	1/1/2019	6/30/2027	--ON FILE--
20503384	JOSE A. GONZALEZ	7/12/2012	6/30/2026	748 FALLON AVE, SAN MATEO, CA 94401-3118
20503371	JOSE LOZANO GARDENING	7/11/2012	6/30/2026	--ON FILE--
20503406	JOSE MARTINEZ GARDENER SERVICE	7/16/2012	6/30/2027	--ON FILE--
20504179	JOSEPH J. ALBANESE, INC	8/27/2012	6/30/2027	PO BOX 667, SANTA CLARA, CA 95052-0715
20500197	JOSEPH V. ZACCONE, CPA	12/18/2015	6/30/2027	330 PRIMROSE RD #504, BURLINGAME, CA 94010-4031
20509695	JOSH WATT ELECTRIC INC	1/6/2026	6/30/2026	385 FLORA AVE, HOLLISTER, CA 95023-3041
20506060	JOSHUA J FROERER DDS, APC	7/1/2008	6/30/2027	500 PRIMROSE RD, BURLINGAME, CA 94010-4088
20500607	JOSTENS INC	7/1/2010	6/30/2027	40 0, MINNEAPOLIS, MN 55435
20508655	JOURNEY BUILDERS	11/5/2024	6/30/2027	1897 CONCOURSE DR, SAN JOSE, CA 95131-1729
20502783	JOY'S EUROPEAN TAILORING	3/16/1982	6/30/2026	319 PRIMROSE RD UNIT B, BURLINGAME, CA 94010-4004
20503986	JOYCO INTERNATIONAL INC	4/3/2013	6/30/2027	808 BURLWAY RD # 6, BURLINGAME, CA 94010-1710
20505924	JP ENTERPRISES	1/6/1987	6/30/2027	3315 MARISMA ST, SAN MATEO, CA 94403-3008
20506553	JPMORGAN CHASE BANK, N.A.	7/28/2009	6/30/2027	1430 CHAPIN AVE, BURLINGAME, CA 94010-4003
20501096	JPMORGAN CHASE BANK, N.A.	10/4/2010	6/30/2027	1188 EL CAMINO REAL, BURLINGAME, CA 94010-4917
20506706	JR HOME REMODELING INC	9/9/2022	6/30/2026	355 PALOMAR CT, SAN BRUNO, CA 94066-4711
20509408	JREAL ELECTRIC INC	9/8/2025	6/30/2026	--ON FILE--
20508768	JRM CONSTRUCTION WEST LLC	2/15/2025	6/30/2027	959 S COAST DR # 300, COSTA MESA, CA 92626-7855
20508931	JRT PAINTING	3/10/2025	6/30/2027	--ON FILE--
20504688	JSD INTERPRETING	1/1/2022	6/30/2027	PO BOX 1574, BURLINGAME, CA 94011-1578
20508635	JSNS MANAGEMENT LLC	10/24/2024	6/30/2027	1430 HOWARD AVE, BURLINGAME, CA 94010-4202
20500578	JSOL CORPORATION	4/13/2016	6/30/2027	345 LORTON AVE STE 306, BURLINGAME, CA 94010-4136
20504424	JSQUARE DESIGN STUDIO, INC.	1/14/2019	6/30/2026	1447 N CAROLAN AVE, BURLINGAME, CA 94010-2403
20503359	JUDY HAIRSTYLING	7/9/2021	6/30/2027	1209 CAPUCHINO AVE, BURLINGAME, CA 94010-3403
20509654	JULIAN TREE CARE INC	12/17/2025	6/30/2026	561 JULIGA WOODS ST, RICHMOND, CA 94804-4113
20508872	JULIE MANUEL	2/12/2025	6/30/2027	850 BURLINGAME AVE, BURLINGAME, CA 94010-2899
20501888	JUMPSTARTMD, INC.	4/6/2011	6/30/2027	350 LORTON AVE, BURLINGAME, CA 94010-4104
20506162	JUNIOR CHEF STARS	7/10/2015	6/30/2026	850 BURLINGAME AVE, BURLINGAME, CA 94010-2899
20509193	JUNIORS CONSTRUCTION & REMODELING INC.	8/11/2025	6/30/2026	--ON FILE--
20508805	JUNK KING SOUTH SAN FRANCISCO	1/15/2025	6/30/2027	863 MALCOLM RD, BURLINGAME, CA 94010-1406
20502436	JUST ENERGY SOLUTIONS INC.	7/1/2011	6/30/2027	5251 WESTHEIMER RD STE 1000, HOUSTON, TX 77056-5414
20506558	JUST REWARDS, LLC	8/11/2022	6/30/2026	850 BURLINGAME AVE, BURLINGAME, CA 94010-2899
20502072	JUST TRAVEL	3/31/2000	6/30/2027	713 CROSSWAY RD, BURLINGAME, CA 94010-3704
20507713	JUSTTONE FITNESS	1/1/2024	6/30/2027	42 ADRIAN CT, BURLINGAME, CA 94010-2101
20509629	JW FLOOR COVERING, INC.	1/1/2025	6/30/2027	9881 CARROLL CENTRE RD, SAN DIEGO, CA 92126-4554
20500490	JW HEATING AND AIR CONDITIONING	3/2/2016	6/30/2027	1038 TERMINAL WAY, SAN CARLOS, CA 94070-3227
20503181	JY ELECTRICAL CONST CO INC	4/21/2003	6/30/2026	1390 MARIN ST, SAN FRANCISCO CA 94214
20504501	JYE'S INTERNATIONAL INC.	1/30/2019	6/30/2027	1633 BAYSHORE 136, BURLINGAME, CA 94010
20504958	K AND M CUSTOM HOMES, INC.	7/1/2018	6/30/2027	1425 HOWARD AVE #526, BURLINGAME, CA 94010-4201
20507186	K AND W SANITATION	5/1/2023	6/30/2026	1042, HALF MOON BAY, CA 94019
20501358	K J WOODS CONSTRUCTION INC	3/31/2014	6/30/2027	PO BOX 947, SOUTH SAN FRANCISCO, CA 94083-0994
20501008	K K ROSETTA CO	6/6/1996	6/30/2027	1710 ADRIAN RD # 10, BURLINGAME, CA 94010-2104
20504725	K LINE LOGISTICS (USA) INC.	3/7/2019	6/30/2027	40 BRODERICK RD APT -A, BURLINGAME, CA 94010-2202
20500435	K&E MANAGEMENT, LTD	7/1/2009	6/30/2027	330 PRIMROSE RD STE 404, BURLINGAME, CA 94010-4029
20501860	K&J COMPANY	8/16/1999	6/30/2027	--ON FILE--
20501874	K-DESIGNERS	10/28/2003	6/30/2026	--ON FILE--
20500244	K.F. HOWELL ELECTRIC	7/9/2010	6/30/2027	3390 VISO CT, SANTA CLARA, CA 95054-2625
20500540	K.W. DE ALBA TILE COMPANY	6/22/2010	6/30/2026	955 E SAN CARLOS AVE STE A, SAN CARLOS, CA 94070-2552
20509460	KA LAU CONSTRUCTION, INC	9/26/2025	6/30/2026	414 15TH AVE, SAN FRANCISCO, CA 94118-2809
20504986	KA-BI CONSTRUCTION INC	7/1/2013	6/30/2026	1290 BAYSHORE HWY # 173, BURLINGAME, CA 94010-1806
20509518	KAC MEDIA GROUP INC.	1/1/2026	6/30/2027	--ON FILE--
20505745	KADON CONSTRUCTION INC.	8/21/2019	6/30/2027	114 STANLEY RD, BURLINGAME, CA 94010-2955
20501225	KAESER COMPRESSORS INC	7/1/2010	6/30/2027	511 SIGMA DR, FREDERICKSBURG, VA 22408-7330
20504442	KAI DEVELOPMENT CORP.	7/1/2013	6/30/2027	330 PRIMROSE RD # 409, BURLINGAME, CA 94010-4029
20500705	KAICO AUTO REPAIR	5/26/2016	6/30/2027	26 ANITA RD, BURLINGAME, CA 94010-3018
20502916	KALLIDUS GROUP	7/1/2017	6/30/2027	743 ACACIA DR, BURLINGAME, CA 94010-3701
20500053	KAMRAN EHSANIPOUR, AIA	11/4/1988	6/30/2027	111 ANZA BLVD # 212, BURLINGAME, CA 94010-1910
20506456	KANG ARCHTECTURE STUDIO, INC.	7/1/2022	6/30/2027	--ON FILE--
20500007	KAREN S ROBSON MA	5/6/1988	6/30/2027	405 PRIMROSE RD # 309, BURLINGAME, CA 94010-4047
20504318	KARI MCINTOSH DESIGN	11/1/2021	6/30/2027	275 PRIMROSE RD, BURLINGAME, CA 94010-4207
20501774	KARINABEE	2/22/2011	6/30/2026	--ON FILE--
20500756	KARLA CAHUE	1/14/2016	6/30/2026	850 BURLINGAME AVE, BURLINGAME, CA 94010-2899
20505127	KARP PROPERTY MANAGEMENT & CONSULTING, INC.	7/1/2007	6/30/2027	1209 BURLINGAME AVE, BURLINGAME, CA 94010-4107
20504667	KARPO/BAY AREA MEDIATION	8/9/2007	6/30/2027	1209 BURLINGAME AVE, BURLINGAME, CA 94010-4107
20506489	KARSON WEALTH MANAGEMENT	7/1/2009	6/30/2027	533 AIRPORT BLVD # 400, BURLINGAME, CA 94010-2028
20506980	KARTIK SUNDAR	1/6/2022	6/30/2027	931 CAPUCHINO AVE, BURLINGAME, CA 94010-3647
20509632	KAS 1425 BELLEVUE LLC	9/14/2025	6/30/2027	--ON FILE--
20501355	KASAS BUILDERS INC.	8/27/2020	6/30/2026	--ON FILE--
20503431	KASTLE SYSTEMS OF LOS ANGELES PSP	7/1/2021	6/30/2027	22800 SAVI RANCH PKWY STE 120, YORBA LINDA, CA 92887-4676
20501304	KATHLEEN L DORE	7/1/2010	6/30/2027	1222-1250 ROLLINS RD, BURLINGAME, CA 94010
20505524	KATHRYN HOWE INTERIORS	7/1/2008	6/30/2027	--ON FILE--
20504122	KATHY NAIL	1/11/2006	6/30/2026	1345 HOWARD AVE # 101, BURLINGAME, CA 94010-4250
20501157	KAVANAGH ENGINEERING	9/19/1983	6/30/2027	470 CHATHAM RD, BURLINGAME, CA 94010-2712
20509303	KAYLEA WRIGHT	8/5/2025	6/30/2026	389 HWY 380 W, GRAHAM, TX 76450
20507288	KBI PAINTING INC	6/14/2023	6/30/2027	PO BOX 750397, PETALUMA, CA 94975-0476
20504787	KC FRANKLIN CORPORATION	11/7/2007	6/30/2027	1633 BAYSHORE HWY # 101, BURLINGAME, CA 94010-1515
20505957	KC FRANKLIN FINANCIAL CORP	4/29/2015	6/30/2027	1633 BAYSHORE HWY # 249, BURLINGAME, CA 94010-1588
20502966	KC PAVING INC	9/23/2002	6/30/2027	5920 THORNTON AVE STE E, NEWARK, CA 94560-3843
20502038	KDDI AMERICA, INC.	3/9/2000	6/30/2027	111 ANZA BLVD # 102, BURLINGAME, CA 94010-1918
20509983	KEANE KITCHENS LTD	5/18/2026	6/30/2027	415 OLD COUNTY RD, BELMONT, CA 94002-2547
20505486	KEENAN CAPITAL LLC	10/20/2008	6/30/2027	1229 BURLINGAME AVE #201, BURLINGAME, CA 94010-4132
20508922	KEITH NOFIELD, PROFESSIONAL LAND SURVEYING	3/31/2025	6/30/2027	5178 MOWRY AVE STE 2151, FREMONT, CA 94538-1046
20504772	KEITH WEBER COMPANY	3/21/2019	6/30/2027	--ON FILE--
20500017	KEIVAN EHSANIPOUR CPA	5/19/1988	6/30/2027	800 AIRPORT BLVD # 402, BURLINGAME, CA 94010-1929
20502746	KELLER WILLIAMS PENINSULA ESTATES	1/12/2012	6/30/2027	1430 HOWARD AVE, BURLINGAME, CA 94010-4202
20507040	KELLEY CONSULTIING LLC	1/12/2023	6/30/2027	--ON FILE--
20509722	KELLY HENSON ELECTRIC INC	1/1/2026	6/30/2027	--ON FILE--
20501044	KELLY SERVICES GLOBAL, LLC.	7/1/2016	6/30/2027	999 W BIG BEAVER RD, TROY, MI 48084-4716
20501811	KELLY SERVICES INC	7/6/1999	6/30/2027	999 W BIG BEAVER RD, TROY, MI 48084-4716
20501042	KELLY SERVICES USA, LLC.	7/1/2016	6/30/2027	999 W BIG BEAVER RD, TROY, MI 48084-4716
20509739	KELLY SHOWEN	1/19/2026	6/30/2027	1645 WESTMOOR RD, BURLINGAME, CA 94010-3356
20509240	KEMBCON ENGINEERS	3/3/2018	6/30/2027	1003 EDWARDS RD, BURLINGAME, CA 94010-2318
20500427	KENNEDY/JENKS CONSULTANTS, INC.	5/6/2010	6/30/2027	275 BATTERY ST STE 550, SAN FRANCISCO, CA 94111-3365
20505290	KENNELLY SCHOOL OF IRISH DANCING	7/1/2008	6/30/2027	850 BURLINGAME AVE, BURLINGAME, CA 94010-2899
20507937	KENNETH C. RAY	1/29/2024	6/30/2026	--ON FILE--
20504602	KENNY REALTY	12/1/2018	6/30/2027	100 ARROYO DR, S SAN FRANCISCO, CA 94080
20501415	KENT ROOFING COMPANY	9/8/2020	6/30/2026	1821 S BASCOM AVE 169, CAMPBELL, CA 95008-2309
20508614	KENT TERRY CONSULTING	10/7/2024	6/30/2027	--ON FILE--
20502173	KENYON CONSTRUCTION OF NORTHERN CALIFORNIA.	2/15/2021	6/30/2027	63 TREVARNO RD, LIVERMORE, CA 94551-4931
20506050	KERN JEWELERS	6/30/1981	6/30/2027	214 LORTON AVE, BURLINGAME, CA 94010-4204
20506054	KERWIN GALLERIES	7/7/1981	6/30/2027	--ON FILE--
20500347	KEVIN BURKE TILE INC	7/1/2009	6/30/2027	132 BEACHVIEW AVE, PACIFICA, CA 94044-1512
20506808	KEVIN M SULLIVAN & ASSOCIATES, INC.	10/17/2022	6/30/2027	431 N BUCHANAN CIR STE 2, PACHECO, CA 94553-5147
20501893	KEVIN O'SHEA CONSTRUCTION	7/1/2010	6/30/2027	1444 BENITO AVE, BURLINGAME, CA 94010-5550
20509416	KEVIN REILLY ELECTRIC	9/16/2025	6/30/2026	234 TARAVAL ST, SAN FRANCISCO, CA 94116-1951
20502283	KEYCOM USA CORPORATION	7/13/2011	6/30/2027	533 AIRPORT BLVD STE 400, BURLINGAME, CA 94010-2028
20508831	KEYSTONE BAY ADVISORY LLC	1/21/2025	6/30/2026	--ON FILE--
20508933	KG CONSTRUCTION	3/11/2025	6/30/2027	--ON FILE--
20504426	KGPCO SERVICES, LLC DBA CIRCET USA.	9/4/2013	6/30/2027	1634 ROLLINS RD, BURLINGAME, CA 94010-2302
20508533	KHL FINANCIAL AND INSURANCE SERVICES	10/1/2024	6/30/2027	800 AIRPORT BLVD STE 488, BURLINGAME, CA 94010-1928
20508402	KIDDER MATHEWS	5/1/2024	6/30/2027	101 MONTGOMERY ST STE 1100, SAN FRANCISCO, CA 94104-4127
20504513	KIELTY ARBORIST SERVICES	3/8/2007	6/30/2027	--ON FILE--
20510123	KIELTY ARBORISTS SERVICES LLC	7/1/2026	6/30/2027	--ON FILE--
20502933	KIER & WRIGHT CIVIL ENGINEERS AND SURVEYORS, INC.	5/11/2012	6/30/2027	2850 COLLIER CANYON RD, LIVERMORE, CA 94551-9201
20500657	KILBRIDGE PHYSICAL THERAPY	3/19/2020	6/30/2027	1257 PALOMA AVE, BURLINGAME, CA 94010-3417
20509998	KIM BEAUTY STUDIO	6/1/2026	6/30/2027	218 PRIMROSE RD #15, BURLINGAME, CA 94010-4208
20501254	KIM DONELLAN EDUCATIONAL SERVICES	8/31/2020	6/30/2027	1713 RAY DR, BULRINGAME, CA 94010
20507432	KIMBERLY INTERIORS	8/16/2023	6/30/2027	--ON FILE--
20506036	KIMBERLY YEE	4/8/2015	6/30/2027	850 BURLINGAME AVE, BURLINGAME, CA 94010-2899
20508469	KIMIKANA BEAUTY	9/1/2024	6/30/2027	1205 HOWARD AVE, BURLINGAME, CA 94010-4216
20500777	KIMLEY-HORN AND ASSOCIATES INC	7/1/2010	6/30/2027	421 FAYETTEVILLE ST STE 600, RALEIGH, NC 27601-1777
20506504	KINCAID'S	10/1/2019	6/30/2027	60 BAYVIEW PL, BURLINGAME, CA 94010
20500373	KING CRANE SERVICE	1/31/2020	6/30/2027	1045 COMMERCIAL CT, SAN JOSE, CA 95112-1415
20505508	KING FAMILY IRREVOCABLE TRUST	7/1/2008	6/30/2027	--ON FILE--
20502051	KINGSWOOD CAPITAL	7/28/2017	6/30/2027	301 CALIFORNIA DR #10, BURLINGAME, CA 94010-4142
20505224	KIOTO	7/3/2014	6/30/2027	533 AIRPORT BLVD # 400, BURLINGAME, CA 94010-2028
20506734	KIRBY'S POOL	10/19/2009	6/30/2027	--ON FILE--
20502652	KIRK G CONSTRUCTION	11/17/2011	6/30/2027	--ON FILE--
20508399	KITCHELL/CEM, INC.	9/1/2024	6/30/2027	2450 VENTURE OAKS WAY STE 500, SACRAMENTO, CA 95833-4226
20502942	KITCHEN FANTASTIC	3/2/2018	6/30/2027	7 E AIRWAY BLVD, LIVERMORE, CA 94551-7622
20505406	KITOKU AMERICA, INC.	8/27/2008	6/30/2027	1815 EL CAMINO REAL # 12, BURLINGAME, CA 94010-3223
20510159	KJ HOME BUILDERS	7/6/2026	6/30/2027	5883 WINFIELD BLVD, SAN JOSE, CA 95123-2426
20509906	KLARITY, INC.	3/1/2026	6/30/2027	1313 N CAROLAN AVE, BURLINGAME, CA 94010-2401
20503686	KLEINFELDER	9/17/2004	6/30/2027	770 FIRST AVE 400, SAN DIEGO, CA 92101
20502129	KLM ROYAL DUTCH AIRLINES	8/15/2017	6/30/2026	819 COWAN RD # D, BURLINGAME, CA 94010-1220
20506777	KLN FREIGHT (USA) INC	10/1/2022	6/30/2027	877 MAHLER RD 2ND FL, BURLINGAME, CA 94010
20505896	KLOPF ARCHITECTURE	5/4/2022	6/30/2027	2180 BRYANT ST STE 203, SAN FRANCISCO, CA 94110-2141
20509633	KMS 1425 BELLEVUE LLC	9/14/2025	6/30/2027	--ON FILE--
20509206	KOBIO CONSULTING LLC	7/1/2025	6/30/2027	--ON FILE--
20500093	KOEI TECMO AMERICA CORP	5/5/1989	6/30/2027	831 MITTEN RD STE 216, BURLINGAME, CA 94010-1300
20501512	KOFFLER ELECTRICAL MECHANICAL APPARATUS REPAIR INC	7/1/2010	6/30/2027	527 WHITNEY ST, SAN LEANDRO, CA 94577-1113
20508920	KOHLER SIGNATURE STORE	3/15/2025	6/30/2027	255 LORTON AVE, BURLINGAME, CA 94010-4203
20503422	KOJIMA PRODUCTIONS USA, INC.	6/20/2018	6/30/2027	345 LORTON AVE STE 306, BURLINGAME, CA 94010-4136
20501813	KONE INC.	7/31/1981	6/30/2027	1 KONE CT, MOLINE, IL 61265-1337
20505953	KONICA MINOLTA BUSINESS SOLUTIONS USA INC	7/1/2008	6/30/2027	100 WILLIAMS DR, RAMSEY, NJ 07446-2923
20502347	KOOMEY ANALYTICS	8/5/2011	6/30/2027	1224 BERNAL AVE, BURLINGAME, CA 94010-5619
20504125	KORE PROPERTY MANAGEMENT	9/1/2018	6/30/2027	8888 W OLYMPIC BLVD, BEVERLY HILLS, CA 90211-3618
20503408	KOROSEAL INTERIOR, PRODUCTS, LLC.	1/8/2004	6/30/2026	1290 BAYSHORE HWY # 250, BURLINGAME, CA 94010-1821
20508434	KOROTKIN ASSOCIATES	8/1/2024	6/30/2027	21 PATTERSON ST, SAN FRANCISCO, CA 94124-1328
20501089	KOTOBUKI-YA, INC	11/18/1996	6/30/2027	--ON FILE--
20504992	KPFF CONSULTING ENGINEERS	7/1/2007	6/30/2027	1601 5TH AVE #1600, SEATTLE, WA 98101-3665
20502925	KR WHITE	3/26/2015	6/30/2026	--ON FILE--
20505100	KRAKOW COMPANY	7/1/2007	6/30/2027	--ON FILE--
20505374	KRISTINA ELANINA HAIR	3/1/2022	6/30/2026	1200 HOWARD AVE # 103, BURLINGAME, CA 94010-4223
20508651	KRISTINE DONELLAN	11/1/2024	6/30/2027	--ON FILE--
20501973	KRJ DESIGN GROUP INC	5/6/2011	6/30/2027	205 DE ANZA BLVD, SAN MATEO, CA 94402-3969
20509342	KRONOCRAFT CABINET INC	8/1/2025	6/30/2027	870 MAHLER RD, BURLINGAME, CA 94010-1604
20509499	KROY CONSTRUCTION LLC	10/10/2025	6/30/2026	--ON FILE--
20505154	KS CHANNING ROAD ELECTRIC	7/1/2007	6/30/2027	1336 N CAROLAN AVE # 205, BURLINGAME, CA 94010-2400
20502126	KSAB LLC	2/1/2021	6/30/2027	20 VICTORIA RD, BURLINGAME, CA 94010-2957
20509856	KSG SOLAR SERVICES INC.	4/1/2026	6/30/2027	--ON FILE--
20505431	KSI LLC	3/21/2022	6/30/2027	--ON FILE--
20500900	KT PRODUCTIONS, INC.	7/1/2020	6/30/2026	251 PARK RD #200, BURLINGAME, CA 94010-4237
20505321	KTGY GROUP, INC.	10/21/2021	6/30/2027	17911 VON KARMAN STE 200, IRVINE, CA 92614
20510126	KTNK STUDIO LLC	6/21/2026	6/30/2027	218 PRIMROSE RD # 5, BURLINGAME, CA 94010-4208
20502521	KUBAIR CORP	9/20/2011	6/30/2027	1650 WESTMOOR RD, BURLINGAME, CA 94010-3363
20505961	KUBLACON GAME CONVENTION	5/24/2022	6/30/2027	--ON FILE--
20500098	KUMON N.A. INC	5/30/1989	6/30/2027	111 ANZA BLVD # 205, BURLINGAME, CA 94010-1910
20501448	KUPFER JEWELRY CENTER	4/1/1998	6/30/2027	1211 BURLINGAME AVE, BURLINGAME, CA 94010-4107
20505295	KW CONSTRUCTION SERVICES	3/7/2022	6/30/2027	205 DE ANZA BLVD # 108, SAN MATEO, CA 94402-3969
20508729	KWIK AND CONVENIENT	11/1/2024	6/30/2027	505 CALIFORNIA DR, BURLINGAME, CA 94010-3912
20503013	KWIK DATA SYSTEMS	10/30/2002	6/30/2027	732 MONTGOMERY HWY #414, VESTAVIA HILLS, AL 35216-1800
20504794	KWS UNITED TECHNOLOGY	12/1/2014	6/30/2027	533 AIRPORT BLVD STE 400, BURLINGAME, CA 94010-2028
20500132	L M CARPETS	12/20/2019	6/30/2027	--ON FILE--
20500444	L R SPENCER CO	3/31/1993	6/30/2027	1400 ROLLINS RD, BURLINGAME, CA 94010-2315
20502268	L'ESCAPE SPA INC	10/20/2000	6/30/2027	348 LORTON AVE, BURLINGAME, CA 94010-4104
20500645	L-A ICE CREAM	4/6/1994	6/30/2027	--ON FILE--
20508979	L. D. STROBEL CO., INC.	4/7/2025	6/30/2026	1022 SHARY CIR STE 9, CONCORD, CA 94518-2463
20502991	L.P. CONSTRUCTION CO., INC.	6/1/2012	6/30/2027	360 SWIFT AVE 1, S SAN FRANCISCO, CA 94080-6220
20502913	L.T.M. AUTO REPAIR & TIRE PRO	2/22/2018	6/30/2027	777 CALIFORNIA DR, BURLINGAME, CA 94010-3703
20501642	LA BELLE GOURMANDE	1/5/1999	6/30/2027	--ON FILE--
20504522	LA CORNETA TAQUERIA	4/3/2007	6/30/2027	1123 BURLINGAME AVE, BURLINGAME, CA 94010-4115
20508120	LA MADRUGADA CONSTRUCTION	4/15/2024	6/30/2027	2530 PULGAS AVE, EAST PALO ALTO, CA 94303-1323
20501739	LA MAISON NICOLAS LLC	12/1/2020	6/30/2027	1550 ROLLINS RD STE G, BURLINGAME, CA 94010-2313
20503792	LA MATCHA CAFE	8/9/2018	6/30/2027	1828 EL CAMINO REAL #102, BURLINGAME, CA 94010-3104
20503130	LA VIE NAIL BAR	7/1/2021	6/30/2026	1217 BURLINGAME AVE, BURLINGAME, CA 94010-4120
20509401	LABDESIGN	10/9/2025	6/30/2027	--ON FILE--
20500933	LANCE DIODATI CONSTRUCTION	7/27/2016	6/30/2027	--ON FILE--
20501471	LAND ROVER REDWOOD CITY	7/1/2020	6/30/2027	19400 SE MCLOUGHLIN BLVD, GLADSTONE, OR 97027
20508155	LANDAVAZO BROS INC.	4/25/2024	6/30/2026	29280 PACIFIC ST, HAYWARD, CA 94544-6016
20507971	LANDO INTERACTIVE INC.	2/12/2024	6/30/2027	227 FOREST AVE, PALO ALTO, CA 94301-2511
20507440	LANDSCAPING BAY AREA	8/1/2023	6/30/2027	3031 STANFORD RANCH RD # 2-129, ROCKLIN, CA 95765-5554
20503892	LANE PARTNERS	7/1/2021	6/30/2027	577 AIRPORT BLVD, BURLINGAME, CA 94010-2020
20508620	LANUZA ROOFING	10/22/2024	6/30/2026	1920 MCLAUGHLIN AVE, SAN JOSE, CA 95122-2941
20504981	LANZ CABINET SHOP INC.	2/9/2022	6/30/2026	3025 W 7TH PL, EUGENE, OR 97402-6911
20505974	LARRY METHVIN INSTALLATIONS, INC.	6/1/2022	6/30/2026	501 KETTERING DR, ONTARIO, CA 91761-8150
20504967	LARRY STENGER CONSTRUCTION, INC.	3/5/2008	6/30/2027	148 COSTA RICA AVE, BURLINGAME, CA 94010-5212
20500146	LARRY WALKER ASSOCIATES, INC.	12/26/2019	6/30/2027	1480 DREW AVE STE 100, DAVIS, CA 95618-6158
20503057	LARSON SHORES ARCHTECTURE & INTERIORS	7/1/2021	6/30/2027	1940 UNION ST # 22, OAKLAND, CA 94607-2352
20505989	LASAL CONSTRUCTION INC.	5/14/2015	6/30/2027	969 EDGEWATER BLVD 682, FOSTER CITY, CA 94404-3824
20500336	LASERAWAY MEDICAL GROUP, INC.	7/1/2015	6/30/2027	1411 BURLINGAME AVE, BURLINGAME, CA 94010-4110
20506992	LASH M	1/15/2023	6/30/2027	1115 HOWARD AVE, BURLINGAME, CA 94010-4214
20509145	LASHED	7/1/2025	6/30/2027	1838 EL CAMINO REAL STE 200A, BURLINGAME, CA 94010-3110
20508280	LAURA J WELLS	6/20/2024	6/30/2027	256 LORTON AVE, BURLINGAME, CA 94010-4204
20506120	LAURUM STUDIO	4/1/2022	6/30/2026	1475 BURLINGAME AVE STE C, BURLINGAME, CA 94010-4154
20506461	LAW OFFICE OF DANIEL C. DENNEHY, PC	1/1/2009	6/30/2027	855 STANTON RD #200, BURLINGAME, CA 94010-1403
20502923	LAW OFFICE OF GAIL MOSSE	6/1/2021	6/30/2027	--ON FILE--
20509345	LAW OFFICE OF JEFFREY TSU	8/1/2025	6/30/2027	533 AIRPORT BLVD #400, BURLINGAME, CA 94010-2028
20506654	LAW OFFICE OF JOHN IACCARINO	7/1/2009	6/30/2027	533 AIRPORT BLVD # 400, BURLINGAME, CA 94010-2028
20504920	LAW OFFICE OF KIMBERLY VORSATZ CAREY	2/26/2008	6/30/2027	1601 BAYSHORE HWY # 107, BURLINGAME, CA 94010-1506
20506109	LAW OFFICE OF MATT SULLIVAN	3/2/2020	6/30/2026	533 AIRPORT BLVD STE 400, BURLINGAME, CA 94010-2028
20503302	LAW OFFICE OF MICHELLE LEU ZACCONE	7/6/2012	6/30/2027	330 PRIMROSE RD # 504, BURLINGAME, CA 94010-4031
20500565	LAW OFFICE OF PARISSA TAGHIBAGI	4/8/2016	6/30/2027	1108 EDGEHILL DR, BURLINGAME, CA 94010-3615
20503721	LAW OFFICE OF RICARDO DE ALBA	7/1/2012	6/30/2027	533 AIRPORT BLVD #400, BURLINGAME, CA 94010-2028
20507493	LAW OFFICE OF RUSSELL H. MILLER	9/1/2023	6/30/2027	20 PARK RD STE E, BURLINGAME, CA 94010-4443
20509687	LAW OFFICE OF SAMUEL LASSER	1/1/2025	6/30/2027	398 PRIMROSE RD, BURLINGAME, CA 94010-4005
20502768	LAW OFFICES OF ALEX GLUZMAN	5/8/2002	6/30/2027	1499 BAYSHORE HWY # 241, BURLINGAME, CA 94010-1711
20500225	LAW OFFICES OF JASON W. CHOU	1/4/2016	6/30/2027	1633 BAYSHORE HWY #218, BURLINGAME, CA 94010-1534
20506774	LAW OFFICES OF JESSICA COCHRAN	10/13/2009	6/30/2027	533 AIRPORT BLVD #400, BURLINGAME, CA 94010-2028
20509535	LAW OFFICES OF METIN SERBEST PLLC	3/13/2023	6/30/2026	433 AIRPORT BLVD STE 426, BURLINGAME, CA 94010-2014
20501590	LAW OFFICES OF NADEEM H MAKADA	7/1/1998	6/30/2027	533 AIRPORT BLVD STE 500, BURLINGAME, CA 94010-2015
20506741	LAW OFFICES OF PATRICIA KENNEDY FYFE	7/1/2009	6/30/2027	1801 MURCHISON DR # 320, BURLINGAME, CA 94010-4516
20504162	LAW OFFICES OF STEVEN M. KLEIMAN	6/17/2013	6/30/2026	533 AIRPORT BLVD # 400, BURLINGAME, CA 94010-2028
20504338	LAWRENCE L CHAO MD, A PROFESSIONAL CORP	8/9/2013	6/30/2027	1750 EL CAMINO REAL # 301, BURLINGAME, CA 94010-3216
20500027	LAWS AND ASSOCIATES INC	5/31/1988	6/30/2027	1801 MURCHISON DR #160, BURLINGAME, CA 94010-4514
20501294	LB CONSTRUCTION & REMODELING	8/27/2020	6/30/2026	--ON FILE--
20502773	LB FINANCIAL SOLUTIONS LLC	1/26/2018	6/30/2027	--ON FILE--
20509530	LBA LICENSE HOLDINGS, INC.	8/28/2025	6/30/2027	1999 HARRISON ST STE 830, OAKLAND, CA 94612-4707
20508748	LBRISENO CONSTRUCTION	12/20/2024	6/30/2026	1802 BODEGA AVE UNIT E, PETALUMA, CA 94952-1751
20508898	LBS REAL ESTATE	2/25/2025	6/30/2027	1037 CALIFORNIA DR APT A, BURLINGAME, CA 94010-3630
20503752	LDP ARCHITECTURE	11/20/2012	6/30/2027	PO BOX 2069, SAN FRANCISCO, CA 94126-2069
20500546	LE BAIL BONDS	4/1/2016	6/30/2027	19 PARK RD, BURLINGAME, CA 94010-4403
20503737	LE CROISSANT CAFE	5/1/2021	6/30/2027	1151 BROADWAY, BURLINGAME, CA 94010-3429
20501954	LE REVE SALON	4/21/2011	6/30/2027	841 CALIFORNIA DR # A, BURLINGAME, CA 94010-3604
20500783	LE REVE SALON - HAIR BY JUDY	5/27/2020	6/30/2027	841 CALIFORNIA DR A, BURLINGAME, CA 94010
20505093	LE REVE SALON - HOURIG KIZIRIAN	7/1/2007	6/30/2027	841 CALIFORNIA DR # A, BURLINGAME, CA 94010-3604
20502774	LE REVE SALON - JESSI SEISA	1/24/2012	6/30/2026	841 CALIFORNIA DR #A, BURLINGAME, CA 94010-3604
20501964	LE REVE SALON/MARIA MONTILLA HAIR DESIGN	5/3/2011	6/30/2027	--ON FILE--
20505838	LEA & BRAZE ENGINEERING, INC.	1/26/2009	6/30/2027	7011 KOLL CENTER PKWY STE 160, PLEASANTON, CA 94566-3140
20505352	LEAD YOUNG LOGISTICS INTERNATIONAL	7/31/2014	6/30/2027	1032 EDWARDS RD, BURLINGAME, CA 94010-2318
20504317	LEAPFROG PLUMBING & HOME IMPROVEMENT, INC.	12/14/2018	6/30/2026	2158 N MAIN ST F, WALNUT CREEK, CA 94596
20507295	LEDE LABS LLC	6/1/2023	6/30/2027	--ON FILE--
20502996	LEDESMA GARDEN SERVICES	6/1/2012	6/30/2026	--ON FILE--
20506087	LEE MENDELSON FILM PRODUCTIONS, INC	7/14/1981	6/30/2027	330 PRIMROSE RD # 215, BURLINGAME, CA 94010-4026
20509322	LEENA JOSHI MD	9/1/2025	6/30/2027	1750 EL CAMINO REAL STE 301, BURLINGAME, CA 94010-3216
20507580	LEES GARDENING SERVICE, INC.	7/26/2010	6/30/2027	--ON FILE--
20509398	LEGACY BARBER LOUNGE	4/1/2026	6/30/2027	247 PARK RD, BURLINGAME, CA 94010-4205
20504526	LEGACY MECHANICAL & ENERGY SERVICES INC	4/4/2007	6/30/2027	2603 CAMINO RAMON STE 490, SAN RAMON, CA 94583-9131
20504590	LEGACY ROOFING & WATERPROOFING INC	5/30/2007	6/30/2027	1698 ROGERS AVE STE 10, SAN JOSE, CA 95112-1130
20501706	LEGARZA SPORTS	4/6/2017	6/30/2027	850 BURLINGAME AVE, BURLINGAME, CA 94010-2899
20501554	LEICA GEOSYSTEMS, INC.	7/1/2010	6/30/2027	1447 ROLLINS RD, BURLINGAME, CA 94010-2316
20502314	LELAND TEA COMPANY	8/2/2011	6/30/2027	1223 DONNELLY AVE, BURLINGAME, CA 94010-4101
20508162	LEMON REMODELING	5/1/2024	6/30/2026	1259 EL CAMINO REAL #1341, MENLO PARK, CA 94025-4298
20504550	LEMON TREE ART	1/1/2022	6/30/2027	850 BURLINGAME AVE, BURLINGAME, CA 94010-2899
20509912	LEMUS PLUMBING	4/6/2026	6/30/2027	--ON FILE--
20501146	LENACO CORPORATION	9/30/2010	6/30/2026	--ON FILE--
20509076	LENIN'S AUTO REPAIR, INC.	7/1/2025	6/30/2027	--ON FILE--
20509222	LENNEN COMMERCIAL BUILDERS, INC.	7/3/2025	6/30/2026	501 N BAKER ST, STOCKTON, CA 95203-2745
20510004	LENNOX NATIONAL ACCOUNT SERVICES LLC	5/1/2026	6/30/2027	2539 MERCANTILE DR STE 2B, RANCHO CORDOVA, CA 95742-6250
20500175	LEO EPP COMPANY, INC.	9/9/2015	6/30/2027	1220 HOWARD AVE # 216, BURLINGAME, CA 94010-4256
20503167	LEO GOTELLI PLUMBING	3/18/2003	6/30/2027	200 VALLEY DR STE 38, BRISBANE, CA 94005-1277
20503088	LEO'S GARDENING SERVICE	7/1/2012	6/30/2027	600 HILLER ST, BELMONT, CA 94002-2525
20504394	LESLIE INAMASU	1/1/2021	6/30/2026	2505 VALDIVIA WAY, BURLINGAME, CA 94010-5433
20509570	LETTERBOARD COMMUNICATION LLC	10/24/2025	6/30/2027	1633 BAYSHORE HWY #328, BURLINGAME, CA 94010-1515
20504601	LEVEL 10 CONSTRUCTION LP	10/1/2021	6/30/2027	1050 ENTERPRISE WAY #250, SUNNYVALE, CA 94089-1416
20509745	LEVEL 8 CONSTRUCTION INC	1/26/2026	6/30/2027	337 12TH AVE, SAN FRANCISCO, CA 94118-2108
20504766	LEVEL UP HOME REMODELING	1/1/2022	6/30/2027	569 CLYDE AVE STE 550, MOUNTAIN VIEW, CA 94043-2258
20506332	LEVENSON & ZIEMAN, A PROFESSIONAL CORPORATION	8/1/2019	6/30/2027	1860 EL CAMINO REAL STE 438, BURLINGAME, CA 94010-3117
20508732	LEVER ARCHITECTURE, P.C.	3/5/2025	6/30/2027	4713 N ALBINA AVE, PORTLAND, OR 97217-2605
20508331	LEVIT8 LOUNGE LLC	4/5/2025	6/30/2027	1200 HOWARD AVE UNIT 101-102, BURLINGAME, CA 94010-4223
20502410	LEWIS M MERLO INC	8/24/2011	6/30/2027	1336 GROVE ST, SAN FRANCISCO, CA 94117-1420
20505673	LEWIS-BOGER	7/1/2008	6/30/2026	1369 ROLLINS RD, BURLINGAME, CA 94010-2409
20500624	LEZHIN ENTERTAINMENT, LLC	4/1/2016	6/30/2027	111 ANZA BLVD # 414, BURLINGAME, CA 94010-1916
20509732	LGCY POWER	1/1/2026	6/30/2026	3333 N DIGITAL DR # 600, LEHI, UT 84043-6698
20501718	LGTC GROUP	11/1/2020	6/30/2027	1575 OLD BAYSHORE HWY STE 201 & 205, BURLINGAME, CA 94010
20509225	LIANG GENERAL CONSTRUCTION INC	7/14/2025	6/30/2027	263 AVIADOR AVE, MILLBRAE, CA 94030-2703
20500158	LIBERTY ELECTRIC OF SAN MATEO	3/8/1990	6/30/2027	5 THOMAS MELLON CIR STE 206, SAN FRANCISCO, CA 94134-2501
20502518	LIBERTY FIRE SYSTEMS INC	9/20/2011	6/30/2027	3182 CAMPUS DR STE 136, SAN MATEO, CA 94403-3199
20503450	LIFE STEPS FOUNDATION INC	2/26/2004	6/30/2027	828-C MAHLER RD, BURLINGAME, CA 94010
20505547	LIFE TREE PSYCHOLOGY PRACTICE PC	7/26/2019	6/30/2027	345 LORTON AVE #104, BURLINGAME, CA 94010-4134
20504298	LIFT II ADRIAN 1541 LLC	9/14/2021	6/30/2027	1561 ADRIAN RD, BURLINGAME, CA 94010-2107
20503909	LILIA'S DRAPES	7/1/2005	6/30/2026	1481 ROLLINS RD, BURLINGAME, CA 94010-2316
20507668	LILIKOI ON BROADWAY	12/21/2023	6/30/2026	1355 BROADWAY, BURLINGAME, CA 94010-3425
20509486	LILLIAN WU	5/16/2026	6/30/2027	1335 EL CAMINO REAL, MILLBRAE, CA 94030-1410
20503920	LILYPRO CORPORATION	9/7/2018	6/30/2027	1633 BAYSHORE HWY # 329, BURLINGAME, CA 94010-1515
20509137	LINCOLN GLASS & MIRROR	6/15/2025	6/30/2027	2466 KRUSE DR, SAN JOSE, CA 95131-1233
20502280	LINDA PARK MACAPAGAL, LCSW	9/28/2017	6/30/2027	1425 BROADWAY # 14, BURLINGAME, CA 94010-3435
20505151	LINDA TONG	6/10/2019	6/30/2026	1116 CHULA VISTA AVE, BURLINGAME, CA 94010-3502
20506206	LINDE GAS & EQUIPMENT, INC	7/29/1981	6/30/2027	2301 SE CREEKVIEW DR, ANKENY, IA 50021-8853
20501173	LINDSTROM CO.	7/17/1981	6/30/2027	1121 BAYSWATER AVE, SAN MATEO, CA 94401-1196
20508987	LINE FIRE PROTECTION	4/2/2025	6/30/2027	4100 MOORPARK AVE STE 114, SAN JOSE, CA 95117-1707
20505769	LINGANE, FORTE & ARONIS, INC	1/20/2009	6/30/2027	533 AIRPORT BLVD 4TH FL, BURLINGAME, CA 94010
20501735	LINMA INTERNATIONAL (USA) INC	4/15/1999	6/30/2027	1801 MURCHISON DR #328, BURLINGAME, CA 94010-4516
20506370	LISA ALLAIRE DC	9/6/2022	6/30/2026	850 BURLINGAME AVE, BURLINGAME, CA 94010-2899
20502185	LISA M KELSEY, MFT	7/1/2011	6/30/2027	1511 ROLLINS RD STE 30, BURLINGAME, CA 94010-2305
20504245	LISA'S ART STUDIO	7/12/2013	6/30/2027	859 CALIFORNIA DR, BURLINGAME, CA 94010-3604
20502543	LITTLE LUCCA	10/21/2001	6/30/2027	1809 EL CAMINO REAL, BURLINGAME, CA 94010-3202
20508264	LITTLE LUNA NAIL STUDIO	6/1/2024	6/30/2027	1200 HOWARD AVE # 103, BURLINGAME, CA 94010-4223
20500023	LITTLER MENDELSON PC	7/1/2009	6/30/2027	2301 MCGEE ST STE 800, KANSAS CITY, MO 64108-2662
20501444	LLOYD W AUBRY CO., INC.	7/1/1981	6/30/2027	PO BOX 55426, HAYWARD, CA 94545-0471
20501723	LMAG LLC	4/13/2017	6/30/2027	1290 HOWARD AVE STE 323, BURLINGAME, CA 94010-4222
20500255	LMM HR CONSULTING	10/1/2015	6/30/2027	--ON FILE--
20505878	LOB TRAVEL	2/11/2009	6/30/2027	3067 MARIPOSA DR, BURLINGAME, CA 94010-5737
20508196	LOBO SERVICES LTD	5/9/2024	6/30/2026	3298 SWETZER RD, LOOMIS, CA 95650-9515
20500295	LOCKWORKS UNLIMITED, INC.	3/1/2010	6/30/2027	2671 EL CAMINO REAL, REDWOOD CITY, CA 94061-3860
20500388	LOFT INC	11/20/1992	6/30/2027	1316 BURLINGAME AVE, BURLINGAME, CA 94010-4109
20508946	LOMBARD LAND SURVEYING	3/17/2025	6/30/2027	--ON FILE--
20506855	LOMBARDO DIAMOND CORE DRILLING CO, INC.	12/14/2009	6/30/2027	2225 DE LA CRUZ BLVD, SANTA CLARA, CA 95050-3063
20509218	LONERGAN PARTNERS	7/1/2025	6/30/2027	1290 HOWARD AVE STE 201E, BURLINGAME, CA 94010-4222
20501256	LONGS DRUG STORES CA LLC	7/29/1981	6/30/2027	1871 EL CAMINO REAL, BURLINGAME, CA 94010-3220
20504262	LOPEZ LANDSCAPING	7/23/2013	6/30/2027	PO BOX 1164, S SAN FRANCISCO, CA 94083-1179
20506812	LORAL LANDSCAPING INC	7/1/2009	6/30/2027	704 S AMPHLETT BLVD, SAN MATEO, CA 94402-1401
20508087	LORETTA HICKS INTERIORS LLC	3/18/2024	6/30/2026	--ON FILE--
20501764	LORIN FLEMING DISTRIBUTING CO INC	7/1/2010	6/30/2027	PO BOX 5555, EL DORADO HILLS, CA 95762-0010
20503777	LORTON PLAZA	12/11/2012	6/30/2027	121 LORTON AVE, BURLINGAME, CA 94010-4358
20504336	LOS GATOS ROOFING	11/12/2010	6/30/2027	888 FAULSTICH CT, SAN JOSE, CA 95112-1361
20507601	LOTUS FALAFEL	11/15/2023	6/30/2027	1107 BURLINGAME AVE, BURLINGAME, CA 94010-4105
20504902	LOU'S AUTO REPAIR	2/28/2014	6/30/2027	1129 CALIFORNIA DR, BURLINGAME, CA 94010-3505
20501224	LOUIS J RODRIGUEZ CPA	5/29/1997	6/30/2027	1813 EL CAMINO REAL # 1, BURLINGAME, CA 94010-3222
20504991	LOVAZZANO HVAC, INC.	3/28/2014	6/30/2027	24959 HUNTWOOD DR, HAYWARD, CA 94544
20505011	LOVAZZANO SHEET METAL, INC.	3/31/2022	6/30/2027	24959 HUNTWOOD AVE, HAYWARD, CA 94544-1882
20508185	LOVE CHENI	5/4/2024	6/30/2027	311 CALIFORNIA DR, BURLINGAME, CA 94010-4114
20508308	LOVE YOUR STORY	6/1/2024	6/30/2027	111 ANZA BLVD STE 332, BURLINGAME, CA 94010-1915
20508901	LOWNEY ARCHITECTURE	1/21/2025	6/30/2027	360 17TH ST STE 200, OAKLAND, CA 94612-3340
20502003	LP PHARMACEUTICALS, INC.	4/1/2018	6/30/2027	1633 BAYSHORE HWY # 280, BURLINGAME, CA 94010-1515
20500162	LSC CONSULTING	7/1/2009	6/30/2027	--ON FILE--
20504390	LT DRIVING SCHOOL LLC	11/2/2021	6/30/2027	1336 N CAROLAN AVE # 107, BURLINGAME, CA 94010-2400
20506599	LUCAS E SORENSEN, CPA, INC.	7/1/2009	6/30/2026	--ON FILE--
20501552	LUCAS PARKING CORP	8/7/1998	6/30/2027	327 LORTON AVE, BURLINGAME, CA 94010-4116
20509883	LUCKY BUILDERS INC	3/20/2026	6/30/2026	2065 MARTIN AVE # 112, SANTA CLARA, CA 95050-2707
20504822	LUCKY STRIKE FARMS, INC.	11/29/2007	6/30/2027	819 COWAN RD # A, BURLINGAME, CA 94010-1220
20510002	LUIS W YAN	5/18/2026	6/30/2026	--ON FILE--
20504104	LULULEMON USA, INC.	12/9/2005	6/30/2027	1304 BURLINGAME AVE, BURLINGAME, CA 94010-4109
20503034	LUMINA FACILITY SERVICES, INC	4/9/2021	6/30/2027	--ON FILE--
20508687	LUMINASKIN	11/24/2025	6/30/2027	1247 BROADWAY, BURLINGAME, CA 94010-3423
20508772	LUMINOUS HEALTH INSURANCE SOLUTIONS	1/15/2025	6/30/2027	1838 EL CAMINO REAL UNIT 218, BURLINGAME, CA 94010-3110
20508427	LUMO INTERIORS	1/1/2021	6/30/2026	--ON FILE--
20502139	LUNARDI FOODS #8	5/30/2000	6/30/2027	1825 EL CAMINO REAL, BURLINGAME, CA 94010
20506237	LUND PEARSON MCLAUGHLIN	7/1/2008	6/30/2026	897 INDEPENDENCE AVE 1E, MOUNTAIN VIEW, CA 94043-2355
20500834	LUSARDI CONSTRUCTION COMPANY	7/1/2016	6/30/2027	1570 LINDA VISTA DR, SAN MARCOS, CA 92078-3880
20504705	LUX CLEANERS INC	9/7/2007	6/30/2027	1560 TROUSDALE DR, BURLINGAME, CA 94010-4507
20506418	LUXE	7/1/2008	6/30/2027	359 PRIMROSE RD, BURLINGAME, CA 94010-4004
20501319	LUXE SALON (EMIL BESSON)	10/14/1997	6/30/2027	1461 BURLINGAME AVE, BURLINGAME, CA 94010-4110
20501092	LUXOR FLOORS INC	10/1/2016	6/30/2027	1155 CALIFORNIA DR, BURLINGAME, CA 94010-3561
20503307	LUXOR FLOORS INC.	5/31/2018	6/30/2027	1731 ADRIAN RD # 5, BURLINGAME, CA 94010-2109
20509867	LUYAO ZHANG ENGINEERING	3/16/2026	6/30/2027	--ON FILE--
20507980	LUYI PILATES	5/1/2024	6/30/2027	1375 BURLINGAME AVE #202A, BURLINGAME, CA 94010-4100
20505371	LV BOOKKEEPING	8/6/2014	6/30/2027	--ON FILE--
20507497	LYNBEAUTY	10/31/2023	6/30/2027	347 CALIFORNIA DR, BURLINGAME, CA 94010-4114
20509843	LYNCH CONSTRUCTION INC.	3/4/2026	6/30/2027	--ON FILE--
20504575	LYNN MOLINARI HAIR DESIGN	1/13/1988	6/30/2027	1307 BAYSWATER, BURLINGAME, CA 94010
20502294	LYON MEDICAL CONSTRUCTION	5/12/2004	6/30/2027	100 N HILL DR STE 52, BRISBANE, CA 94005-1014
20501325	LYPCO INTERNATIONAL	7/10/1985	6/30/2027	840 HINCKLEY RD # 230, BURLINGAME, CA 94010-1509
20501352	LYRA CLINICAL ASSOCIATES P.C.	12/15/2016	6/30/2027	287 LORTON AVE, BURLINGAME, CA 94010-4203
20505780	LYRA HEALTH	4/18/2022	6/30/2027	270 EAST LN, BURLINGAME, CA 94010-2802
20509210	M E X SOLUTIONS	6/30/2025	6/30/2026	--ON FILE--
20506567	M ELDER DDS A PROFESSIONAL CORPORATION	8/1/2019	6/30/2027	1750 EL CAMINO REAL # 403, BURLINGAME, CA 94010-3217
20503079	M H PODELL CO	8/18/1981	6/30/2027	1201 HOWARD AVE # 300, BURLINGAME, CA 94010-4224
20509762	M J ELECTRIC SERVICES	1/29/2026	6/30/2026	--ON FILE--
20508977	M L S BUILDER INC	3/31/2025	6/30/2027	1017 MACARTHUR BLVD, OAKLAND, CA 94610-3930
20504050	M STAR SHIPPING CORP	8/26/2021	6/30/2027	533 AIRPORT BLVD # 400, BURLINGAME, CA 94010-2028
20506500	M&H GROUP LLC	10/25/2019	6/30/2026	1166 HOWARD AVE, BURLINGAME, CA 94010-4226
20508321	M&M BACKFLOW & METER MAINTENACE	7/15/2024	6/30/2027	1395 ESTATES DR, TURLOCK, CA 95380
20503125	M&M MORTGAGE CO., INC	8/4/1986	6/30/2027	--ON FILE--
20509887	M3 MEP, LLC	3/20/2026	6/30/2027	5101 FLORIN PERKINS RD, SACRAMENTO, CA 95826-4868
20500537	MA DIMENSIONS INC	11/1/2015	6/30/2027	533 AIRPORT BLVD #400, BURLINGAME, CA 94010-2028
20503622	MA'S AUTO BODY COLLISION REPAIR & PAINT SERVICES	7/1/2021	6/30/2027	775 CALIFORNIA DR, BURLINGAME, CA 94010-3703
20504921	MAAN GLOBAL DEVELOPMENT	1/1/2019	6/30/2027	1601 BAYSHORE HWY # 240, BURLINGAME, CA 94010-1508
20508588	MAAZDA TRAVEL AND TOURS LLC	7/1/2024	6/30/2027	111 ANZA BLVD STE 416B, BURLINGAME, CA 94010-1916
20506012	MAC ARTHUR CO.	7/1/2009	6/30/2027	2400 WYCLIFF ST, ST PAUL, MN 55114-1268
20505619	MACHER REALTY, INC.	8/7/2019	6/30/2027	533 AIRPORT BLVD # 400, BURLINGAME, CA 94010-2028
20501320	MACHU PICCHU ROOFING, INC.	11/30/2016	6/30/2027	3536 SPRING ST, REDWOOD CITY, CA 94063-4221
20501878	MACLEOD AND ASSOCIATES, INC.	7/1/2010	6/30/2027	965 CENTER ST, SAN CARLOS, CA 94070-5310
20504804	MADEWELL, INC.	11/14/2019	6/30/2027	1234 BURLINGAME AVE, BURLINGAME, CA 94010-4128
20501410	MAGIC JANITORIAL SERVICE INC	2/20/1998	6/30/2027	1717 CAYUGA AVE, SAN FRANCISCO, CA 94112-4103
20508714	MAGNUM PLUMBING WHOLESALE	12/5/2024	6/30/2027	888 MAHLER RD, BURLINGAME, CA 94010-1604
20509666	MAGUIRE TREE CARE	1/1/2026	6/30/2027	597 QUARRY RD, SAN CARLOS, CA 94070-6222
20506102	MAHESH KWATWANI	7/1/2008	6/30/2027	433 AIRPORT BLVD # 224, BURLINGAME, CA 94010-2011
20506317	MAHONEY FLOORS	1/1/2009	6/30/2027	--ON FILE--
20506690	MAISON ALYZEE BURLINGAME LLC	9/6/2022	6/30/2027	1208 BURLINGAME AVE, BURLINGAME, CA 94010-4128
20509095	MAJESTIC DESIGN INC	5/26/2025	6/30/2026	--ON FILE--
20508849	MAK'S BUILDER LLC	2/4/2025	6/30/2026	1618 SULLIVAN AVE STE 103-362, DALY CITY, CA 94015-1967
20510003	MAKER'S TOOLBOX	5/16/2026	6/30/2027	850 BURLINGAME AVE, BURLINGAME, CA 94010-2899
20501556	MALCOLM DRILLING CO INC	8/11/1998	6/30/2027	--ON FILE--
20504132	MALLIKA KOHLI & ASHIM KOHLI	1/12/2006	6/30/2027	2804 RIVERA DR, BURLINGAME, CA 94010-5832
20502409	MALOU CARREON ENTERPRISES	2/1/2021	6/30/2027	1210 BELLEVUE AVE # 405, BURLINGAME, CA 94010-4030
20509773	MAMMOTH PLUMBING INC	2/28/2026	6/30/2026	--ON FILE--
20507343	MAN TAT SZETO	9/6/2023	6/30/2027	9674 DAVONA DR, SAN RAMON, CA 94583-3448
20510150	MANALO ESTHETICS	8/1/2026	6/30/2027	--ON FILE--
20506958	MANCINI'S SLEEPWORLD, INC.	12/8/2022	6/30/2027	1426 BURLINGAME AVE, BURLINGAME, CA 94010-4111
20509637	MANE GRACE HOLISTIC BEAUTY STUDIO	12/9/2025	6/30/2026	218 PRIMROSE RD, BURLINGAME, CA 94010-4208
20500957	MANUEL MARQUEZ	7/1/2010	6/30/2026	427 E BELLEVUE AVE, SAN MATEO, CA 94401-1703
20502976	MANUEL RAPOSO CONSTRUCTION	10/3/2002	6/30/2027	606 E 16TH AVE, SAN MATEO, CA 94402-2130
20504385	MAPLE AUTO BODY INC	1/2/2019	6/30/2027	1379 N CAROLAN AVE, BURLINGAME, CA 94010-2401
20509413	MAR CON CO.	9/9/2025	6/30/2027	8108 CAPWELL DR, OAKLAND, CA 94621-2143
20504163	MARA HARDING SCRIBNER, PERSONAL CHEF	2/15/2006	6/30/2027	--ON FILE--
20509489	MARBLE PALACE INC	10/13/2025	6/30/2026	711 S SAN JOAQUIN ST, STOCKTON, CA 95203-3727
20505643	MARCHETTI GROUP	1/12/2015	6/30/2027	890 COWAN RD STE C, BURLINGAME, CA 94010-1208
20501881	MARCO ROOFING	7/30/2014	6/30/2027	--ON FILE--
20503995	MARCUCCI HEATING AND AIR CONDITIONING, INC	4/5/2013	6/30/2027	2400 BAY RD, REDWOOD CITY, CA 94063-3013
20503191	MARGARET O'LEARY INC	4/29/2003	6/30/2027	263 PRIMROSE RD, BURLINGAME, CA 94010-4207
20508645	MARIA BARMINA	10/31/2024	6/30/2026	5753 GREENRIDGE RD, CASTRO VALLEY, CA 94552-1813
20509597	MARIA G HARGREAVES	11/21/2025	6/30/2027	--ON FILE--
20500396	MARIANNA MASHA MEDNIKOV, PH.D	7/1/2009	6/30/2027	405 PRIMROSE RD # 214, BURLINGAME, CA 94010-4022
20502897	MARIANNE "MOLLY" SCHEMBRI, LMFT	4/12/2012	6/30/2027	405 PRIMROSE RD # 206, BURLINGAME, CA 94010-4022
20501275	MARIANNE'S ICE CREAM	7/1/2010	6/30/2027	1201 FAIR AVE, SANTA CRUZ, CA 95060-5837
20505177	MARIKO JESSE	3/1/2022	6/30/2027	977 EL CAMINO REAL APT 305, BURLINGAME, CA 94010-5094
20502415	MARIN BAKING LLC-BORDENAVE'S	7/1/2010	6/30/2027	1512 4TH ST, SAN RAFAEL, CA 94901-2713
20504218	MARINA MECHANICAL SERVICES	7/2/2013	6/30/2027	4763 BENNETT DR, LIVERMORE, CA 94551-4804
20502122	MARINA PEST CONTROL	7/1/2010	6/30/2027	150 S SPRUCE AVE, S SAN FRANCISCO, CA 94080-4519
20502027	MARIPOSAHILL, INC.	7/20/2017	6/30/2027	1633 BAYSHORE HWY #115, BURLINGAME, CA 94010-1531
20509271	MARIUSZ DZIURZYNSKI	8/4/2025	6/30/2026	1441 CASA BUENA DR APT 407, CORTE MADERA, CA 94925-2214
20502899	MARIVIC R DIZON, PHD	4/16/2012	6/30/2027	1838 EL CAMINO REAL STE 230, BURLINGAME, CA 94010-3112
20509439	MARK BRAND ARCHITECTURE	7/18/2025	6/30/2026	744 HARRISON ST, SAN FRANCISCO, CA 94107-1235
20503121	MARK C WATSON ESQ.	1/14/2003	6/30/2027	533 AIRPORT BLVD STE 100, BURLINGAME, CA 94010-2007
20501990	MARK PEARCY ARCHITECTURE	2/2/2000	6/30/2027	1650 BARROILHET AVE, BURLINGAME, CA 94010-5250
20504881	MARK PLANTE CONSULTING	1/18/2008	6/30/2027	1425 BROADWAY # 3, BURLINGAME, CA 94010-3448
20501126	MARK SHAHBAZIAN C.P.A.	2/3/1997	6/30/2027	533 AIRPORT BLVD STE 400, BURLINGAME, CA 94010-2028
20508059	MARK THOMAS & COMPANY INC.	3/8/2024	6/30/2027	2833 JUNCTION AVE STE 110, SAN JOSE, CA 95134-1920
20509750	MARK W. SCHULKAMP ELECTRIC CO.	1/1/2026	6/30/2026	--ON FILE--
20501213	MARKET STREET PROPERTY MANAGEMENT INC	8/1/2010	6/30/2026	851 BURLWAY RD STE 728, BURLINGAME, CA 94010-1716
20506896	MARLUNA YOGA	12/1/2022	6/30/2027	850 BURLINGAME AVE, BURLINGAME, CA 94010-2899
20508325	MARQUEE FIRE PROTECTION	5/10/2024	6/30/2027	3875 ATHERTON RD STE 200, ROCKLIN, CA 95765-3716
20506069	MARQUEL, LTD	7/14/1981	6/30/2027	1344 ROLLINS RD, BURLINGAME, CA 94010-2410
20503463	MARTIN AUTO COLOR, INC.	7/1/2018	6/30/2027	1307 ROLLINS RD, BURLINGAME, CA 94010-2409
20503357	MARTIN CALVILLO	7/10/2012	6/30/2027	--ON FILE--
20503119	MARTIN CISNEROS LANDSCAPING AND GARDEN SERIVCE	7/2/2012	6/30/2027	--ON FILE--
20503120	MARTIN HERNANDEZ GARDENING AND LANDSCAPING SERVICE	7/2/2012	6/30/2027	--ON FILE--
20509738	MARTIN SANTIAGO HOME SALES & DESIGN	1/16/2026	6/30/2027	1430 HOWARD AVE, BURLINGAME, CA 94010-4202
20509698	MARTINELLI ENVIRONMENTAL GRAPHICS	2/1/2026	6/30/2027	1829 EGBERT AVE, SAN FRANCISCO, CA 94124-2519
20508646	MARTINKOVIC MILFORD ARCHITECTS	10/31/2024	6/30/2027	101 MONTGOMERY ST STE 650, SAN FRANCISCO, CA 94104-4173
20507610	MARVIN DAVIS CONSTRUCTION, INC.	7/1/2024	6/30/2027	1450 KOLL CIR # 104, SAN JOSE, CA 95112-4612
20507424	MARY NOBRIGA SKIN CARE	9/1/2023	6/30/2027	1410 BURLINGAME AVE, BURLINGAME, CA 94010-4111
20505243	MARY REED	7/1/2007	6/30/2027	1112 DRAKE AVE, BURLINGAME, CA 94010-4915
20509982	MARZ ENGINEERING	5/1/2026	6/30/2026	3780 CHRISTY CT, UKIAH, CA 95482-3093
20509923	MAS METALS	4/15/2026	6/30/2027	32410 CENTRAL AVE, UNION CITY, CA 94587-2093
20508639	MASA'S BBQ	11/15/2024	6/30/2027	--ON FILE--
20505653	MASSAGE ENVY SPA	8/8/2019	6/30/2027	1209 HOWARD AVE, BURLINGAME, CA 94010-4229
20502537	MASTEC NORTH AMERICA, INC.	11/14/2017	6/30/2026	800 S DOUGLAS RD PH, CORAL GABLES, FL 33134-3125
20500917	MASTER AUTO CRAFT	7/26/2016	6/30/2027	1019 CALIFORNIA DR, BURLINGAME, CA 94010-3630
20505772	MASTER CRAFT ROOFING	5/2/2022	6/30/2027	6525 CROWN BLVD # 20697, SAN JOSE, CA 95160-4028
20508175	MASTER CRAFT WATERPROOFING & SEALANTS	7/1/2024	6/30/2027	673 E VINEYARD AVE, LIVERMORE, CA 94550-6365
20510113	MASTER ELECTRIC CORPORATION	6/22/2026	6/30/2027	1456 STATE ST, ALVISO, CA 95002
20501826	MASTER MOTORS	3/23/2011	6/30/2027	1339 ROLLINS RD, BURLINGAME, CA 94010-2409
20505265	MASTER PLUMBING	6/5/2014	6/30/2026	2384 BAY RD, REDWOOD CITY, CA 94063-3012
20500033	MASTER PRINT SUPPLIES	1/22/2010	6/30/2026	802 BURLWAY RD, BURLINGAME, CA 94010-1706
20507633	MASTERFUL CONSTRUCTION INC	12/1/2023	6/30/2026	3 E 3RD AVE STE 340, SAN MATEO, CA 94401-4279
20510120	MASTERPIECE DESIGN & BUILD	6/29/2026	6/30/2027	--ON FILE--
20507333	MASTERPIECE GARDENS INC.	7/14/2023	6/30/2027	1091 BANYAN WAY, PACIFICA, CA 94044-3632
20501581	MATEOSAN LLC	7/1/2010	6/30/2027	1325 HOWARD AVE # 250, BURLINGAME, CA 94010-4212
20506146	MATHNASIUM OF BURLINGAME	7/6/2015	6/30/2027	1853 EL CAMINO REAL, BURLINGAME, CA 94010-3220
20505262	MATRIX HG, INC.	8/15/2012	6/30/2027	115 MASON CIR STE B, CONCORD, CA 94520-8530
20507546	MATT OUTMAN	10/11/2023	6/30/2026	108 SCENIC DR, REDWOOD CITY, CA 94062-3233
20501572	MATT'S COLOR TOUCH, INC	2/27/2017	6/30/2027	--ON FILE--
20502252	MATTINGLY THALER ARCHITECTURE, INC.	2/18/2021	6/30/2027	646 CHURCH ST, SAN FRANCISCO, CA 94114-2607
20500576	MAVERICK JACKS	5/20/2016	6/30/2027	1190 CALIFORNIA DR, BURLINGAME, CA 94010-3506
20508079	MAX ELECTRIC	3/16/2024	6/30/2027	88 GARNETT TER, SAN FRANCISCO, CA 94124-2572
20504198	MAX'S OF BURLINGAME	11/8/2018	6/30/2027	1250 BAYSHORE HWY, BURLINGAME, CA 94010-1888
20507548	MAXIM CRANE WORKS LP	10/20/2023	6/30/2027	300 DUNNING ST, CANONSBURG, PA 15317-1486
20508391	MAY & WOOD PC	1/26/2024	6/30/2027	1350 BAYSHORE HWY STE 520, BURLINGAME, CA 94010-1814
20505535	MAYA WAHYUDHARMA	11/3/2014	6/30/2027	751 LINDEN AVE, BURLINGAME, CA 94010-2715
20506077	MAYNE TREE EXPERT COMPANY	7/2/1981	6/30/2027	535 BRAGATO RD STE A, SAN CARLOS, CA 94070-6311
20502837	MAYO ELECTRIC, INC.	5/18/2021	6/30/2027	PO BOX 32250, SAN JOSE, CA 95152-2300
20508266	MAZ PLUMBING UNDER GROUND AND SEWER SERVICES LLC	6/7/2024	6/30/2027	849 ADA ST, SAN MATEO, CA 94401-3103
20509269	MAZZONI CONSTRUCTION INC	7/18/2025	6/30/2027	4682 CHABOT DR # 12591, PLEASANTON, CA 94588-2755
20509916	MB CONTRACTING	4/3/2026	6/30/2026	--ON FILE--
20503899	MBH ARCHITECTS, INC	2/8/2013	6/30/2027	960 ATLANTIC AVE, ALAMEDA, CA 94501-1086
20502012	MC ACCOUNTANCY CPA INC	7/17/2017	6/30/2027	1633 BAYSHORE HWY # 222, BURLINGAME, CA 94010-1515
20505155	MC ROOFING	6/11/2019	6/30/2027	18928 THORNBURY AVE, CASTRO VALLEY, CA 94546-3141
20500608	MCCURDY ROOFING	10/7/2013	6/30/2027	831 HEMLOCK AVE, S SAN FRANCISCO, CA 94080-1506
20507718	MCDONOUGH CONSTRUCTION RENTALS INC	3/1/2024	6/30/2027	8400 VILLA DR, HOUSTON, TX 77061-4602
20501101	MCGUIGAN & MCGUIGAN, CPA'S	7/7/1981	6/30/2027	345 LORTON AVE 205, BURLINGAME, CA 94010
20502556	MCH ELECTRIC, INC.	11/20/2017	6/30/2027	7693 LONGARD RD, LIVERMORE, CA 94551-8208
20503419	MCKEEVER REALTY	7/1/2017	6/30/2027	PO BOX 320367, SAN FRANCISCO, CA 94132-0416
20506776	MCKESSON DRUG COMPANY	7/1/2009	6/30/2027	PO BOX 819066, DALLAS, TX 75381-9073
20500416	MCKESSON MEDICAL SURGICAL INC	7/1/2009	6/30/2027	9954 MAYLAND DR, RICHMOND, VA 23233
20504616	MCKINLEY ELEVATOR CORPORATION	11/14/2013	6/30/2027	17611 ARMSTRONG AVE, IRVINE, CA 92614-5760
20505685	MCLANE PACIFIC COMPANY INC	7/1/2008	6/30/2027	3876 E CHILDS AVE, MERCED, CA 95341-9520
20500890	MCLARNEY CONSTRUCTION INC	8/25/2010	6/30/2027	983 UNIVERSITY AVE BLDG D, LOS GATOS, CA 95032-7637
20500322	MCM ENGINEERING, INC	5/11/1992	6/30/2027	845 HINCKLEY RD, BURLINGAME, CA 94010-1502
20502435	MCMILLAN ELECTRIC	4/21/2008	6/30/2027	1480 FOLSOM ST, SAN FRANCISCO, CA 94103-3702
20506782	MCNEVIN CLEANING SPECIALISTS INC	7/1/2009	6/30/2027	810 STANTON RD, BURLINGAME, CA 94010-1404
20508728	MDC LOW VOLTAGE SYSTEMS	12/1/2024	6/30/2027	1823 EGBERT AVE, SAN FRANCISCO, CA 94124-2519
20506568	MDVD SERVICE	7/1/2022	6/30/2027	--ON FILE--
20507964	MEACON CORPORATION	1/1/2012	6/30/2027	20 SE ADRIAN CT, BURLINGAME, CA 94010-2101
20501205	MEADOWS WYE CONTAINER GROUPAGE INC	4/25/1997	6/30/2027	1818 GILBRETH RD # 138, BURLINGAME, CA 94010-1217
20504699	MEARS GROUP, INC.	9/5/2007	6/30/2027	4500 N MISSION RD, ROSEBUSH, MI 48878-8721
20500589	MEDFOLIO, LLC.	7/2/2010	6/30/2027	149 MULLEN AVE, SAN FRANCISCO, CA 94110-5329
20500857	MEDICAL LINEN SERVICE	9/4/1986	6/30/2027	290 S MAPLE AVE, S SAN FRANCISCO, CA 94080-6304
20508269	MEDITERRANEAN KITCHEN	5/16/2024	6/30/2027	270 LORTON AVE, BURLINGAME, CA 94010-4204
20501991	MEDITERRANEAN PIZZA AND GYROS, INC.	1/10/2021	6/30/2026	1199 BROADWAY STE 1, BURLINGAME, CA 94010-3493
20505109	MEDVISTA HEALTHCARE	5/12/2021	6/30/2027	25 EDWARDS CT, BURLINGAME, CA 94010-2429
20509200	MEIER & SONS ROOFING	6/30/2025	6/30/2026	--ON FILE--
20509376	MELEK CARPET INC	7/1/2025	6/30/2027	1493 ROLLINS RD, BURLINGAME, CA 94010-2316
20501904	MELON RIND	4/1/2011	6/30/2027	111 ANZA BLVD # 206, BURLINGAME, CA 94010-1910
20509764	MEMORIES.AI PLATFORMS, INC.	4/18/2025	6/30/2027	533 AIRPORT BLVD STE 400, BURLINGAME, CA 94010-2028
20507395	MEN CHUN WONG, LMFT	8/1/2023	6/30/2027	1290 HOWARD AVE STE 202E, BURLINGAME, CA 94010-4222
20504619	MENA ARCHITECTS	2/20/2019	6/30/2027	575 W EL CAMINO REAL, MOUNTAIN VIEW, CA 94040
20506339	MENKE & ASSOCIATES, INC.	8/25/2015	6/30/2027	111 ANZA BLVD # 420, BURLINGAME, CA 94010-1916
20502873	MENTAL HEALTH ASSOCIATION OF SAN MATEO COUNTY	2/14/2018	6/30/2027	11 BURLINGAME AVE, BURLINGAME, CA 94010-2879
20500596	MENZIES AVIATION	7/1/2015	6/30/2027	1601 BAYSHORE HWY #159, BURLINGAME, CA 94010-1506
20501011	MERRILL'S PACKAGING, INC.	7/28/1981	6/30/2026	1529 ROLLINS RD, BURLINGAME, CA 94010-2305
20507634	MERRY CLINIC	11/15/2023	6/30/2027	1011 EDWARDS RD, BURLINGAME, CA 94010-2318
20505505	MESCON BUILDERS	9/9/2014	6/30/2027	--ON FILE--
20505635	META PLATFORMS TECHNOLOGIES LLC	4/18/2022	6/30/2027	322 AIRPORT BLVD, BURLINGAME, CA 94010-2073
20506554	META PLATFORMS, INC.	11/6/2019	6/30/2027	322 AIRPORT BLVD, BURLINGAME, CA 94010-2073
20506341	META PLATFORMS, INC.	10/3/2019	6/30/2027	1846 ROLLINS RD, BURLINGAME, CA 94010-2205
20506551	META PLATFORMS, INC.	11/6/2019	6/30/2027	312 AIRPORT BLVD, BURLINGAME, CA 94010-2073
20506557	META PLATFORMS, INC.	11/6/2019	6/30/2027	333 AIRPORT BLVD, BURLINGAME, CA 94010-2073
20506547	META PLATFORMS, INC.	9/30/2020	6/30/2027	301 AIRPORT BLVD, BURLINGAME, CA 94010-2073
20506550	META PLATFORMS, INC.	11/6/2019	6/30/2027	311 AIRPORT BLVD, BURLINGAME, CA 94010-2073
20506337	META PLATFORMS, INC.	10/3/2019	6/30/2027	1860 ROLLINS RD, BURLINGAME, CA 94010-2205
20507247	METALLICUS, INC.	6/1/2023	6/30/2027	1429 ROLLINS RD, BURLINGAME, CA 94010-2316
20508350	METHOD REMODELING	7/1/2024	6/30/2027	533 AIRPORT BLVD STE 400, BURLINGAME, CA 94010-2028
20502181	METICULOUS PAINTING	9/5/2017	6/30/2027	--ON FILE--
20501155	METRO LIGHTING PRODUCTS INC	3/3/1997	6/30/2027	808 BURLWAY RD # 1, BURLINGAME, CA 94010-1717
20508467	METRO MOBILE COMMUNICATIONS	9/1/2024	6/30/2027	1140 OLD COUNTY RD STE A, BELMONT, CA 94002-3919
20500345	METROPOLITAN ELECTRICAL CONST INC	7/14/1992	6/30/2027	2400 3RD ST, SAN FRANCISCO, CA 94107-3111
20509891	MFS CONSTRUCTION	4/20/2026	6/30/2027	234 E GISH RD STE 100, SAN JOSE, CA 95112-4724
20505070	MGE UNDERGROUND, INC.	5/6/2014	6/30/2027	PO BOX 4189, PASO ROBLES, CA 93447-4238
20509006	MGL BRISK, INC.	4/3/2025	6/30/2027	533 AIRPORT BLVD STE 400, BURLINGAME, CA 94010-2028
20510072	MGM BUILDERS INC.	6/8/2026	6/30/2027	1045 ALAMEDA DE LAS PULGAS STE C, BELMONT, CA 94002-3507
20501496	MGM CONSTRUCTION	6/17/1998	6/30/2027	--ON FILE--
20503677	MIA BELLA BOUTIQUE SALON	10/18/2012	6/30/2026	1375 BURLINGAME AVE # 288, BURLINGAME, CA 94010-4149
20504578	MIAS BEAUTIQUE	12/1/2021	6/30/2027	1110 BURLINGAME AVE STE 108, BURLINGAME, CA 94010-4125
20503608	MICHAEL E GUTIERREZ	1/29/2014	6/30/2027	--ON FILE--
20509942	MICHAEL GAUL/COLIN GAUL	4/15/2026	6/30/2027	--ON FILE--
20500673	MICHAEL GLYNN CONSTRUCTION SERVICES INC.	5/12/2016	6/30/2027	--ON FILE--
20505861	MICHAEL H DEBELLIS, PSYCHOLOGIST	7/1/2019	6/30/2027	1838 EL CAMINO REAL #180, BURLINGAME, CA 94010-3105
20509004	MICHAEL MAZZA CREATIVE	1/1/2025	6/30/2027	--ON FILE--
20509306	MICHAEL MCHENRY	8/5/2025	6/30/2026	--ON FILE--
20506379	MICHAEL NOLAN PAINTING	10/1/2007	6/30/2026	6 CASTRO CT, BURLINGAME, CA 94010-5824
20509517	MICHAEL O'SHAUGHNESSY CONSTRUCTION INC	10/30/2025	6/30/2027	2 MCLEA CT, SAN FRANCISCO, CA 94103-4416
20506210	MICHAEL SERRATTO, ESQ.	3/17/1982	6/30/2027	1601 BAYSHORE HWY # 301, BURLINGAME, CA 94010-1510
20502772	MICHAEL SULPIZIO, CPA	5/20/2002	6/30/2026	1419 BURLINGAME AVE, BURLINGAME, CA 94010-4150
20506092	MICHAEL'S HAIR STYLING-CROWNE PLAZA	7/28/1981	6/30/2027	1177 AIRPORT BLVD, BURLINGAME, CA 94010-1973
20508584	MICHELLE TAPALLA SPEECH THERAPY	10/15/2024	6/30/2027	831 MITTEN RD STE 202, BURLINGAME, CA 94010-1300
20505847	MICHELS PACIFIC ENERGY INC	9/16/2019	6/30/2027	817 MAIN ST, BROWNSVILLE, WI 53006-1444
20502970	MICHELS PIPELINE, INC.	6/28/2021	6/30/2027	817 MAIN ST, BROWNSVILLE, WI 53006-1444
20506431	MICHELUCCI & ASSOCIATES INC	7/1/2008	6/30/2027	1801 MURCHISON DR # 88, BURLINGAME, CA 94010-4523
20506744	MICRO DENTAL LABORATORIES	7/1/2009	6/30/2027	7475 SOUTHFRONT RD, LIVERMORE, CA 94551-8224
20505785	MID PENINSULA MANAGEMENT, INC.	2/27/2015	6/30/2027	1601 BAYSHORE HWY # 315, BURLINGAME, CA 94010-1510
20510080	MID PENINSULA PLUMBING	6/4/2026	6/30/2026	926 WASHINGTON ST, SAN CARLOS, CA 94070-5317
20500684	MID PENINSULA ROOFING AND SOLAR	12/23/1986	6/30/2027	1326 MARSTEN RD, BURLINGAME, CA 94010-2406
20509279	MID-PENINSULA ELECTRIC	7/24/2025	6/30/2026	--ON FILE--
20509594	MIDDLE EARTH GEO TESTING, INC.	11/24/2025	6/30/2026	,
20500726	MIDDLE EAST / SOLI'S BAKING CO INC	10/3/1994	6/30/2027	1380 MARSTEN RD, BURLINGAME, CA 94010-2406
20502615	MIDGLEN STUDIO ASSIOCIATES	10/24/2005	6/30/2027	--ON FILE--
20503051	MIGUEL SANTOYO	7/1/2012	6/30/2027	--ON FILE--
20501007	MIKE BONAR THERAPY	7/10/2020	6/30/2027	1425 BROADWAY # 14, BURLINGAME, CA 94010-3435
20502939	MIKE COUNSIL PLUMBING LLC	9/5/2002	6/30/2027	1915 OTOOLE WAY, SAN JOSE, CA 95131-2238
20502792	MIKE FIRE PROTECTION	3/17/2014	6/30/2027	3600 HAVEN AVE STE 9, REDWOOD CITY, CA 94063-4625
20501211	MIKE MAHMOUDIAN & ASSOCIATES INC.	4/28/1997	6/30/2027	851 BURLWAY 519, BURLINGAME, CA 94010
20508744	MIKE MCCALL LANDSCAPE, INC.	1/1/2025	6/30/2027	3000 WILBUR AVE STE A, ANTIOCH, CA 94509-8569
20508682	MILESTONE MOTORS	3/16/2026	6/30/2026	1335 ROLLINS RD STE A, BURLINGAME, CA 94010-2409
20504661	MILGARD WINDOWS & DOORS	7/1/2013	6/30/2027	1010 54TH AVE E, FIFE, WA 98424-2793
20508774	MILKY WAY HOMES, LLC	1/3/2025	6/30/2026	1447 N CAROLAN AVE, BURLINGAME, CA 94010-2403
20501520	MILLBRAE LOCK	7/2/1998	6/30/2027	311 EL CAMINO REAL, MILLBRAE, CA 94030-2609
20508770	MILLENNIALS DIGITAL MARKETING LLC	1/9/2025	6/30/2026	--ON FILE--
20509253	MILLENNIUM CONSULTING ASSOCIATES	8/1/2025	6/30/2027	4683 CHABOT DR STE 380, PLEASANTON, CA 94588-3829
20508140	MILLENNIUM FIRE PROTECTION CORPORATION	4/22/2024	6/30/2027	2218 FARADAY AVE STE 120, CARLSBAD, CA 92008-7234
20501174	MILLER / STEIL PROPERTIES INC	3/20/1997	6/30/2027	--ON FILE--
20504238	MILLER DEVELOPMENT	4/26/2006	6/30/2027	891 CALIFORNIA DR, BURLINGAME, CA 94010-3604
20502450	MILLIE MANGO	8/31/2011	6/30/2026	1419 BURLINGAME AVE STE L, BURLINGAME, CA 94010-4150
20500966	MILLS ESTATE VILLA	3/31/1996	6/30/2027	--ON FILE--
20504632	MILLS PENINSULA EMERGENCY MEDICAL ASSOCIATES, INC.	11/19/2013	6/30/2027	1501 TROUSDALE DR, BURLINGAME, CA 94010-3282
20501839	MILLS PENINSULA HEALTH SERVICES	7/1/2016	6/30/2026	1501 TROUSDALE DR, BURLINGAME, CA 94010-3282
20507104	MIMI'S HAIRSTYLING	3/24/2023	6/30/2027	1852 MAGNOLIA AVE, BURLINGAME, CA 94010-4519
20504914	MINGALABA, INC.	2/26/2008	6/30/2026	1213 BURLINGAME AVE, BURLINGAME, CA 94010-4107
20509302	MINT SECURITY, INC.	8/1/2025	6/30/2027	533 AIRPORT BLVD STE 400, BURLINGAME, CA 94010-2028
20500138	MINTON DOOR COMPANY	11/16/2015	6/30/2027	1150 ELKO DR, SUNNYVALE, CA 94089-2207
20509281	MIRAMAR DESIGN	7/25/2025	6/30/2027	--ON FILE--
20509792	MISSION CONSTRUCTORS INC	2/16/2026	6/30/2026	195 BAY SHORE BLVD, SAN FRANCISCO, CA 94124-1321
20507469	MISSION HOME REMODELING	9/1/2023	6/30/2026	357 GROVE ST, SAN FRANCISCO, CA 94102-4418
20501277	MISSION LINEN SUPPLY INC	9/2/1997	6/30/2026	PO BOX 1299, SANTA BARBARA, CA 93102-1350
20509999	MISSION VIEJO ORNAMENTAL IRON	7/1/2026	6/30/2027	29716 AVENIDA DE LAS BANDERA #A, RANCHO SANTA MARGARITA, CA 92688-2691
20501504	MISTERSOFTEENORCAL, INC	2/7/2017	6/30/2027	3400 YALE WAY, FREMONT, CA 94538-6172
20503700	MITRA EHSANIPOUR CPA	10/25/2004	6/30/2027	111 ANZA BLVD #212, BURLINGAME, CA 94010-1910
20501536	MITSUBISHI LOGISTICS AMERICA CORP	7/20/1998	6/30/2027	1633 BAYSHORE HWY # 370, BURLINGAME, CA 94010-1515
20509136	MITTAL MULLER CONSTRUCTION	7/7/2025	6/30/2027	6203 SAN IGNACIO AVE STE 110, SAN JOSE, CA 95119-1358
20509447	MIXSTERIOUS LLC	10/1/2025	6/30/2026	1463 ROLLINS, RD BURLINGAME, CA 94010
20509926	MJ BEAUTY BY MANDY LLC	5/15/2026	6/30/2027	1838 EL CAMINO REAL STE 220A, BURLINGAME, CA 94010-3110
20506610	MJ HAGAN PSYCHOLOGICAL SERVICES	8/15/2022	6/30/2026	533 AIRPORT BLVD STE 400, BURLINGAME, CA 94010-2028
20505530	MJM CHEMICAL CO	7/1/2008	6/30/2027	1050 CAROLAN AVE # 105, BURLINGAME, CA 94010-2516
20509419	MLS PLUMBING AND BUILDER INC	9/10/2025	6/30/2027	1017 MACARTHUR BLVD, OAKLAND, CA 94610-3930
20506675	MLV BURLINGAME, LLC	12/4/2019	6/30/2027	217 PRIMROSE RD, BURLINGAME, CA 94010-4207
20508739	MMT ELECTRIC	12/16/2024	6/30/2026	--ON FILE--
20509655	MN BUILDERS	1/1/2026	6/30/2026	2400 UNION ST, OAKLAND, CA 94607-2418
20510076	MNTSTUDIO	6/15/2026	6/30/2027	1465 BURLINGAME AVE, BURLINGAME, CA 94010-4110
20501585	MOBIUS HOLDINGS, LLC	7/1/2016	6/30/2027	1290 HOWARD AVE 323-F, BURLINGAME, CA 94010
20505710	MOCTEZUMA ROOFING, INC.	1/30/2015	6/30/2026	6104 BUTANO CT, SAN JOSE, CA 95123-4501
20502731	MOD SKINCARE	1/4/2012	6/30/2027	1199 HOWARD AVE #101, BURLINGAME, CA 94010-4227
20510183	MODERN BUILDER CONSTRUCTION	7/13/2026	6/30/2027	--ON FILE--
20509212	MODERN HOME IMPROVEMENTS AND CONSTRUCTION INC	7/2/2025	6/30/2026	--ON FILE--
20508644	MODERN ROOFING, INC.	10/31/2024	6/30/2026	2829 N GLENOAKS BLVD # 104, BURBANK, CA 91504-2660
20500526	MODESTO FOOD DISTRIBUTORS INC	7/1/2009	6/30/2027	30611 SAN ANTONIO ST, HAYWARD, CA 94544-7103
20509572	MODULAR REMODELING & DESIGN INC	11/13/2025	6/30/2027	1141 RINGWOOD CT UNIT 40, SAN JOSE, CA 95131-1757
20501187	MOHAWK CARPET DISTRIBUTION LLC	7/1/2010	6/30/2027	160 S INDUSTRIAL BLVD, CALHOUN, GA 30701-3030
20506713	MOMS AGAINST POVERTY	9/16/2009	6/30/2027	851 BURLWAY RD STE 800, BURLINGAME, CA 94010-1722
20502912	MONA KARAM HAUTE COIFFURE	8/26/2002	6/30/2026	1419 BURLINGAME AVE #Z1, BURLINGAME, CA 94010-4122
20508578	MONA LEE SOLAR CA	10/7/2024	6/30/2026	18418 BLUEBIRD BRANCH LN, CYPRESS, TX 77433-6776
20500460	MONARCH LANDSCAPE HOLDINGS	2/22/2016	6/30/2027	825 MAHLER RD, BURLINGAME, CA 94010-1603
20508011	MONDAY BEAUTY CO.	3/1/2024	6/30/2027	211 PARK RD, BURLINGAME, CA 94010-4205
20506922	MONDOLFO INTERIOR DESIGN	1/2/2023	6/30/2027	1815 EL CAMINO REAL STE 8, BURLINGAME, CA 94010-3283
20505798	MONICA HORI FITNESS	9/6/2019	6/30/2027	--ON FILE--
20509850	MONTANO BROTHERS ELECTRIC INC	3/9/2026	6/30/2026	817 GENEVA AVE, SAN FRANCISCO, CA 94112-3328
20509525	MONTBLEAU & ASSOCIATES LLC	1/1/2026	6/30/2027	555 RAVEN ST, SAN DIEGO, CA 92102-4523
20507225	MONTEREY FIRE EXTINGUISHER, INC.	5/10/2023	6/30/2026	PO BOX 1441, MONTEREY, CA 93942-1551
20504963	MONZOE NAIL SPA	5/3/2019	6/30/2027	308 LORTON AVE, BURLINGAME, CA 94010-4104
20509845	MOON ARCHITECTS CORPORATION	3/5/2026	6/30/2027	--ON FILE--
20505962	MOORE IACOFANO GOLTSMAN, INC.	4/1/2015	6/30/2027	800 HEARST AVE, BERKELEY, CA 94710-2018
20500376	MORALES BUILDING MAINTENANCE	7/1/2009	6/30/2026	415 N CLAREMONT ST APT 1, SAN MATEO, CA 94401-5414
20503411	MORE PHYSICAL THERAPY, INC	7/16/2012	6/30/2027	1633 BAYSHORE HWY, BURLINGAME, CA 94010-1544
20500067	MORGAN STANLEY SMITH BARNEY FINANCING LLC	6/1/2009	6/30/2027	216 LORTON AVE, BURLINGAME, CA 94010-4204
20506455	MORGAN STANLEY SMITH BARNEY, LLC.	6/10/2009	6/30/2027	216 LORTON AVE, BURLINGAME, CA 94010-4204
20506080	MORNING GLORY	9/21/1983	6/30/2027	1436 BURLINGAME AVE, BURLINGAME, CA 94010-4111
20502032	MORROW-MEADOWS CORPORATION	7/1/1982	6/30/2027	1050 BING ST, SAN CARLOS, CA 94070-5326
20504106	MOSHER ELECTRIC	6/4/1986	6/30/2027	1412 MONTERO AVE, BURLINGAME, CA 94010-5558
20500248	MOTIVATIONAL SYSTEMS INC.	1/5/2015	6/30/2027	2200 CLEVELAND AVE, NATIONAL CITY, CA 91950-6497
20503778	MOTT MACDONALD GROUP, INC.	7/1/2021	6/30/2027	2633 CAMINO RAMON STE 310, SAN RAMON, CA 94583-9132
20500868	MP NEXLEVEL OF CALIFORNIA INC.	7/1/2016	6/30/2027	500 COUNTY RD 37, MAPLE LAKE, MN 55358-2864
20502062	MP PLUMBING	1/21/2021	6/30/2027	PO BOX 599, BELMONT, CA 94002-0628
20502193	MPG REAL ESTATE MANAGEMENT	9/7/2017	6/30/2027	--ON FILE--
20504585	MR PRO TRANSPORTATION	12/2/2021	6/30/2026	--ON FILE--
20501077	MR ROOFING INC	4/1/2014	6/30/2027	101 FIRST ST, S SAN FRANCISCO, CA 94080-4434
20505115	MR. TERIYAKI	5/16/2014	6/30/2027	851 BURLWAY RD # 900, BURLINGAME, CA 94010-1722
20509409	MSTALL ELECTRIC INC.	9/15/2025	6/30/2027	9701 DINO DR STE 110, ELK GROVE, CA 95624-4041
20508917	MTC XCAVATING LLC	3/5/2025	6/30/2027	--ON FILE--
20509484	MTD DRYWALL, INC.	10/10/2025	6/30/2027	--ON FILE--
20507480	MTI PROPERTIES, LLC	10/14/2019	6/30/2027	1415 ROLLINS RD STE 206, BURLINGAME, CA 94010-2300
20509933	MTN INC WATERPROOFING	5/15/2026	6/30/2026	1830 SIERRA GARDENS DR STE 85, ROSEVILLE, CA 95661-2942
20508213	MTR LOGISTICS INC	10/1/2024	6/30/2027	833 MAHLER RD UNIT 18, BURLINGAME, CA 94010-1609
20507185	MTW BUILDERS, INC.	5/1/2023	6/30/2027	905 HELEN DR, MILLBRAE, CA 94030-1539
20506263	MULBERRYS GARMENT CARE	7/1/2015	6/30/2027	251 PRIMROSE RD, BURLINGAME, CA 94010-4207
20502569	MULDOWNEY CUSTOM HOMES, INC.	11/19/2001	6/30/2027	235 VICTORIA RD, BURLINGAME, CA 94010-2845
20504215	MULTI CRAFT AUTOMOTIVE SHOP	4/3/2006	6/30/2027	917 CALIFORNIA DR, BURLINGAME, CA 94010-3605
20509233	MUNAYER CONSTRUCTION	7/9/2025	6/30/2026	--ON FILE--
20503278	MURILLO'S GARDENING	7/6/2012	6/30/2026	PO BOX 604, DALY CITY, CA 94017-0649
20504612	MURPHY & HARTLIUS/M&H UNIFORMS	2/20/2019	6/30/2027	843 STANTON RD, BURLINGAME, CA 94010-1403
20500974	MURPHY COOKE LLP	7/1/2020	6/30/2027	533 AIRPORT BLVD #400, BURLINGAME, CA 94010-2028
20505952	MURPHY WOOD INCORPORATED	2/6/1985	6/30/2027	1110 BURLINGAME AVE # 211, BURLINGAME, CA 94010-4125
20505185	MUSCO SPORTS LIGHTING, LLC	6/14/2019	6/30/2027	211 2ND AVE, WEST OSKALOOSA, IA
20505744	MUSIALS HEATING & AIR	2/18/2015	6/30/2026	5945 SUNROSE AVE, NEWARK, CA 94560-4439
20502627	MUSIC AT KOHL MANSION, INC.	4/26/2021	6/30/2027	2750 ADELINE DR, BURLINGAME, CA 94010-5597
20506121	MUZAK LLC	7/1/2008	6/30/2027	3318 LAKEMONT BLVD, FORT MILL, SC 29708-8309
20506110	MV PUBLIC TRANSPORTATION, INC.	7/1/2015	6/30/2026	1626 ROLLINS RD, BURLINGAME, CA 94010-2302
20508777	MV SALON	2/28/2025	6/30/2027	264 LORTON AVE, BURLINGAME, CA 94010-4204
20500338	MYERS RESTAURANT SUPPLY LLC	3/1/2016	6/30/2027	1599 CLEVELAND AVE, SANTA ROSA, CA 95401-4280
20507699	MYNT SYSTEMS, INC	12/18/2023	6/30/2026	111 MISSION ST, SANTA CRUZ, CA 95060-3714
20510169	MYRIAD RESOLUTIONS LLC	6/16/2026	6/30/2027	--ON FILE--
20507326	MYRNA MAPA	8/1/2023	6/30/2027	1506 ADELINE DR, BURLINGAME, CA 94010-4606
20504620	MZF-BAYER, INC.	7/2/2007	6/30/2027	1309 ROLLINS RD, BURLINGAME, CA 94010-2409
20505972	N.A. SALES CO INC	7/1/2008	6/30/2027	2707 MCCONE AVE, HAYWARD, CA 94545-1614
20500961	NABEEL MADANAT, M.D., INC.	3/15/1996	6/30/2027	1860 EL CAMINO REAL #105, BURLINGAME, CA 94010-3106
20504191	NABI SALON, INC	7/1/2013	6/30/2027	1361 BROADWAY, BURLINGAME, CA 94010-3425
20502854	NABU ENERGY LLC	5/20/2021	6/30/2026	39899 BALENTINE DR STE 200, NEWARK, CA 94560-5361
20508301	NAILFILESBC LLC	7/1/2024	6/30/2027	1249 BROADWAY, BURLINGAME, CA 94010-3423
20509661	NAILS BY TOM	1/1/2026	6/30/2027	311 CALIFORNIA DR, BURLINGAME, CA 94010-4114
20509088	NAMRATA MUNDHRA	5/19/2025	6/30/2027	--ON FILE--
20507388	NANCY DEMAUREX	4/1/2023	6/30/2027	--ON FILE--
20503100	NAPOLES LANDSCAPE	7/1/2012	6/30/2027	--ON FILE--
20504139	NASH TAX PLANNING & PREPARATION	2/1/2006	6/30/2027	--ON FILE--
20504663	NATEC INTERNATIONAL INC.	1/3/2022	6/30/2027	PO BOX 25205, ANAHEIM, CA 92825-5234
20502170	NATHAN SCHMIDT/MARILYN LINDA SCHMIDT	7/1/2010	6/30/2027	301 CALIFORNIA, BURLINGAME, CA 94010
20505079	NATIONAL ACADEMY OF ATHLETICS	5/6/2014	6/30/2027	850 BURLINGAME AVE, BURLINGAME, CA 94010-2899
20500570	NATIONAL AIR BALANCE COMPANY, INC.	4/6/2015	6/30/2027	6701 KOLL CENTER PKWY STE 425, PLEASANTON, CA 94566-8065
20500354	NATIONAL AUTOMOBILE CLUB	4/1/2019	6/30/2027	111 ANZA BLVD # 109, BURLINGAME, CA 94010-1918
20509854	NATIONAL COATING & LINING CO	3/13/2026	6/30/2027	535 WATT DR STE A, FAIRFIELD, CA 94534-1790
20503513	NATIONAL CONSTRUCTION RENTALS INC	4/14/2004	6/30/2027	15319 CHATSWORTH ST, MISSION HILLS, CA 91345-2040
20500734	NATIONAL EARTHQUAKE ENGINEERS INC	9/30/1994	6/30/2026	--ON FILE--
20509991	NATIONAL ELECTRIC & SERVICES, INC.	4/20/2026	6/30/2027	624 S SAN FERNANDO BLVD, BURBANK, CA 91502-1947
20504120	NATIONAL PHARMATEK CORPORATION	5/28/2013	6/30/2027	1525 ROLLINS RD #C, BURLINGAME, CA 94010-2305
20500057	NATIONAL TRENCH SAFETY, INC.	12/17/2019	6/30/2027	260 N SAM HOUSTON PKWY E # 200, HOUSTON, TX 77060-2024
20510017	NATIONWIDE ENVIRONMENTAL AND CONSTRUCTION	5/11/2026	6/30/2026	4470 YANKEE HILL RD # 200, ROCKLIN, CA 95677-1631
20504988	NATIONWIDE SHOTCRETE, INC.	5/9/2019	6/30/2027	23638 LYONS AVE STE 273, SANTA CLARITA, CA 91321
20508300	NAZNEEN BAHRASSA, PH.D.	2/28/2024	6/30/2027	345 LORTON AVE STE 104, BURLINGAME, CA 94010-4134
20510146	NCL ELECTRIC	6/25/2026	6/30/2027	--ON FILE--
20509114	NCLS BUILDING CONTRACTOR, INC.	5/27/2025	6/30/2027	--ON FILE--
20508101	NCM CONCRETE AND EXCAVATION, LLC	4/5/2024	6/30/2027	1405 EL CAMINO REAL # 426, REDWOOD CITY, CA 94063-2648
20500713	NCR VOYIX CORPORATION	8/11/1994	6/30/2027	864 SPRING ST NW, ATLANTA, GA 30308-1007
20500144	NEAL'S COFFEE SHOP	1/9/1990	6/30/2027	1845 EL CAMINO REAL, BURLINGAME, CA 94010-3220
20500741	NEJASMICH, INC.	5/14/2020	6/30/2027	--ON FILE--
20500807	NELSON\NYGAARD CONSULTING ASSOCIATES, INC.	7/1/2016	6/30/2027	2 BRYANT ST STE 300, SAN FRANCISCO, CA 94105-1641
20509859	NEOK BIO, INC	3/1/2026	6/30/2027	330 PRIMROSE RD STE 412, BURLINGAME, CA 94010-4042
20501368	NEPTUNE MEDICAL	12/19/2016	6/30/2027	1828 EL CAMINO REAL # 508, BURLINGAME, CA 94010-3118
20505786	NESCO HEATING AND AIR CONDITIONING	7/1/2008	6/30/2027	1120 EL CAMINO REAL # 1, BURLINGAME, CA 94010-4944
20508413	NESS PLUMBING AND BACKFLOW	7/15/2024	6/30/2026	--ON FILE--
20503642	NEST DENTAL	10/9/2012	6/30/2027	1860 EL CAMINO REAL # 305, BURLINGAME, CA 94010-3114
20506367	NETBOUND SYSTEMS INC	5/1/2009	6/30/2027	533 AIRPORT BLVD # 400, BURLINGAME, CA 94010-2028
20508310	NETLINX TRANSPORT LLC	7/1/2024	6/30/2027	1799 BAYSHORE HWY #127, BURLINGAME, CA 94010-1306
20509544	NETRA CENTER FOR ARTS AND CULTURE	12/1/2025	6/30/2026	1419 BURLINGAME AVE STE N, BURLINGAME, CA 94010-4123
20509282	NETWORK CONNEX	1/1/2025	6/30/2027	16029 ARROW HWY A, IRWINDALE, CA 91706
20509139	NEUROTH CONSTRUCTION, INC.	6/1/2025	6/30/2026	1165 LINDA VISTA DR STE 102, SAN MARCOS, CA 92078-3821
20503199	NEVAREZ LANDSCAPING	7/2/2012	6/30/2027	--ON FILE--
20509050	NEW ADELINE CLEANERS	5/5/2025	6/30/2027	1504 ADELINE DR, BURLINGAME, CA 94010-4606
20502115	NEW AGE ELECTRIC CO LLC	7/1/2003	6/30/2026	1085 N 11TH ST, SAN JOSE, CA 95112-2928
20501663	NEW ALPHA THREE INC.	3/22/2017	6/30/2027	PO BOX 919, DALY CITY, CA 94017-0919
20508657	NEW AMERICAN FUNDING, LLC	11/1/2024	6/30/2027	800 AIRPORT BLVD STE 417, BURLINGAME, CA 94010-1929
20509488	NEW AUTO DETAIL TOUCH UP PAINT & REPAIR INC	10/8/2025	6/30/2026	1550 ROLLINS RD # F, BURLINGAME, CA 94010-2313
20503611	NEW AUTO GLASS	7/8/2004	6/30/2027	1550 ROLLINS RD #B, BURLINGAME, CA 94010-2313
20508631	NEW AUTO GLASS	11/1/2024	6/30/2027	1550 ROLLINS RD # F, BURLINGAME, CA 94010-2313
20509337	NEW BUILD INC	8/15/2025	6/30/2027	531 N H ST STE B, LOMPOC, CA 93436-5323
20508323	NEW ENGLAND LEAD BURNING COMPANY, INC.	1/15/2024	6/30/2027	2 BURLINGTON WOODS DR # 300, BURLINGTON, MA 01803-4543
20503633	NEW ENGLAND LOBSTER COMPANY, INC	10/3/2012	6/30/2027	824 COWAN RD, BURLINGAME, CA 94010-1205
20509766	NEW ERA BUILDING CO	1/29/2026	6/30/2026	1875 S BASCOM AVE STE 2400, CAMPBELL, CA 95008-2356
20509897	NEW ERA CONCRETE CUTTING	4/9/2026	6/30/2026	--ON FILE--
20501326	NEW GENERATION VINTAGE	9/1/2020	6/30/2027	13 VALDIVIA CT, BURLINGAME, CA 94010-5428
20505413	NEW HIGH PROTECTION ROOFING	10/29/2013	6/30/2026	247 MILAGRA DR, PACIFICA, CA 94044-2330
20501121	NEW LIGHT COUNSELING SERVICE	10/7/2016	6/30/2027	1419 BURLINGAME AVE S, BURLINGAME, CA 94010
20505301	NEW LIGHT REALTY INC	6/12/2008	6/30/2027	--ON FILE--
20501731	NEW PATH LANDSCAPE SERVICES, INC	4/17/2017	6/30/2027	16170 VINEYARD BLVD # 180, MORGAN HILL, CA 95037-5498
20502014	NEW REFLECTIONS (JACKIE SUAREZ)	2/25/2000	6/30/2027	1209 CAPUCHINO AVE, BURLINGAME, CA 94010-3403
20501617	NEW REFLECTIONS - HAIR BY CLAUDIA	10/26/1998	6/30/2027	1211 BROADWAY, BURLINGAME, CA 94010-3423
20502831	NEW REFLECTIONS HAIR DESIGNS	7/1/2002	6/30/2027	1209 CAPUCHINO AVE, BURLINGAME, CA 94010-3403
20500749	NEW REFLECTIONS- EVA CHOY	7/21/2010	6/30/2027	1209 CAPUCHINO AVE, BURLINGAME, CA 94010-3403
20506494	NEW VISION CONSTRUCTION	7/28/2022	6/30/2026	1464 D ST, HAYWARD, CA 94541-4312
20506769	NEWPORT FISH COMPANY	7/1/2009	6/30/2027	457 S CANAL ST, S SAN FRANCISCO, CA 94080-4607
20508589	NEWSONTEC GENERAL ENGINEERING CORP	10/6/2024	6/30/2026	658 SAN DIEGO AVE, DALY CITY, CA 94014-1959
20504044	NEWVIEW CAPITAL MANAGEMENT, LLC	10/9/2018	6/30/2027	1201 HOWARD AVE STE 101, BURLINGAME, CA 94010-4224
20508070	NEXINITE, LLC	4/1/2024	6/30/2027	1615 S CONGRESS AVE STE 103, DELRAY BEACH, FL 33445-6326
20505435	NEXT ELECTRIC	3/21/2022	6/30/2027	170 GLENN WAY #1, SAN CARLOS, CA 94070-6266
20509478	NEXT GENERATION ROOFING COMPANY	10/3/2025	6/30/2026	--ON FILE--
20509107	NEXUS ENERGY SYSTEMS	5/22/2025	6/30/2027	10692 STANFORD AVE UNIT A, GARDEN GROVE, CA 92840-7003
20509295	NG'S ELECTRICAL INC	8/1/2025	6/30/2026	463 LISBON ST, SAN FRANCISCO, CA 94112-2707
20509686	NIC PLUMBING CO.	2/1/2026	6/30/2026	2625 MERIDIAN AVE, SAN JOSE, CA 95124-1934
20509362	NICE & CLEAN LIVING	8/20/2025	6/30/2027	--ON FILE--
20504560	NICK DELIS CO, INC.	10/21/2013	6/30/2026	347 PRIMROSE RD, BURLINGAME, CA 94010-4168
20501965	NICK FOSTER ENTERTAINMENT SERVICES	1/18/2000	6/30/2027	--ON FILE--
20508685	NICK'S PRESSURE WASHING	11/21/2024	6/30/2027	--ON FILE--
20506884	NICKITAS 7280, INC.	7/1/2022	6/30/2027	--ON FILE--
20504796	NICOLE LILLES SALON & COLOR LOUNGE - HAIR BY MARIS	1/21/2014	6/30/2027	1419 BURLINGAME AVE # T, BURLINGAME, CA 94010-4119
20510147	NICOLE SMITH LEICHTENSCHLAG	5/14/2026	6/30/2027	--ON FILE--
20509296	NIELSON MECHANICAL, INC	8/13/2025	6/30/2026	4987 NOONAN LN, FAIRFIELD, CA 94533-6512
20501516	NIGEL MULGREW PLUMBING, INC.	10/1/2020	6/30/2027	--ON FILE--
20509761	NILAN JOHNSON LEWIS PA	2/2/2026	6/30/2027	398 PRIMROSE RD UNIT 225, BURLINGAME, CA 94010-4005
20503003	NILAND BUILDERS	10/29/2002	6/30/2027	1122 CLOVELLY LN, BURLINGAME, CA 94010-3339
20507392	NILES COLLEGE	7/1/2023	6/30/2026	1299 BAYSHORE HWY UNIT 200, BURLINGAME, CA 94010-1807
20500349	NILMEYER / NILMEYER ASSOCIATES	7/16/1992	6/30/2027	128 PEPPER AVE, BURLINGAME, CA 94010-5235
20504470	NINA WEIL & ASSOCIATES	1/2/2007	6/30/2027	1520 BALBOA AVE, BURLINGAME, CA 94010-4614
20506275	NING'S CATERING	8/3/1981	6/30/2027	--ON FILE--
20505005	NINGZHI HU SIGNS COMPANY	5/13/2019	6/30/2027	--ON FILE--
20500171	NINO'S HARDWOOD FLOORS, INC.	12/7/2015	6/30/2027	PO BOX 994, MILLBRAE, CA 94030-0999
20507281	NINYO & MOORE GEOTECHNICAL &	6/13/2023	6/30/2027	5710 RUFFIN RD, SAN DIEGO, CA 92123-1013
20506284	NIZAR F HADDAD	4/16/2009	6/30/2027	191 AIRPORT BLVD, BURLINGAME, CA 94010-2006
20505424	NMS BROSNAN CONSTRUCTION	8/8/2012	6/30/2027	--ON FILE--
20506189	NOBLE CONSTRUCTION SERVICES LLC	1/1/2020	6/30/2026	533 AIRPORT BLVD STE 400, BURLINGAME, CA 94010-2028
20501726	NOEL L MILLER, INC.	6/30/1981	6/30/2027	129 CALIFORNIA DR, BURLINGAME, CA 94010-4396
20505491	NOISETRON, LLC.	10/14/2014	6/30/2027	533 AIRPORT BLVD #400, BURLINGAME, CA 94010-2028
20503128	NOLA MARKETING	12/31/2002	6/30/2027	--ON FILE--
20505956	NOMURA AND COMPANY INC.	10/13/1987	6/30/2027	40 BRODERICK RD, BURLINGAME, CA 94010-2202
20503856	NORCAL AMBULANCE	8/24/2018	6/30/2027	1846 ROLLINS RD, BURLINGAME, CA 94010-2205
20509841	NORCAL CONSTRUCTION & DEVELOPMENT INC.	3/4/2026	6/30/2026	4181 1ST ST, LIVERMORE, CA 94551-4913
20502851	NORCAL RENTAL GROUP LLC - CRESCO EXPRESS	7/15/2002	6/30/2027	1336 ROLLINS RD, BURLINGAME, CA 94010-2410
20506111	NORMAN S. WRIGHT MECHANICAL EQUIPMENT CORP.	7/1/2008	6/30/2027	99 S HILL DR A, BRISBANE, CA 94005-1282
20502566	NORTH DREAM CONSTRUCTION INC	11/22/2017	6/30/2026	16 YARNALL PL # A, REDWOOD CITY, CA 94063-4327
20507433	NORTH EAST MEDICAL SERVICES	9/18/2023	6/30/2027	1710 GILBRETH RD STE 100, BURLINGAME, CA 94010-1315
20510031	NORTH PACIFIC BUILDERS	5/15/2026	6/30/2027	2155 VERONA AVE, OAKLEY, CA 94561-4157
20509071	NORTH SKY COMMUNICATIONS LLC	5/9/2025	6/30/2027	16701 SE MCGILLIVRAY BLVD STE 200, VANCOUVER, WA 98683-3462
20508882	NORTH STAR ELECTRICAL LLC	2/15/2025	6/30/2026	--ON FILE--
20500746	NORTHERN CALIFORNIA FIRE PROTECTION SERVICES, INC.	7/21/2010	6/30/2027	16840 JOLEEN WAY STE A, MORGAN HILL, CA 95037-4606
20502954	NORTHERN PENINSULA INFECTIOUS DISEASES	3/9/2018	6/30/2027	1501 TROUSDALE DR, BURLINGAME, CA 94010-3282
20509602	NORTHSTAR INSULATION	11/26/2025	6/30/2026	--ON FILE--
20509429	NORTHSTAR SOLAR INC	9/11/2025	6/30/2026	822 HARTZ WAY # 240, DANVILLE, CA 94526-3473
20504552	NORTHWEST CASCADE INC	10/11/2013	6/30/2027	4045 PALM AVE, SACRAMENTO, CA 95842-3301
20504011	NORTHWEST SIGNS	1/5/2017	6/30/2027	120 ENCINAL ST, SANTA CRUZ, CA 95060-2111
20504543	NOVO CONSTRUCTION	5/3/2007	6/30/2027	1460 OBRIEN DR, MENLO PARK, CA 94025-1432
20501216	NOVO NORDISK INC	7/1/2010	6/30/2026	800 SCUDDERS MILL RD, PLAINSBORO, NJ 08536-1606
20503928	NRG CLEAN POWER INC	9/11/2018	6/30/2027	7012 OWENSMOUTH AVE, CANOGA PARK, CA 91303-2005
20508378	NRG ELECTRIC INC.	7/18/2024	6/30/2027	789 E BROKAW RD, SAN JOSE, CA 95112-1014
20502213	NU LEVEL REALTY, INC.	7/5/2011	6/30/2027	1818 GILBRETH RD # 126, BURLINGAME, CA 94010-1216
20501353	NUANCE DESIGN JEWELERS	12/8/1997	6/30/2027	1152 HOWARD AVE, BURLINGAME, CA 94010-4226
20505688	NUCAL FOODS INC	7/1/2008	6/30/2027	720 S STOCKTON AVE, RIPON, CA 95366-2790
20503094	NUHOME REMODELING	7/15/2021	6/30/2027	1580 OAKLAND RD C202, SAN JOSE, CA 95131
20507510	NUR HVAC INC	9/20/2023	6/30/2027	1078 WENTWORTH ST, MOUNTAIN VIEW, CA 94043-4629
20508351	NURSE NEXT DOOR SAN MATEO	7/1/2024	6/30/2027	1290 HOWARD AVE STE 201H, BURLINGAME, CA 94010-4222
20500764	NUTS FOR CANDY	12/16/1994	6/30/2027	1241 BROADWAY, BURLINGAME, CA 94010-3423
20501623	NXT BOWLER, INC.	3/9/2017	6/30/2027	111 ANZA BLVD # 412, BURLINGAME, CA 94010-1916
20504134	NYHUS DESIGN GROUP	6/6/2013	6/30/2027	1555 BAYSHORE HWY # 120, BURLINGAME, CA 94010-1617
20503542	O'BRIEN & SONS CONSTRUCTION	4/20/1984	6/30/2027	--ON FILE--
20502712	O'CONNOR PLUMBING & FIRE PROTECTION INC	12/28/2011	6/30/2027	360 SWIFT AVE STE 26, SOUTH SAN FRANCISCO, CA 94080-6220
20501729	O'GRADY CONSTRUCTION	4/12/1999	6/30/2027	469 BLOOMFIELD RD, BURLINGAME, CA 94010-2757
20503584	O'GRADY PAVING INC	11/12/2010	6/30/2027	2513 WYANDOTTE ST, MOUNTAIN VIEW, CA 94043-2311
20506289	O'REILLY AUTO PARTS #2743	7/1/2008	6/30/2027	PO BOX 1156, SPRINGFIELD, MO 65801-1174
20500543	O.J. TILE AND GRANITE	3/18/2016	6/30/2027	240 HARBOR BLVD # F, BELMONT, CA 94002-4022
20504253	OAK GROVE PHARMACY INC	5/4/2006	6/30/2027	1750 EL CAMINO REAL, BURLINGAME, CA 94010-3228
20506155	OAK OPTOMETRIC CARE CA PROFESSIONAL CORPORATION	7/27/2022	6/30/2027	1400 BURLINGAME AVE, BURLINGAME, CA 94010-4111
20507520	OAKMONT OF BURLINGAME	7/1/2023	6/30/2027	1818 TROUSDALE DR, BURLINGAME, CA 94010-4510
20509649	OAKVIEW CONSTRUCTION	12/15/2025	6/30/2026	626 EL CAMINO REAL, SAN CARLOS, CA 94070-3176
20508955	OAX COMMUNICATIONS & ELECTRIC	3/24/2025	6/30/2026	726 DEL MONTE AVE, SOUTH SAN FRANCISCO, CA 94080-2230
20509369	OBR ELECTRIC LLC	8/25/2025	6/30/2026	3397 ARKANSAS ST, OAKLAND, CA 94602-3707
20509747	OC DESIGN STUDIO LLC	1/23/2026	6/30/2026	1786 EUGENIA AVE, HAYWARD, CA 94545-4936
20504815	OCCIDENTAL ASSET MANAGEMENT LLC	7/1/2013	6/30/2027	301 CALIFORNIA DR #9, BURLINGAME, CA 94010-4142
20507027	OCCO INC.	2/1/2023	6/30/2027	851 BURLWAY RD # 523, BURLINGAME, CA 94010-1714
20501692	OCEAN HONDA OF BURLINGAME	4/3/2017	6/30/2027	200 CALIFORNIA DR, BURLINGAME, CA 94010-4113
20502306	OCEAN HONDA OF BURLINGAME	8/14/2017	6/30/2027	1070 BROADWAY, BURLINGAME, CA 94010-2415
20505111	OCEANA FOOD COMPANY LLC	5/31/2019	6/30/2027	1872 ROLLINS RD, BURLINGAME, CA 94010-2205
20505889	OCTANE MOTORSPORT	5/1/2015	6/30/2027	1310 ROLLINS RD, BURLINGAME, CA 94010-2410
20508307	OCTO PAINTING INC	6/21/2024	6/30/2026	13235 LLAGAS AVE, SAN MARTIN, CA 95046-9562
20501868	ODR ROOFING	6/5/2017	6/30/2026	--ON FILE--
20509031	OEC GROUP, SAN FRANCISCO	10/16/2016	6/30/2027	1633 OLD BAYSHORE HWY STE 331, BURLINGAME, CA 94010
20502887	OFFICE DEPOT #01135	7/1/2011	6/30/2027	6700 AUTOMALL PKWY, FREMONT, CA 94539
20501745	OFFICE SEKKEI AMERICA INC	7/1/2010	6/30/2026	569 CLYDE AVE 540, MOUNTAIN VIEW, CA 94043-2257
20503570	OIA GLOBAL LOGISTICS	5/13/2004	6/30/2027	1633 OLD BAYSHORE HWY, BURLINGAME, CA 94010
20506858	OJ INSULATION, LP	12/22/2009	6/30/2027	495 S HIGH ST STE 50, COLUMBUS, OH 43215-5689
20505945	OLDCASTLE BUILDINGENVELOPE, INC.	7/1/2008	6/30/2027	5430 LYNDON B JOHNSON FWY STE 900, DALLAS, TX 75240-2619
20508115	OLI GENERAL CONTRACTORS	3/19/2024	6/30/2027	1050 EDWARDS RD, BURLINGAME, CA 94010-2318
20508868	OLIVE GROVE CAPITAL, LP	2/1/2025	6/30/2027	--ON FILE--
20509675	OLIVE GROVE CAPITAL, LP	12/1/2025	6/30/2027	1249 OAK GROVE AVE, BURLINGAME, CA 94010-7801
20509078	OMAK CONSTRUCTION INC.,	5/13/2025	6/30/2027	7311 32ND ST, NORTH HIGHLANDS, CA 95660-2521
20508950	OMLOOP LLC	5/25/2023	6/30/2026	21 BANTRY RD, FRAMINGHAM, MA 01701-4983
20500198	OMNI VENTURES INC	7/13/1990	6/30/2027	133 COSTA RICA AVE, BURLINGAME, CA 94010-5211
20509581	OMNIOPTIMIZATIONS	1/1/2026	6/30/2027	850 BURLINGAME AVE, BURLINGAME, CA 94010-2899
20500769	ON CAMERA PRODUCTIONS	1/23/1995	6/30/2026	330 PRIMROSE RD # 214, BURLINGAME, CA 94010-4026
20508446	ON DESIGN & REMODELING	9/15/2024	6/30/2026	1762 TECHNOLOGY DR STE 226, SAN JOSE, CA 95110-1380
20508203	ON TOP CONSTRUCTION, INC.	6/1/2024	6/30/2027	201 RICKENBACKER CIR, LIVERMORE, CA 94551-7616
20510057	ONE ACCESS NORTH BAY	6/1/2026	6/30/2027	7887 ENTERPRISE DR STE C, NEWARK, CA 94560-3890
20509278	ONE DESIGN	5/13/2025	6/30/2026	--ON FILE--
20507398	ONE LITTTLE THING	8/7/2023	6/30/2027	--ON FILE--
20506556	ONE LOVE MONTESSORI SCHOOL	8/15/2022	6/30/2026	1430 PALM DR, BURLINGAME, CA 94010-3734
20503657	ONE MEDICAL GROUP	9/26/2012	6/30/2027	329 PRIMROSE RD, BURLINGAME, CA 94010-4093
20501194	ONE ON ONE BBA, INC.	8/3/2020	6/30/2027	533 AIRPORT BLVD STE 400, BURLINGAME, CA 94010-2028
20504455	ONE SOURCE ENGINEERING, INC.	9/10/2013	6/30/2027	50 WOODSIDE PLZ # 116, REDWOOD CITY, CA 94061-2500
20505511	ONE WORKPLACE L FERRARI, LLC.	7/1/2014	6/30/2027	2500 DE LA CRUZ BLVD, SANTA CLARA, CA 95050-2661
20500476	ONEILL CONSTRUCTION	3/1/2016	6/30/2027	--ON FILE--
20508791	ONESOURCE DISTRIBUTORS, LLC.	5/6/2024	6/30/2027	2001 MARINA BLVD, SAN LEANDRO, CA 94577-3204
20505591	ONPOINT CONSTRUCTION	7/1/2014	6/30/2026	322 LANG RD, BURLINGAME, CA 94010-2003
20506598	ONYX SALON INC.	9/1/2022	6/30/2027	1113 BURLINGAME AVE, BURLINGAME, CA 94010-4115
20501698	OPEN SHELTERS ADVISORS	11/5/2020	6/30/2027	4 CALLE CRISTIANO, SANTA FE, NM 87500-8
20505271	OPTURA ADVISORS, INC.	7/2/2019	6/30/2027	533 AIRPORT BLVD 400, BULRINGAME, CA 94010
20502420	OPUS ONE HOWARD LLC	10/20/2017	6/30/2027	1290 HOWARD AVE # 323, BURLINGAME, CA 94010-4222
20504604	ORBIT TREASURY SOLUTIONS, INC.	2/15/2019	6/30/2026	533 AIRPORT BLVD # 400, BURLINGAME, CA 94010-2028
20509676	ORETOLA THOMAS, ARCHITECT	1/1/2026	6/30/2027	1500 FLORIBUNDA AVE # 4, BURLINGAME, CA 94010-3857
20509896	ORIGAMI DESIGN-BUILD	3/30/2026	6/30/2026	2020 29TH ST # 103, SACRAMENTO, CA 95817-1119
20503054	ORIGINAL GARDENING MAINTENANCE	7/1/2012	6/30/2026	500 STATE ST, SAN MATEO, CA 94401-1614
20500047	ORITZ CORPORATION	9/29/1988	6/30/2027	1555 BAYSHORE HWY 4TH FL, BURLINGAME, CA 94010
20500744	ORITZ PROPERTIES, INC	6/15/2016	6/30/2027	1555 BAYSHORE HWY # 400, BURLINGAME, CA 94010-1617
20509334	ORKA HEALTH	1/1/2025	6/30/2027	--ON FILE--
20500686	ORKIN SERVICES OF CALIFORNIA, INC.	4/9/2020	6/30/2026	819 COWAN RD STE E, BURLINGAME, CA 94010-1220
20500853	ORLANDO TRUJILLO PAINTING CONTRACTOR	9/5/1995	6/30/2027	6 S AMPHLETT BLVD, SAN MATEO, CA 94401-2940
20500790	ORO PRO PLUMBING INC.	6/18/2016	6/30/2027	535 STANDISH ST, REDWOOD CITY, CA 94063-1139
20504414	ORR PROTECTION SYSTEMS, INC.	1/14/2019	6/30/2027	6761 SIERRA CT STE A, DUBLIN, CA 94568-2692
20503157	ORTIZ HEATING & AIR CONDITIONING	3/3/2003	6/30/2027	833 MAHLER RD # 14, BURLINGAME, CA 94010-1609
20504305	OSBORNE INSURANCE AGENCY	7/6/2006	6/30/2027	1419 BURLINGAME AVE # O, BURLINGAME, CA 94010-4122
20509614	OSCAR BUILDERS INC	12/2/2025	6/30/2026	--ON FILE--
20502726	OSI MARINE LAB INC	3/31/2002	6/30/2027	1350 BAYSHORE HWY # 440, BURLINGAME, CA 94010-1813
20508907	OT BAY BUILDERS INC.	2/27/2025	6/30/2027	1580 OAKLAND RD STE C106, SAN JOSE, CA 95131-2441
20501793	OTIS ELEVATOR COMPANY	6/3/1999	6/30/2027	1025 N FLORIDA MANGO RD #9, WEST PALM BEACH, FL 33409-4163
20502330	OTT NEWERA CORP	2/8/2001	6/30/2027	833 MAHLER RD # 12, BURLINGAME, CA 94010-1609
20503976	OUR LADY OF ANGELS CATHOLIC PRE-SCHOOL	2/21/1984	6/30/2027	1341 CORTEZ AVE, BURLINGAME, CA 94010-4714
20502623	OUR LADY OF ANGELS SCHOOL	7/29/1981	6/30/2027	1721 HILLSIDE DR, BURLINGAME, CA 94010-4796
20505709	OUT OF THE BOX KIDS	7/1/2019	6/30/2027	850 BURLINGAME AVE, BURLINGAME, CA 94010-2899
20508738	OUTDOOR DIMENSIONS	12/18/2024	6/30/2027	5325 E HUNTER AVE, ANAHEIM, CA 92807-2054
20509550	OVALLE'S CONSTRUCTION	11/5/2025	6/30/2026	--ON FILE--
20501974	OWENS ELECTRIC INC.	1/4/2021	6/30/2027	--ON FILE--
20500558	OZDEMIR YILDIZ	2/28/2020	6/30/2026	121 HILLVIEW DR, VALLEJO, CA 94591-4268
20505651	P J BROSNAN	4/18/2022	6/30/2027	--ON FILE--
20500738	P L ANNUZZI INC	11/1/1994	6/30/2027	827 MALCOLM RD, BURLINGAME, CA 94010-1406
20500194	P&C GREENE ENTERPRISES INC	7/1/2009	6/30/2027	2505 COOPER CIR, LIVERMORE, CA 94550-7171
20500116	P.G. SOILS, INC.	10/6/1989	6/30/2027	--ON FILE--
20500258	P.I. ELECTRIC INC.	1/7/2020	6/30/2026	2611 THORNHILL DR, SAN CARLOS, CA 94070-4428
20505042	P.O.V. VIDEO	1/1/2019	6/30/2027	391 BEACH RD, BURLINGAME, CA 94010-2005
20501822	P.S. ORANGECO INC	7/21/1999	6/30/2026	1761 ADRIAN RD, BURLINGAME, CA 94010-2104
20503830	PAC INTEGRATIONS, INC.	3/17/2005	6/30/2027	PO BOX 6008, CONCORD, CA 94524-1054
20506100	PACIFIC AUTO REPAIR	7/20/1981	6/30/2027	124 HIGHLAND AVE, BURLINGAME, CA 94010-4321
20500204	PACIFIC BALDWIN CONSTRUCTION INC.	12/28/2015	6/30/2027	433 AIRPORT BLVD #305, BURLINGAME, CA 94010-2010
20508834	PACIFIC BAY MASONRY, INC.	1/29/2025	6/30/2027	330 LINCOLN AVE # 1, SAN JOSE, CA 95126-3406
20510198	PACIFIC BAY PLUMBING & FIRE PROTECTION	7/20/2026	6/30/2027	1555 YOSEMITE AVE # 17, SAN FRANCISCO, CA 94124-3256
20506736	PACIFIC COAST BAKING CO INC	7/1/2009	6/30/2027	360 SHAW RD UNIT B, S SAN FRANCISCO, CA 94080-6624
20505790	PACIFIC COAST SALES & SERVICE	7/1/2008	6/30/2027	310 SOQUEL WAY, SUNNYVALE, CA 94085-4101
20501366	PACIFIC DAS	9/14/2020	6/30/2027	5653 STONERIDGE DR, PLEASANTON, CA 94588-8550
20502561	PACIFIC ENGINEERING & CONSTRUCTION, INC.	4/13/2021	6/30/2027	470 3RD ST, SAN FRANCISCO, CA 94107-1274
20510060	PACIFIC HEALTHCARE INSTITUTE	6/1/2026	6/30/2027	1299 BAYSHORE HWY RM 200, BURLINGAME, CA 94010-1807
20505650	PACIFIC HEIGHTS CONSTRUCTION INC.	8/8/2019	6/30/2027	307 S B ST STE 1, SAN MATEO, CA 94401-4054
20506677	PACIFIC MOTORS	8/1/2022	6/30/2027	909 CALIFORNIA DR, BURLINGAME, CA 94010-3605
20505411	PACIFIC MYOFASCIAL RELEASE	4/4/2022	6/30/2027	533 AIRPORT BLVD 4TH FL, BURLINGAME, CA 94010
20504755	PACIFIC NEUROSURGERY	1/3/2014	6/30/2027	345 LORTON AVE # 102, BURLINGAME, CA 94010-4134
20500357	PACIFIC OFFICE AUTOMATION INC	7/1/2009	6/30/2027	14747 NW GREENBRIER PKWY, BEAVERTON, OR 97006-5601
20508518	PACIFIC PETROLEUM	10/15/2024	6/30/2026	3064 NATIONAL AVE, SAN DIEGO, CA 92113-2542
20505341	PACIFIC PLUMBING	7/9/2008	6/30/2027	956 TERMINAL WAY, SAN CARLOS, CA 94070-3225
20504649	PACIFIC PLUMBING & SEWER SERVICE, INC.	5/20/2016	6/30/2027	200 WHITNEY PL, FREMONT, CA 94539-7655
20502542	PACIFIC PRODUCE	9/28/2011	6/30/2027	PO BOX 879, S SAN FRANCISCO, CA 94083-0931
20500812	PACIFIC STATES ENVIRONMENTAL CONTRACTORS, INC.	6/1/2020	6/30/2027	11555 DUBLIN BLVD, DUBLIN, CA 94568-2854
20508248	PACIFIC SURFACING LLC	6/10/2024	6/30/2027	2066 WARM SPRINGS CT, FREMONT, CA 94539-6744
20501264	PACIFIC WATER RESOURCES	7/30/1997	6/30/2027	--ON FILE--
20502658	PACIFIC WEST SECURITY INC.	10/22/1981	6/30/2027	1587 SCHALLENBERGER RD, SAN JOSE, CA 95131-2434
20505103	PACIFICA BURLINGAME LP	12/29/2021	6/30/2027	--ON FILE--
20504468	PACKARD CHILDREN'S HEALTH ALLIANCE	9/16/2013	6/30/2027	1720 EL CAMINO REAL # 230, BURLINGAME, CA 94010-3212
20504312	PACKARD CHILDREN'S HEALTH ALLIANCE	11/1/2012	6/30/2027	1720 EL CAMINO REAL # 205, BURLINGAME, CA 94010-3226
20502376	PACKET FUSION INC	8/11/2011	6/30/2027	4305 HACIENDA DR 440, PLEASNTON, CA 94588-8545
20509591	PAIRED POWER	11/18/2025	6/30/2026	1624 DELL AVE, CAMPBELL, CA 95008-6928
20502363	PAISANO ELECTRIC, INC.	8/8/2011	6/30/2027	932 AMERICAN ST, SAN CARLOS, CA 94070-5302
20501633	PAK'S ROOFING CO	11/19/2013	6/30/2027	1241 SLEEPY HOLLOW LN, MILLBRAE, CA 94030-1528
20508242	PALAMERICAN SECURITY (SILICON VALLEY) INC.	3/31/2024	6/30/2027	1735 N FIRST ST STE 108, SAN JOSE, CA 95112
20506400	PALETERIA VERACRUZ	6/1/2009	6/30/2026	--ON FILE--
20505075	PALLADINO PAINTING INC	7/1/2007	6/30/2027	PO BOX 3126, HALF MOON BAY, CA 94019-3218
20502257	PALLARI CONSTRUCTION INC.	1/1/2021	6/30/2027	1408 CABRILLO AVE, BURLINGAME, CA 94010-4709
20504314	PALM CONSTRUCTION INC.	10/21/2021	6/30/2026	17259 HESPERIAN BLVD #7, SAN LORENZO, CA 94580-3158
20500872	PALMER ELECTRIC INC	10/23/1995	6/30/2027	801 AMERICAN ST STE C, SAN CARLOS, CA 94070-4176
20504835	PALO ALTO AWNING, INC.	7/31/2007	6/30/2027	1381 N 10TH ST, SAN JOSE, CA 95112-2804
20509118	PALO ALTO MEDICAL FOUNDATION	8/4/2025	6/30/2027	1720 EL CAMINO REAL # 150-165, BURLINGAME, CA 94010-3231
20501231	PALO ALTO MEDICAL FOUNDATION	11/2/2010	6/30/2027	1501 TROUSDALE DR, BURLINGAME, CA 94010-3282
20503336	PALO ALTO MEDICAL FOUNDATION	3/1/2021	6/30/2027	1720 EL CAMINO REAL 116 118 145, BURLINGAME, CA 94010
20509390	PALO ALTO MEDICAL FOUNDATION	9/29/2025	6/30/2027	1720 EL CAMINO REAL STE 235, BURLINGAME, CA 94010-3213
20509709	PALO ALTO MEDICAL FOUNDATION	2/6/2026	6/30/2027	1720 EL CAMINO REAL STE 200, BURLINGAME, CA 94010-3226
20509035	PALO ALTO MEDICAL FOUNDATION	9/22/2025	6/30/2027	1720 EL CAMINO REAL STE 5-10, BURLINGAME, CA 94010-3226
20509030	PALO ALTO MEDICAL FOUNDATION	8/4/2025	6/30/2027	1720 EL CAMINO REAL #5, BURLINGAME, CA 94010-3226
20507588	PALOMA COTTAGE UNDER A TREE	11/1/2023	6/30/2027	--ON FILE--
20504187	PAMPERED & POLISHED	10/12/2021	6/30/2027	363 PRIMROSE RD, BURLINGAME, CA 94010-4004
20509839	PAN/SHAN REVOCABLE TRUST	8/11/2025	6/30/2027	--ON FILE--
20509813	PANACHE 2 HAIRDRESSING	7/5/2025	6/30/2027	1506 ADELINE DR, BURLINGAME, CA 94010-4606
20501331	PANASONIC AVIONICS CORPORATION	10/21/1997	6/30/2027	1826 ROLLINS RD, BURLINGAME, CA 94010-2200
20503365	PANDA EXPRESS #907	11/4/2003	6/30/2027	1453 BURLINGAME AVE, BURLINGAME, CA 94010-4110
20504927	PANDA WINDOWS AND DOORS OPERATIONS LLC	4/1/2022	6/30/2027	980 DAVID RD B, BURLINGAME, CA 94010
20502019	PANDALI CORPORATION	5/20/2011	6/30/2027	1337 SKYVIEW DR, BURLINGAME, CA 94010-6236
20510090	PANITHI KACHINTHORN'S VIOLIN AND VIOLA STUDIO	7/20/2026	6/30/2027	--ON FILE--
20504698	PANNA LLC	12/6/2013	6/30/2027	1444 BURLINGAME AVE, BURLINGAME, CA 94010-4111
20507920	PANORAMIC DOORS, LLC	10/1/2019	6/30/2027	2 ADRIAN CT STE 2-4, BURLINGAME, CA 94010-2101
20501805	PANORAMIC TECHNOLOGY, INC.	3/11/2011	6/30/2027	1221 BALBOA AVE, BURLINGAME, CA 94010-4817
20504261	PAPER CAPER	5/26/2006	6/30/2027	1442 BURLINGAME AVE, BURLINGAME, CA 94010-4111
20501362	PAPER GRINS	11/10/2010	6/30/2027	2309 VALDIVIA WAY, BURLINGAME, CA 94010-5429
20506941	PAPER SOURCE LLC	12/31/2022	6/30/2027	1325 BURLINGAME AVE, BURLINGAME, CA 94010-4108
20502373	PAPERS AND PETALS	7/1/2001	6/30/2027	1419 BURLINGAME AVE # G, BURLINGAME, CA 94010-4122
20502588	PARADISE ELECTRICAL SERVICES, INC.	4/15/2021	6/30/2027	378 5TH ST, HOLLISTER, CA 95023-3833
20502590	PARADISE HOME AUDIO, INC.	4/15/2021	6/30/2027	378 5TH ST, HOLLISTER, CA 95023-3833
20504773	PARADISE VALLEY SPAS	1/13/2014	6/30/2027	1872 ROLLINS RD, BURLINGAME, CA 94010-2205
20509796	PARADISE WATER GARDENS AND LANDSCAPE, INC.	2/11/2026	6/30/2026	2491 APPIAN WAY, MANTECA, CA 95337-8241
20501130	PARAMOUNT ELEVATOR CORPORATION	7/1/2010	6/30/2027	333 MARKET ST, OAKLAND, CA 94607-3031
20508273	PARAMOUR HAIR	8/1/2024	6/30/2027	264 LORTON AVE, BURLINGAME, CA 94010-4204
20502924	PARC STAGING LLC	5/10/2021	6/30/2027	533 AIRPORT BLVD STE 400, BURLINGAME, CA 94010-2028
20502171	PARK & HOWARD BISTRO	8/30/2017	6/30/2027	1300 HOWARD AVE, BURLINGAME, CA 94010-4211
20504891	PARK WEST LANDSCAPE MAINTENANCE, INC.	2/1/2019	6/30/2027	836 JURY CT STE 10, SAN JOSE, CA 95112-2827
20506719	PARK WEST RESCOM INC	9/15/2022	6/30/2027	836 JURY CT STE 10, SAN JOSE, CA 95112-2827
20500119	PARLE ENTERPRISES INC	7/1/2009	6/30/2026	800 AIRPORT BLVD #421, BURLINGAME, CA 94010-1929
20504289	PARLE INNOVATION, INC	7/30/2013	6/30/2026	800 AIRPORT BLVD # 421, BURLINGAME, CA 94010-1929
20508914	PARMER MANDELBAUM LAW	3/1/2025	6/30/2027	1204 BURLINGAME AVE STE 3, BURLINGAME, CA 94010-4147
20506347	PARMETER GENERAL ENGINEERS & SERVICES, INC.	10/1/2015	6/30/2027	3601 REGIONAL PKWY STE F, SANTA ROSA, CA 95403-8205
20508098	PARRA BUILDERS INC.	4/1/2024	6/30/2027	22650 3RD ST, HAYWARD, CA 94541-2910
20503697	PARTNERS FOR INDEPENDENCE	11/2/2004	6/30/2027	1608 GILBRETH RD, BURLINGAME, CA 94010-1405
20506743	PARTS AUTHORITY, LLC	1/2/2021	6/30/2027	1511 ADRIAN RD, BURLINGAME, CA 94010-2102
20502052	PARVEEN MAHESHWARI ACCOUNTANCY CORPORATION	3/23/2000	6/30/2026	851 BURLWAY RD # 201, BURLINGAME, CA 94010-1709
20505438	PATERSON FLOOR COVERINGS, INC	9/18/2008	6/30/2026	741 BARRON AVE, REDWOOD CITY, CA 94063-3953
20509273	PATHFINDER INVESTMENTS INC	1/20/2025	6/30/2027	1860 EL CAMINO REAL STE 221, BURLINGAME, CA 94010-3111
20500835	PATRONIK DESIGNS	7/28/1995	6/30/2027	314 LORTON AVE, BURLINGAME, CA 94010-4104
20501015	PATSON DEVELOPMENT COMPANY	7/1/2010	6/30/2027	235 MONTGOMERY ST STE 1202, SAN FRANCISCO, CA 94104-3103
20501074	PATTERSON DENTAL SUPPLY INC	7/1/2010	6/30/2027	1031 MENDOTA HEIGHTS RD, ST PAUL, MN 55120-1401
20509721	PATTY'S RETRO DINER	1/19/2026	6/30/2027	1184 BROADWAY, BURLINGAME, CA 94010-3422
20503691	PAUL COFFEY CONSTRUCTION	7/27/2018	6/30/2026	877 COWAN RD STE C, BURLINGAME, CA 94010-1231
20504707	PAUL FITZGERALD LANDSCAPES INC	12/9/2013	6/30/2026	--ON FILE--
20501384	PAUL H DAVIS TRUST	7/1/2010	6/30/2027	--ON FILE--
20505096	PAUL J GRECH	7/1/2007	6/30/2027	--ON FILE--
20503796	PAUL J. ALIAMUS CONSTRUCTION	2/23/2005	6/30/2027	935 PARK AVE, BURLINGAME, CA 94010-2628
20509343	PAUL SANBURN CONSTRUCTION	8/18/2025	6/30/2026	7490 RED OAK RD, CORNING, CA 96021
20509635	PAUL TERRA BUILDER GROUP CORPORATION	12/9/2025	6/30/2027	--ON FILE--
20504687	PAUL W BARTKE	8/20/2007	6/30/2027	30 LORTON AVE # 203, BURLINGAME, CA 94010-4442
20500113	PAULA CANNY, ATTORNEY AT LAW	9/29/1989	6/30/2027	840 HINCKLEY RD # 101, BURLINGAME, CA 94010-1505
20508279	PAULA MAIA ALVES	6/23/2024	6/30/2026	218 PRIMROSE ROAD STUDIO 15, BURLINGAME, CA 94010
20508176	PAVION CORP.	1/1/2024	6/30/2027	4151 LAFAYETTE CENTER DR STE 700, CHANTILLY, VA 20151-1230
20504405	PAX PRECISION, INC.	10/23/2006	6/30/2027	1435 CAROLAN, BURLINGAME, CA 94010
20501960	PAYLESS WATER HEATERS & PLUMBING, INC.	4/26/2011	6/30/2026	27919 SMYTH DR STE 101, VALENCIA, CA 91355-4034
20500013	PAYZONE SYSTEMS	10/7/2015	6/30/2026	533 AIRPORT BLVD # 400, BURLINGAME, CA 94010-2028
20503343	PEACE OF MIND STRUCTURAL, INC	7/8/2021	6/30/2027	180 SOUTH BLVD, SAN MATEO, CA 94402-2462
20508409	PEAK ENERGY TECHNOLOGIES, INC	7/1/2024	6/30/2027	865 HINCKLEY RD, BURLINGAME, CA 94010-1502
20503912	PEAK RETIREMENT INC	7/12/2005	6/30/2027	433 AIRPORT BLVD #500, BURLINGAME, CA 94010-2016
20501832	PECO INSPX	11/23/2020	6/30/2027	1835 ROLLINS RD, BURLINGAME, CA 94010-2204
20500750	PEETS COFFEE, INC	9/30/1994	6/30/2027	1241 BURLINGAME AVE, BURLINGAME, CA 94010-4107
20500523	PEGGY AMBUS, DDS	8/10/1993	6/30/2027	1860 EL CAMINO REAL STE 207, BURLINGAME, CA 94010-3119
20507347	PENFLORA DESIGNS	8/1/2023	6/30/2027	1243 HOWARD AVE, BURLINGAME, CA 94010-4216
20502021	PENINSULA ACUPUNCTURE CENTER INC	3/2/2000	6/30/2027	1425 BROADWAY # 8, BURLINGAME, CA 94010-3468
20509316	PENINSULA AVENUE PROPERTIES LLC	9/15/2025	6/30/2027	--ON FILE--
20508592	PENINSULA BAY TRUST COMPANY	9/1/2019	6/30/2027	1350 BAYSHORE HWY STE 580, BURLINGAME, CA 94010-1814
20509988	PENINSULA BOOKS	4/30/2026	6/30/2026	441 WESTLAKE CTR, DALY CITY, CA 94015-1432
20501884	PENINSULA CAPITAL MANAGEMENT, INC.	3/15/2011	6/30/2027	1229 BURLINGAME AVE # 205, BURLINGAME, CA 94010-4132
20501140	PENINSULA CHILD AND FAMILY THERAPY, INC	8/1/2020	6/30/2027	533 AIRPORT BLVD # 400, BURLINGAME, CA 94010-2028
20509528	PENINSULA DEMOLITION INC.	11/1/2025	6/30/2027	839 CHERRY LN, SAN CARLOS, CA 94070-3306
20500532	PENINSULA DERMATOLOGY MEDICAL GRP INC	7/2/1981	6/30/2027	1750 EL CAMINO REAL # 206, BURLINGAME, CA 94010-3214
20500582	PENINSULA ENDOSCOPY CENTER, LLC	4/13/2016	6/30/2027	1720 EL CAMINO REAL # 100, BURLINGAME, CA 94010-3225
20504118	PENINSULA FIRE PROTECTION INC	2/20/2014	6/30/2027	1437 PARKWOOD DR, SAN MATEO, CA 94403-3906
20508608	PENINSULA FLOCK KNITS	2/1/2025	6/30/2027	1816 MAGNOLIA AVE, BURLINGAME, CA 94010-4502
20504221	PENINSULA HEARING SERVICES	7/2/2013	6/30/2027	533 AIRPORT BLVD #400, BURLINGAME, CA 94010-2028
20500094	PENINSULA HEATING	2/9/2010	6/30/2026	PO BOX 295, S SAN FRANCISCO, CA 94083-0311
20509697	PENINSULA HOME ADVISORS INC	1/7/2026	6/30/2026	--ON FILE--
20507567	PENINSULA HOSPITALIST ASSOCIATES, INC	7/1/2022	6/30/2027	1501 TROUSDALE DR RM 2220, BURLINGAME, CA 94010-3282
20502387	PENINSULA HUMANE SOCIETY & SPCA	8/16/2011	6/30/2028	1450 ROLLINS RD, BURLINGAME, CA 94010-2307
20500845	PENINSULA PLASTIC SURGERY MEDICAL GROUP, INC.	7/13/1981	6/30/2027	1750 EL CAMINO REAL # 405, BURLINGAME, CA 94010-3217
20501628	PENINSULA POST-ACUTE	7/1/2016	6/30/2027	1609 TROUSDALE DR, BURLINGAME, CA 94010-4520
20503153	PENINSULA PROPERTY JV LLC	7/1/2021	6/30/2027	577 AIRPORT BLVD STE 100, BURLINGAME, CA 94010-2021
20503151	PENINSULA PROPERTY JV LLC	7/1/2021	6/30/2027	555 AIRPORT BLVD, BURLINGAME, CA 94010-2000
20508574	PENINSULA PROPERTY JV LLC	8/1/2024	6/30/2027	567 AIRPORT BLVD, BURLINGAME, CA 94010-2002
20502328	PENINSULA PUMP & EQUIPMENT INC.	7/1/2011	6/30/2027	--ON FILE--
20505038	PENINSULA SCHOLARS	10/1/2021	6/30/2027	1575 NEWLANDS AVE, BURLINGAME, CA 94010-5241
20507595	PENINSULA SIDING COMPANY	11/13/2023	6/30/2027	763 POLHEMUS RD STE 2, SAN MATEO, CA 94402-4066
20503925	PENINSULA SLEEP CENTER, INC.	2/20/2013	6/30/2027	1720 EL CAMINO REAL # 105, BURLINGAME, CA 94010-3211
20509639	PENINSULA STRENGTH	12/10/2025	6/30/2027	1 EDWARDS CT STE 1434, BURLINGAME, CA 94010-2428
20504290	PENINSULA TABLE TENNIS CLUB INC	7/1/2006	6/30/2027	1299 BAYSHORE HWY #100, BURLINGAME, CA 94010-1807
20505147	PENINSULA TENNIS CLUB	4/10/2008	6/30/2027	433 CHATHAM RD, BURLINGAME, CA 94010-2783
20500964	PENINSULA TREE CARE INC	7/1/2010	6/30/2027	101 INDUSTRIAL WAY STE 15, BELMONT, CA 94002-8207
20506770	PENINSULA WELLNESS PSYCHOLOGICAL CORPORATION	8/6/2022	6/30/2027	405 PRIMROSE RD STE 310, BURLINGAME, CA 94010-4092
20501540	PENINSULA YELLOW CAB, LLC.	7/20/1998	6/30/2027	195 87TH ST STE D, DALY CITY, CA 94015-1692
20503969	PENINSULATORS, INC.	7/1/2021	6/30/2027	360 PIERCY RD, SAN JOSE, CA 95138-1401
20506859	PENNACCHIO TILE INC.	7/1/2022	6/30/2027	--ON FILE--
20507477	PEONY SPACE ORGANIZERS	9/1/2023	6/30/2027	--ON FILE--
20500358	PERFORMANCE SPEED TRAINING, INC	1/29/2020	6/30/2027	1341 MARSTEN RD, BURLINGAME, CA 94010-2405
20502179	PERKIN ELMER HEALTH SCIENCES, INC.	7/1/2010	6/30/2027	710 BRIDGEPORT AVE, SHELTON, CT 06484-4708
20502364	PERMASTEELISA NORTH AMERICA CORP	9/26/2017	6/30/2027	1300 HALL BLVD STE 1A, BLOOMFIELD, CT 06002-2918
20504012	PERMIT SERVICES	7/1/2012	6/30/2027	980 HOPPER AVE, SANTA ROSA, CA 95403-1649
20502875	PESTEC	5/17/2021	6/30/2027	888 N FIRST ST 209, SAN JOSE, CA 95112
20508459	PESTMASTER SERVICES, L.P.	9/2/2024	6/30/2026	4901 S PATATA ST STE 401-402, CUDAHY, CA 90201-5945
20500616	PET FOOD EXPRESS	7/2/2010	6/30/2027	261 PARK RD, BURLINGAME, CA 94010-4205
20501699	PETER J MANDELL, M.D., A PROFESSIONAL CORP	7/1/2010	6/30/2026	1720 EL CAMINO REAL #120, BURLINGAME, CA 94010-3225
20506730	PETER PAN BMW	9/22/2009	6/30/2027	1625 ADRIAN RD, BURLINGAME, CA 94010-2103
20503935	PFEIFFER ELECTRIC CO, INC.	2/22/2013	6/30/2027	448 QUEENS LN, SAN JOSE, CA 95112-4394
20502611	PFM FINANCIAL ADVISERS, LLC	12/7/2017	6/30/2027	1735 MARKET ST FL 43, PHILADELPHIA, PA 19103-7502
20505979	PHASE 3 COMMUNICATIONS, INC.	5/6/2015	6/30/2027	--ON FILE--
20509668	PHASE ONE FIRE LIFE SAFETY SYSTEMS INC	12/19/2025	6/30/2027	1480 FOLSOM ST, SAN FRANCISCO, CA 94103-3702
20504576	PHILIP AND LORENZO PLUMBING, INC.	11/30/2021	6/30/2027	1759 VIEW DR, SAN LEANDRO, CA 94577-5344
20505494	PHILIPPINE AIRLINES, INC.	10/17/2014	6/30/2027	1350 BAYSHORE HWY #820, BURLINGAME, CA 94010-1817
20505614	PHILIPS HEALTHCARE	7/1/2008	6/30/2027	414 UNION ST, NASHVILLE, TN 37219-1918
20504422	PHILLIPS FEED SERVICE, INC.	9/4/2013	6/30/2026	3747 HECKTOWN RD, EASTON, PA 18045-2350
20500251	PHILZ COFFEE, INC.	1/1/2016	6/30/2027	305 PRIMROSE RD, BURLINGAME, CA 94010-4004
20506953	PHO ARCHITECTS, INC.	7/21/2022	6/30/2026	1601 18TH ST, SAN FRANCISCO, CA 94107-2377
20504325	PHOENIX PHARMACEUTICALS	7/28/2006	6/30/2027	330 BEACH RD, BURLINGAME, CA 94010-2004
20503639	PHUONG THI LE-TRUONG (DIDI SALON)	10/5/2012	6/30/2027	1221 DONNELLY AVE, BURLINGAME, CA 94010-4101
20500372	PHUONG TRUONG	3/31/2002	6/30/2027	1410 BURLINGAME AVE, BURLINGAME, CA 94010-4111
20503539	PIED PIPER PLAYERS, INC.	9/1/2021	6/30/2027	197/193 AIRPORT BLVD, BURLINGAME, CA 94010
20502883	PILIPINAS GLOBAL NETWORK (US), LLC	4/4/2012	6/30/2027	533 AIRPORT BLVD #400, BURLINGAME, CA 94010-2028
20507408	PILOT CONSTRUCTION MANAGEMENT INC	8/9/2023	6/30/2027	850 SO VAN NESS AVE # 22, SAN FRANCISCO, CA 94110
20506695	PINNACLE POWER SERVICES INC	9/16/2022	6/30/2026	1080 NIMITZ AVE, VALLEJO, CA 94592-1007
20501814	PIONEER FIRE, INC.	5/12/2017	6/30/2027	1130 INDUSTRIAL AVE STE 5, PETALUMA, CA 94952-6527
20504567	PIONEER RESEARCH LABS, INC.	10/23/2013	6/30/2027	1325 HOWARD AVE # 155, BURLINGAME, CA 94010-4212
20508379	PIPE AND PLANT SOLUTIONS INC	7/22/2024	6/30/2027	600 CASTRO ST, SAN LEANDRO, CA 94577
20506997	PIPE WORKS PLUMBING	12/27/2022	6/30/2027	PO BOX 1277, BELLA VISTA, CA 96008-1298
20507243	PIPER SANDLER & CO.	10/8/2022	6/30/2027	1409 CHAPIN AVE, BURLINGAME, CA 94010-4086
20502613	PITCHER SERVICES LLC	4/21/2021	6/30/2026	218 DEMETER ST, EAST PALO ALTO, CA 94303
20503085	PITNEY BOWES INC	7/29/1981	6/30/2027	5310 CYPRESS CENTER DR # 110, TAMPA, FL 33609-1057
20502845	PIZZA MY HEART	3/21/2012	6/30/2027	235 PRIMROSE RD, BURLINGAME, CA 94010-4207
20504404	PIZZOLON CONSTRUCTION INC.	10/1/2021	6/30/2026	--ON FILE--
20508642	PLACE4NAILS	11/18/2024	6/30/2027	218 PRIMROSE RD, BURLINGAME, CA 94010-4208
20508316	PLACEWORKS	6/1/2024	6/30/2026	3 MACARTHUR PL STE 1100, SANTA ANA, CA 92707-6075
20502145	PLANT CONSTRUCTION COMPANY LP	6/14/2011	6/30/2027	300 NEWHALL ST, SAN FRANCISCO, CA 94124-1498
20501014	PLASTI-PRINT, INC.	7/29/1996	6/30/2027	1620 GILBRETH, BURLINGAME, CA 94010
20507119	PLATINUM INSULATION	4/1/2023	6/30/2027	155 DARCY PKWY, LATHROP, CA 95330-9221
20503790	PLATON CRAFT & FLORAL INC	2/15/2005	6/30/2027	1415 ROLLINS RD #110, BURLINGAME, CA 94010-2300
20505323	PLAYWELL TEKNOLOGIES	7/1/2008	6/30/2027	850 BURLINGAME AVE, BURLINGAME, CA 94010-2899
20507923	PLUCKY'S	3/15/2024	6/30/2027	1352 BROADWAY, BURLINGAME, CA 94010-3426
20510097	PLUM HVAC	7/1/2026	6/30/2027	1074 WENTWORTH ST STE B, MOUNTAIN VIEW, CA 94043-4629
20501342	PLUMBERS & PIPEFITTERS LOCAL UNION	7/24/1981	6/30/2027	1519 ROLLINS RD, BURLINGAME, CA 94010-2305
20503213	PLUMBING APPRENTICE COMMITTEE	7/29/1981	6/30/2027	--ON FILE--
20510035	PLUMBING BY ESQUIVEL INC	5/18/2026	6/30/2026	211 ROSS WAY, SAN BRUNO, CA 94066-1634
20504096	PLUS ONE CONSTRUCTION INC	9/24/2021	6/30/2027	1189 SKYLINE DR, DALY CITY, CA 94015-4727
20508022	PLUTUS WEALTH MANAGEMENT	3/1/2024	6/30/2027	851 BURLWAY RD # 523, BURLINGAME, CA 94010-1714
20500694	PMC PHARMACY	7/1/2010	6/30/2027	843 MALCOLM RD, BURLINGAME, CA 94010-1406
20509997	PMOW LLC	4/28/2026	6/30/2026	19411 SE GREEN VALLEY RD, AUBURN, WA 98092-1590
20508135	PMU BY DIANA DIMANT	5/1/2024	6/30/2027	1126 BROADWAY STE 5, BURLINGAME, CA 94010-3449
20504246	PNC BANK NA	10/12/2021	6/30/2027	1801 EL CAMINO REAL, BURLINGAME, CA 94010
20500323	POCO SOLAR ENERGY INC	4/6/2010	6/30/2027	3345 KELLER ST, SANTA CLARA, CA 95054-2601
20508865	POINT GLOBAL LOGISTICS LLC	2/1/2025	6/30/2027	1633 BAYSHORE HWY #338, BURLINGAME, CA 94010-1515
20508908	POLY-ON ELECTRICAL	1/1/2025	6/30/2027	1660 JERROLD AVE, SAN FRANCISCO, CA 94124-2135
20510051	POLYTECH INDUSTRIAL INCORPORATED	6/1/2026	6/30/2027	5645 W SAN MADELE AVE # 109, FRESNO, CA 93722-5053
20504169	POMAIN TILES PIOTR POMIANER	10/2/2018	6/30/2026	--ON FILE--
20508526	POMI MECHANICAL INC 2	9/11/2024	6/30/2027	940 COMMERCIAL ST STE E, SAN CARLOS, CA 94070-4099
20504970	POOL COVERS, INC.	7/1/2007	6/30/2027	4925 FULTON DR, FAIRFIELD, CA 94534-1640
20505118	POPLAR POINT CAPITAL MANAGEMENT, LLC.	5/20/2014	6/30/2027	330 PRIMROSE RD STE 400, BURLINGAME, CA 94010-4029
20510074	POSSIBLE GENERAL CONSTRUCTION	6/8/2026	6/30/2027	--ON FILE--
20504028	POST AND LINTEL CONSTRUCTION	10/11/2013	6/30/2027	--ON FILE--
20507377	POTATO IMPACT PARTNERS	7/28/2023	6/30/2027	--ON FILE--
20506174	POWER DESIGN INC	1/10/2022	6/30/2027	11600 NINTH ST NORTH, ST PETERSBURG, FL 33716
20510056	POWER PERFORMANCE ELECTRIC	5/27/2026	6/30/2026	--ON FILE--
20510118	POWER PLUMBERS AND DRAINS	6/18/2026	6/30/2026	860 CAMPUS DR #118, DALY CITY, CA 94015-4911
20509807	POWER SERVICES	3/10/2026	6/30/2027	14000 S BROADWAY, LOS ANGELES, CA 90061-1018
20508828	POWERHOUSE RETAIL SERVICES LLC	10/23/2020	6/30/2027	812 S CROWLEY RD STE A, CROWLEY, TX 76036-3714
20506065	PPW 1300 BROADWAY, LLC.	1/31/2015	6/30/2027	1300 BROADWAY, BURLINGAME, CA 94010-3426
20509133	PRADA BUILDERS GROUP	6/2/2025	6/30/2026	1721 ROGERS AVE # A, SAN JOSE, CA 95112-1110
20508997	PRECIOUS FUR	11/7/2025	6/30/2027	1540 W MARKET ST # 100, SAN FRANCISCO, CA 94102-6018
20507278	PRECISION CABINETS	1/1/2023	6/30/2027	145 MIDDLEFIELD CT, BRENTWOOD, CA 94513-4023
20506027	PRECISION CONCRETE CUTTING	5/22/2015	6/30/2027	335 BEACH RD, BURLINGAME, CA 94010-2005
20504821	PRECISION DIRECTIONAL BORING INC.	4/2/2019	6/30/2027	408 S MAIN ST #140, TEMPLETON, CA 93465-5341
20510214	PRECISION GARAGE DOOR SERVICE	1/1/2026	6/30/2027	20986 CORSAIR BLVD, HAYWARD, CA 94545-1002
20509619	PRECISION HEARING CARE, LLC	1/1/2026	6/30/2027	1860 EL CAMINO REAL # 304, BURLINGAME, CA 94010-3114
20502117	PRECISION HEARING, INC	8/11/2017	6/30/2027	1860 EL CAMINO REAL # 304, BURLINGAME, CA 94010-3114
20510078	PRECISION VOLTAGE GROUP LLC	6/5/2026	6/30/2027	--ON FILE--
20508842	PREFERRED PLUMBING & DRAIN	2/3/2025	6/30/2026	5600 IMHOFF DR STE C, CONCORD, CA 94520-5354
20502648	PREFORMANCE CONTRACTING INC - TAX DEPT	7/21/1981	6/30/2027	11145 THOMPSON AVE, LENEXA, KS 66219-2302
20501648	PREI CAPITAL GROUP	7/16/1985	6/30/2027	840 HINCKLEY RD # 150, BURLINGAME, CA 94010-1507
20505097	PREMIER GARAGE	5/7/2014	6/30/2027	1148 CHESS DR, FOSTER CITY, CA 94404-1107
20501986	PREMIER MEDICAL CARE	7/14/2017	6/30/2027	1860 EL CAMINO REAL # 321, BURLINGAME, CA 94010-3114
20501240	PREMIER PROPERTIES	7/1/1997	6/30/2027	--ON FILE--
20500914	PREMIER RECYCLE COMPANY	9/8/2010	6/30/2026	--ON FILE--
20501271	PREMIER SOCCER CLINICS LLC	11/15/2016	6/30/2027	850 BURLINGAME AVE, BURLINGAME, CA 94010-2899
20508636	PRESTIGE AESTHETICS	11/3/2024	6/30/2027	218 PRIMROSE RD, BURLINGAME, CA 94010-4208
20509317	PRESTIGE BUILDERS & DESIGN	8/6/2025	6/30/2027	--ON FILE--
20503547	PRESTON PIPELINES INFRASTRUCTURE LLC	8/9/2021	6/30/2027	133 BOTHELO AVE, MILPITAS, CA 95035-5325
20502402	PRIBUSS ENGINEERING INC	8/12/2005	6/30/2027	523 MAYFAIR AVE, S SAN FRANCISCO, CA 94080-4509
20506722	PRIDE INDUSTRIES ONE, INC.	8/16/2022	6/30/2027	10030 FOOTHILLS BLVD, ROSEVILLE, CA 95747-7102
20506411	PRIMA SAUSAGE CO LLC	7/1/2008	6/30/2027	2255 SHAFTER AVE, SAN FRANCISCO, CA 94124-1918
20509627	PRIME BUILDERS DEVELOP	12/1/2025	6/30/2027	44075 FREMONT BLVD, FREMONT, CA 94538-6045
20503273	PRIME CELLAR LLC	7/28/2003	6/30/2026	1870 EL CAMINO REAL # 100, BURLINGAME, CA 94010-3107
20509217	PRIME DESIGN AND BUILD	7/7/2025	6/30/2026	1729 N 1ST ST #20402, SAN JOSE, CA 95112-4630
20505911	PRIME ELECTRIC	9/24/2019	6/30/2027	1941 RINGWOOD AVE, SAN JOSE, CA 95131-1721
20508710	PRIME HOME SOLUTIONS	2/28/2025	6/30/2026	2017 OPPORTUNITY DR UNIT 7, ROSEVILLE, CA 95678-3006
20501421	PRIME METROPOLIS PROPERTIES, INC	1/11/2017	6/30/2027	6947 COAL CREEK PKWY 747, NEWCASTLE, WA 98059
20509832	PRIME ROOFING COMPANY	3/9/2026	6/30/2026	--ON FILE--
20506099	PRIME SOURCE FLORAL DISTRIBUTOR	7/1/2008	6/30/2027	2014 EDISON AVE, SAN LEANDRO, CA 94577-1104
20506233	PRIME TIME ATHLETIC CLUB, INC	9/17/1981	6/30/2027	1730 ROLLINS RD, BURLINGAME, CA 94010-2297
20504719	PRIMROSE ALLOYS, INC.	9/26/2007	6/30/2027	330 PRIMROSE RD # 205, BURLINGAME, CA 94010-4026
20506518	PRIMROSE PLAZA PARTNERS, LP	7/1/2008	6/30/2027	330 PRIMROSE RD # 606, BURLINGAME, CA 94010-4032
20502238	PRIMROSE TAILOR CLEANERS	8/22/2000	6/30/2027	1475 BURLINGAME AVE, BURLINGAME, CA 94010-4143
20500505	PRINCIPAL BUILDERS, INC.	2/18/2020	6/30/2026	--ON FILE--
20506313	PRIOCOM CORP	10/1/2019	6/30/2026	433 AIRPORT BLVD STE 128, BURLINGAME, CA 94010-2029
20502408	PRITI P DASOT	3/10/2021	6/30/2026	850 BURLINGAME AVE, BURLINGAME, CA 94010-2899
20500995	PRIVATE PRACTICE OF STEPHEN H. CHOU, PSY. D	7/1/2016	6/30/2027	1838 EL CAMINO REAL, BURLINGAME, CA 94010-3126
20506059	PRIVATE PSYCHOTHERAPY PRACTICE	6/1/2015	6/30/2027	345 LORTON AVE STE 104, BURLINGAME, CA 94010-4134
20508848	PRK CONSTRUCTION, INC.	2/3/2025	6/30/2026	137 BANCROFT RD, BURLINGAME, CA 94010-2924
20508016	PRO DUST N' SHINE	3/25/2024	6/30/2027	--ON FILE--
20500327	PRO ROTO INC	2/2/2016	6/30/2026	1111 ODDSTAD DR, REDWOOD CITY, CA 94063-2605
20508287	PRO-SWEEP INC.	1/1/2024	6/30/2027	--ON FILE--
20504068	PRO-TECH PAINTING, INC.	10/1/2021	6/30/2027	818 CRISTICH LN #3, CAMPBELL, CA 95008-5423
20503369	PRODESSE PROPERTY GROUP	7/1/2017	6/30/2027	655 MARINERS ISLAND BLVD #301, SAN MATEO, CA 94404-1061
20501334	PRODUCERS DAIRY FOODS INC	7/1/2010	6/30/2027	20609 CORSAIR BLVD, HAYWARD, CA 94545-1007
20507613	PROFESSIONAL BUILDERS & RENOVATION INC	11/7/2023	6/30/2027	3407 W 6TH ST STE 421, LOS ANGELES, CA 90020-2772
20503938	PROFESSIONAL PENINSULA PROPERTIES	9/14/2018	6/30/2026	840 MALCOLM RD # 200, BURLINGAME, CA 94010-1413
20503171	PROFESSIONAL TREE CARE COMPANY	4/23/2018	6/30/2027	--ON FILE--
20504889	PROGRESS GLASS COMPANY	1/29/2008	6/30/2027	25 PATTERSON ST, SAN FRANCISCO, CA 94124-1377
20505873	PROICON TRANSPORTATION, LLC	4/1/2022	6/30/2027	1799 BAYSHORE HWY #127, BURLINGAME, CA 94010-1306
20502667	PROJECT CONTRACTOR INC	11/29/2011	6/30/2027	--ON FILE--
20502834	PROJECT ZEN WELLNESS	12/1/2017	6/30/2027	318 LORTON AVE, BURLINGAME, CA 94010-4104
20505574	PROLINE AUTO BODY	4/18/2022	6/30/2027	1305 N CAROLAN AVE, BURLINGAME, CA 94010-2401
20502668	PROLINE AUTO BODY	12/29/2017	6/30/2027	1300 ROLLINS RD, BURLINGAME, CA 94010-2410
20504953	PROLINE AUTO COLLISION CENTER	5/2/2019	6/30/2027	1337 N CAROLAN AVE, BURLINGAME, CA 94010-2401
20508014	PROLOGIS, L.P.	7/1/2023	6/30/2027	1625 N ROLLINS RD, BURLINGAME, CA 94010-9981
20510210	PROMAX HVAC & PLUMBING	7/27/2026	6/30/2027	110 BERRY CT, MOUNTAIN VIEW, CA 94043-6581
20501650	PROMEGA	7/1/2010	6/30/2027	2800 WOODS HOLLOW RD, MADISON, WI 53711-5399
20507308	PROMETHEUS REAL ESTATE GROUP, INC.	7/1/2023	6/30/2027	1 N B ST STE 4000, SAN MATEO, CA 94401-3992
20506844	PROMO PLUMBING	11/2/2022	6/30/2026	1436 E 3RD AVE, SAN MATEO, CA 94401-2110
20509985	PROMODELING INC	4/27/2026	6/30/2027	10567 SAN PABLO AVE, EL CERRITO, CA 94530-2808
20509116	PROMORTGAGE	5/21/2025	6/30/2027	1220 HOWARD AVE # 250, BURLINGAME, CA 94010-4251
20505818	PROTECTIVE FINANCIAL, LLC	9/11/2019	6/30/2027	100 EL CAMINO REAL, BURLINGAME, CA 94010-5204
20508202	PROTERRA POWERED LLC	2/1/2024	6/30/2027	1815 ROLLINS RD, BURLINGAME, CA 94010-2204
20502025	PROTOS IMMUNORESEARCH	3/3/2000	6/30/2027	875 COWAN RD # A, BURLINGAME, CA 94010-1229
20502034	PROTOVU/ACCESS COMPONENTS	3/9/2000	6/30/2027	--ON FILE--
20502943	PRUDENTIAL OVERALL SUPPLY	5/15/2012	6/30/2027	PO BOX 11210, SANTA ANA, CA 92711-1210
20505351	PS PLUMBING & FIRE PROTECTION	7/28/2008	6/30/2027	--ON FILE--
20502042	PSI PHARMA SUPPORT AMERICA INC.	7/24/2017	6/30/2027	401 CALIFORNIA DR, BURLINGAME, CA 94010-4008
20502190	PSYCHED SERVICES - LICENSED EDUCATIONAL PSYCHOLOGY	9/7/2017	6/30/2026	533 AIRPORT BLVD #400, BURLINGAME, CA 94010-2028
20500956	PUBLIC STORAGE INC	2/22/1996	6/30/2026	1761 ADRIAN RD, BURLINGAME, CA 94010-2104
20506168	PULMONARY ASSOCIATES BURLINGAME MEDICAL CORP.	7/1/1981	6/30/2027	1750 EL CAMINO REAL STE 307, BURLINGAME, CA 94010-3216
20506871	PUMP REPAIR SERVICE, CO.	1/6/2010	6/30/2027	PO BOX 34327, SAN FRANCISCO, CA 94134-0356
20508481	PUMPMAN NORCAL	8/23/2024	6/30/2027	4000 S MOORLAND AVE, SANTA ROSA, CA 95407-8189
20509329	PURE TECH PLUMBING, INC.	8/13/2025	6/30/2026	13505 UVAS RD, MORGAN HILL, CA 95037-9135
20509547	PUREWATT ELECTRIC	11/3/2025	6/30/2026	--ON FILE--
20502595	PURIST SPEC	5/1/2021	6/30/2027	1231 CALIFORNIA DR, BURLINGAME, CA 94010-3431
20509734	PURPLEFOX ELECTRICAL	1/19/2026	6/30/2026	500 E HAMILTON AVE, CAMPBELL, CA 95008-0210
20502048	PUTNAM AUTO/MAZDA,VOLVO	3/17/2000	6/30/2027	65 CALIFORNIA DR, BURLINGAME, CA 94010-4410
20502336	PUTNAM CHEVROLET CADILLAC LLC	2/16/2001	6/30/2027	198 CALIFORNIA DR, BURLINGAME, CA 94010-4323
20506235	PUTNAM CHRYSLER JEEP DODGE	7/1/1986	6/30/2027	3 CALIFORNIA DR, BURLINGAME, CA 94010-4410
20508886	PUTNAM FORD	2/18/2025	6/30/2027	101 CALIFORNIA DR, BURLINGAME, CA 94010-4322
20508221	PUTNAM GMC	5/20/2024	6/30/2027	100 CALIFORNIA DR, BURLINGAME, CA 94010-4323
20503038	PUTNAM KIA	7/1/2021	6/30/2027	2 CALIFORNIA DR, BURLINGAME, CA 94010-4411
20503489	PUTNAM LEASE	7/17/1981	6/30/2027	3 CALIFORNIA DR, BURLINGAME, CA 94010-4410
20506196	PUTNAM SUBARU	4/1/2009	6/30/2027	85 CALIFORNIA DR, BURLINGAME, CA 94010-4410
20504211	PYE-BARKER FIRE & SAFETY	7/2/2013	6/30/2027	400 PARK CENTER DR STE 1, HOLLISTER, CA 95023-2546
20510166	PYE-BARKER FIRE & SAFETY LLC	7/12/2026	6/30/2027	3330 SELDON CT STE 1, FREMONT, CA 94539-5654
20502868	PYRO-COMM SYSTEMS, INC.	3/29/2012	6/30/2027	6960 KOLL CENTER PKWY # 300, PLEASANTON, CA 94566-3151
20507017	Q S INTERNATIONAL LOGISTICS INC.	1/2/2023	6/30/2027	1799 OLD BAYSHORE HWY 217, BURLINGAME, CA 94010
20508148	QOVO SOLUTIONS INC	4/22/2024	6/30/2027	16060 CAPUTO DR STE 120, MORGAN HILL, CA 95037-5534
20501654	QUADRIC, INC.	3/20/2017	6/30/2027	270 EAST LN UNIT 1-4, BURLINGAME, CA 94010-2802
20503525	QUALITY GENERAL CONSTRUCTION, INC.	7/28/2021	6/30/2027	--ON FILE--
20502111	QUALITY GLASS, INC	8/9/2017	6/30/2026	4079 INGOT ST, FREMONT, CA 94538-6455
20501925	QUALITY LANDSCAPE & CONCRETE	10/26/1999	6/30/2026	1024 S CLAREMONT ST, SAN MATEO, CA 94402-1836
20506440	QUALITY PLUMBING ASSOC. INC.	10/22/2019	6/30/2027	--ON FILE--
20502689	QUALITY STRIPING, INC	12/7/2011	6/30/2027	3364 MARISMA ST, SAN MATEO, CA 94403-3009
20503913	QUALITY TELECOM CONSULTANTS INC	9/6/2018	6/30/2027	4175 CINCINNATI AVE, ROCKLIN, CA 95765-1416
20508896	QUE SERAW SERAW	2/24/2025	6/30/2026	1305 BROADWAY, BURLINGAME, CA 94010-3425
20507055	QUESGEN SYSTEMS, INC.	2/1/2023	6/30/2027	--ON FILE--
20505611	QUEVEDO GARDENING	7/1/2008	6/30/2027	--ON FILE--
20501876	QUINTAL STUDIO	5/17/1985	6/30/2026	100 EL CAMINO REAL #202, BURLINGAME, CA 94010-5280
20507678	QXO	12/6/2023	6/30/2027	266 INDUSTRIAL RD # D, SAN CARLOS, CA 94070-6236
20501426	R & A JANITORIAL SERVICE, LLC	7/1/2010	6/30/2027	170 GLENN WAY STE 10, SAN CARLOS, CA 94070-6266
20503861	R & D CONSTRUCTION CO., INC.	9/13/2021	6/30/2027	224 ELMIRA ST, SAN FRANCISCO, CA 94124-2210
20504910	R & M BROADWAY 76 INC	2/26/2008	6/30/2027	1480 BROADWAY, BURLINGAME, CA 94010-3428
20506649	R & R REFRIGERATION	7/1/2009	6/30/2027	1775 MONTEREY HWY STE 66, SAN JOSE, CA 95112-6103
20506045	R & S ERECTION NORTH PENINSULA INC	7/1/2008	6/30/2027	133 S LINDEN AVE, S SAN FRANCISCO, CA 94080-6410
20505119	R E CUDDIE CO	7/1/2007	6/30/2027	1751 JUNCTION AVE, SAN JOSE, CA 95112-1029
20509231	R M I MECHANICAL CONTRACTORS INC	7/9/2025	6/30/2026	1385 LOWRIE AVE, SOUTH SAN FRANCISCO, CA 94080-6403
20500827	R MIRKOVICH & SONS INC	7/3/1995	6/30/2027	2603 SAN BRUNO AVE, SAN FRANCISCO, CA 94134-1535
20508918	R Q TECH CONSTRUCTION INC	10/1/2025	6/30/2027	127 BUDD AVE, CAMPBELL, CA 95008-4003
20510005	R&B WHOLESALE DISTRIBUTORS, LLC	5/5/2026	6/30/2027	2110 S PARCO AVE, ONTARIO, CA 91761-5768
20504111	R&M AUTOMOTIVE	10/25/2018	6/30/2027	1204 EL CAMINO REAL, BURLINGAME, CA 94010-4816
20506843	R&R METAL FABRICATION	7/1/2009	6/30/2027	1029 AMERICAN ST, SAN CARLOS, CA 94070-5303
20501436	R&S ERECTION OF SAN MATEO, INC	7/24/1981	6/30/2027	423 LITTLEFIELD AVE, S SAN FRANCISCO, CA 94080-6106
20506726	R. B. CONSTRUCTION, INC.	7/1/2022	6/30/2027	893 BOGGS TER, FREMONT, CA 94539-7095
20508850	R.BROTHERS PAINTING, INC	2/10/2025	6/30/2027	707 W HEDDING ST, SAN JOSE, CA 95110-1533
20508830	R.BROTHERS WATERPROOFING, INC	2/10/2025	6/30/2027	707 W HEDDING ST, SAN JOSE, CA 95110-1533
20502486	R.F.MACDONALD CO.	9/13/2011	6/30/2027	25920 EDEN LANDING RD, HAYWARD, CA 94545-3816
20508502	RABLABS, LLC	8/1/2024	6/30/2027	1204 BURLINGAME AVE STE 7, BURLINGAME, CA 94010-4147
20504984	RACE TECHNOLOGIES	7/1/2007	6/30/2027	1325 HOWARD AVE STE 604, BURLINGAME, CA 94010-4212
20504838	RACHAEL MANGRUBANG 4 YOU SERVICES	1/15/2022	6/30/2026	--ON FILE--
20500226	RACHEL & CO	1/24/1991	6/30/2027	1410 BURLINGAME AVE, BURLINGAME, CA 94010-4111
20500916	RACOLA INVESTMENTS, LLC.	9/8/2010	6/30/2027	3246 25TH ST, SAN FRANCISCO, CA 94110-4019
20502960	RAFFIN CONSTRUCTION CO INC	10/5/2010	6/30/2027	249 S ASHTON AVE, MILLBRAE, CA 94030-3032
20508407	RAFTELIS	7/29/2024	6/30/2027	227 W TRADE ST STE 1400, CHARLOTTE, NC 28202-1632
20509737	RAIMI & ASSOCIATES, INC.	12/2/2025	6/30/2026	1900 ADDISON ST STE 200, BERKELEY, CA 94704-1161
20500747	RAINBOW DENTAL LABORATORY, INC.	1/1/2016	6/30/2027	1275 ROLLINS RD, BURLINGAME, CA 94010-2416
20503555	RAISER ORGANIZATION	8/11/1981	6/30/2027	800 S CLAREMONT ST STE 201, SAN MATEO, CA 94402-1450
20508506	RALLS CONSTRUCTION CORPORATION	9/2/2024	6/30/2026	941 LAURELWOOD RD, SANTA CLARA, CA 95054-2745
20505960	RALPH AND MARGARET HO	7/1/2008	6/30/2027	180 PARK RD, BURLINGAME, CA 94010-4317
20508823	RALPH KING CABINETRY	1/1/2025	6/30/2027	100 S LINDEN AVE, SOUTH SAN FRANCISCO, CA 94080-6409
20501115	RAMAR INTERNATIONAL CORP	7/1/2010	6/30/2027	1101 RAILROAD AVE, PITTSBURG, CA 94565-2641
20507070	RAMIREZ GARDEN SERVICE	3/13/2023	6/30/2027	22 N SAN MATEO DR # 114, SAN MATEO, CA 94401-2834
20506724	RAMIREZ ROOFING CORPORATION	9/26/2022	6/30/2026	--ON FILE--
20503211	RAMON CISNEROS	7/2/2012	6/30/2027	--ON FILE--
20507924	RANDOLPH CHEN, MD	1/15/2024	6/30/2027	1750 EL CAMINO REAL #16, BURLINGAME, CA 94010-3208
20506398	RANKERAMG,INC.	9/12/2019	6/30/2027	859 COWAN RD #200, BURLINGAME, CA 94010-1221
20506978	RAPOSO ENGINEERING, IINC.	1/10/2023	6/30/2027	--ON FILE--
20504529	RASHMI JAIN MD	4/13/2007	6/30/2027	1860 EL CAMINO REAL STE 310, BURLINGAME, CA 94010-3114
20503204	RAUL SANDOVAL GARDENING SERVICE	7/2/2012	6/30/2027	--ON FILE--
20500031	RAY SCHEIDTS ELECTRIC INC.	10/8/2015	6/30/2027	1055 N 7TH ST, SAN JOSE, CA 95112-4426
20503282	RAYMOND HANDLING CONCEPTS CORPORATION	7/30/2003	6/30/2027	41400 BOYCE RD, FREMONT, CA 94538-3113
20503185	RAZO LANDSCAPE & GARDENING SERVICE	7/2/2012	6/30/2027	--ON FILE--
20503045	RAZORTHINK INC	9/1/2017	6/30/2027	533 AIRPORT BLVD # 400, BURLINGAME, CA 94010-2028
20505990	RB LANDSCAPING	5/30/2022	6/30/2026	--ON FILE--
20509852	RC FLOORS	3/29/2026	6/30/2026	--ON FILE--
20509152	RCM FIRE PROTECTION LLC	6/10/2025	6/30/2027	350 ENTERPRISE PL, TRACY, CA 95304-1610
20504813	RD FAMILY THERAPY, INC.	7/1/2018	6/30/2027	840 HINCKLEY RD, BURLINGAME, CA 94010-1516
20501908	RDC TECH CORPORATION, INC.	1/1/2021	6/30/2027	1090 BURLINGAME AVE, BURLINGAME, CA 94010-2861
20506686	RE DESIGNS	9/9/2009	6/30/2027	111 ANZA BLVD # 212, BURLINGAME, CA 94010-1910
20500061	READY REFRESH	1/13/1989	6/30/2026	246 VALLEY DR, BRISBANE, CA 94005
20505863	REAL PROPERTY MANAGEMENT MID-PENINSULA	1/28/2009	6/30/2027	405 PRIMROSE RD # 208, BURLINGAME, CA 94010-4091
20508058	REAL TIME CONSTRUCTION INC	3/8/2024	6/30/2027	3947 PLEASANT HOLLOW LN, SAN JOSE, CA 95148-2404
20506773	REALTY & YOU	10/9/2009	6/30/2027	533 AIRPORT BLVD # 400, BURLINGAME, CA 94010-2028
20507371	REALTY ONE GROUP EXTREME	8/1/2023	6/30/2026	407 PRIMROSE RD, BURLINGAME, CA 94010-4009
20505002	REALTY WORLD - MARTINELLI PROPERTIES	7/1/2007	6/30/2027	212 DE ANZA BLVD, SAN MATEO, CA 94402-3913
20501593	REALTY WORLD - SUCCESS PLANS INC	10/1/1998	6/30/2027	851 BURLWAY RD # 503, BURLINGAME, CA 94010-1714
20503427	REBARTS INTERIORS/HUNTER-DOUGLAS GALL	2/4/2004	6/30/2027	1227 BURLINGAME AVE, BURLINGAME, CA 94010-4107
20504280	REBECCA J'S DECORATING & EVENT MGMT	12/11/2018	6/30/2027	1718 SEQUOIA AVE # 5, BURLINGAME, CA 94010-5444
20507545	REBORN FITNESS	10/11/2023	6/30/2027	1111 HOWARD AVE, BURLINGAME, CA 94010-4214
20505887	REBORN.	5/17/2022	6/30/2027	1452 BROADWAY, BURLINGAME, CA 94010-3428
20506349	REBUILD GREEN	7/1/2022	6/30/2026	2625 MIDDLEFIELD RD # 106, PALO ALTO, CA 94306-2516
20502200	RECOLOGY PENINSULA SERVICES	7/13/2000	6/30/2027	1356-60 MARSTEN RD, BURLINGAME, CA 94010
20501262	RECONNECT HAIR DESIGN	8/1/2010	6/30/2027	256 LORTON AVE, BURLINGAME, CA 94010-4204
20500602	RECONNECT HAIR DESIGN - EDUARDO GARCIA	7/1/2015	6/30/2027	256 LORTON AVE, BURLINGAME, CA 94010-4204
20500623	RECONNECT HAIR DESIGN - FRANK SIBILLO	1/1/2020	6/30/2027	256 LORTON AVE, BURLINGAME, CA 94010-4204
20502759	RECONNECT HAIR DESIGN - LAURA MILLS	4/1/2002	6/30/2026	256 LORTON AVE, BURLINGAME, CA 94010-4204
20500603	RECONNECT HAIR DESIGN - TRISH NOVAK	3/9/2020	6/30/2027	256 LORTON AVE, BURLINGAME, CA 94010-4204
20500918	RECONNECT HAIR DESIGN -BECKY NEWMAN-BICKEL	1/2/1996	6/30/2027	256 LORTON AVE, BURLINGAME, CA 94010-4204
20501458	RECTOR MOTOR CAR CO	7/30/1981	6/30/2027	1010 CADILLAC WAY, BURLINGAME, CA 94010-2599
20500064	RED BRIDGE LEADERSHIP	10/21/2015	6/30/2027	--ON FILE--
20508095	REDGWICK CONSTRUCTION CO	3/29/2024	6/30/2027	21 HEGENBERGER CT, OAKLAND, CA 94621-1321
20507603	REDWIRE HVAC INC	11/3/2023	6/30/2026	--ON FILE--
20502076	REDWOOD CITY ALARMS, INC.	1/27/2021	6/30/2027	463 BREWSTER AVE STE 1, REDWOOD CITY, CA 94063-1724
20500280	REDWOOD ELECTRIC GROUP	11/14/1991	6/30/2027	2775 NORTHWESTERN PKWY, SANTA CLARA, CA 95051-0947
20501351	REDWOOD GARDEN MAT/REDWOOD DEBRIS BOX	11/26/1997	6/30/2026	350 LANG RD, BURLINGAME, CA 94010-2003
20500006	REDWOOD ROOFING CO	12/5/2019	6/30/2027	130 STAPLES AVE, SAN FRANCISCO, CA 94112-1835
20509917	REFINED BY ALEEYA	4/1/2026	6/30/2026	347 CALIFORNIA DR, BURLINGAME, CA 94010-4114
20509138	REFINED SIGNS & MAILBOXES	6/3/2025	6/30/2026	1980 PEACOCK BLVD STE B, OCEANSIDE, CA 92056-3581
20506075	REFRIGERATION SUPPLIES DISTRIBUTOR	7/1/2008	6/30/2027	26021 ATLANTIC OCEAN DR, LAKE FOREST, CA 92630-8831
20504441	REGENCY PRIME PROPERTIES INC	12/11/2006	6/30/2027	533 AIRPORT BLVD #400, BURLINGAME, CA 94010-2028
20503770	REGENT5 LLC	8/7/2018	6/30/2027	1300 INDUSTRIAL RD STE 12, SAN CARLOS, CA 94070-4122
20504060	REGINA BOOKS + OPERATING	8/1/2021	6/30/2027	251 PARK RD STE 600, BURLINGAME, CA 94010-4236
20509760	REGINA PLUMBING INC	2/2/2026	6/30/2026	1180 SAN CARLOS AVE #445, SAN CARLOS, CA 94070-2441
20504073	REICHERT COMMUNICATIONS	7/1/2012	6/30/2027	840 EDGEHILL DR, BURLINGAME, CA 94010-3613
20508925	REIZ BUILDERS AND CONSTRUCTION INC	3/7/2025	6/30/2027	--ON FILE--
20503898	REJUVALON SKIN & SPA INC.	9/4/2018	6/30/2027	1211 BROADWAY, BURLINGAME, CA 94010-3423
20508403	RELAX STUDIO SF	8/15/2024	6/30/2027	851 CALIFORNIA DR STE D, BURLINGAME, CA 94010-3604
20507267	RELIABLE CONCEPTS CORPORATION	1/1/2022	6/30/2027	636 NEWHALL ST, SAN JOSE, CA 95110
20507250	RELIABLE FIRE EXTINGUISHER SALES & SERVICE, INC.	1/2/2023	6/30/2027	2638 SPRING ST, REDWOOD CITY, CA 94063-3522
20503500	RELIANCE CLOTHING	10/1/2021	6/30/2027	1350 BURLINGAME AVE, BURLINGAME, CA 94010-4109
20500618	RENCO INTERNATIONAL TRADING, INC.	1/6/1994	6/30/2027	1817 ASHTON AVE, BURLINGAME, CA 94010-5712
20501763	RENEE A. DUFFEY, LMFT	12/10/2020	6/30/2027	1601 BAYSHORE HWY # 123, BURLINGAME, CA 94010-1506
20500496	RENEWAL BY ANDERSEN CORPORATION	10/24/2011	6/30/2027	30806 SANTANA ST, HAYWARD, CA 94544-7060
20509446	RESA SERVICE LLC	9/1/2025	6/30/2027	16833 EDWARDS RD, CERRITOS, CA 90703-2417
20504240	RESERVED MOTORCARS LLC	11/20/2018	6/30/2027	609 CALIFORNIA DR, BURLINGAME, CA 94010-3730
20506095	RESOURCE MORTGAGE CORP.	1/27/1983	6/30/2027	1419 BURLINGAME AVE # R, BURLINGAME, CA 94010-4123
20507128	RESTAURANTE GUATEMALTECO EL QUETZAL	12/31/2022	6/30/2027	216 CALIFORNIA DR, BURLINGAME, CA 94010-4113
20502519	RESTORATION MANAGEMENT COMPANY	11/7/2017	6/30/2027	4142 POINT EDEN WAY, HAYWARD, CA 94545-3703
20504648	RESUSCITATION SCIENCE INC.	1/1/2022	6/30/2027	1633 OLD BAYSHORE HWY 150, BURLINGAME, CA 94010
20509936	RETAIL AMP DESIGN	4/10/2026	6/30/2026	979 W LAUREL ST, SAN DIEGO, CA 92101-1224
20507505	REUP CREATIVE REUSE CENTER	9/25/2023	6/30/2027	533 AIRPORT BLVD STE 400, BURLINGAME, CA 94010-2028
20509005	REUP JANITORIAL AND MAINTENANCE AIDE SERVICES	4/10/2025	6/30/2027	533 AIRPORT BLVD STE 400, BURLINGAME, CA 94010-2028
20505706	REV ONE DESIGN INC	7/1/2014	6/30/2026	1649 ADRIAN RD #B, BURLINGAME, CA 94010-2103
20507194	REVMAB BIOSCIENCES USA, INC.	5/8/2023	6/30/2027	2 ADRIAN CT #26, BURLINGAME, CA 94010-2101
20506959	REVOCABLE TR ANN MARY STLUKA & STLUKA FAMILY TR	7/1/2018	6/30/2027	--ON FILE--
20504831	REVZERO, INC.	4/2/2019	6/30/2027	134 WARREN RD, SAN MATEO, CA 94401-3720
20503866	REX MOORE GROUP, INC.	1/29/2013	6/30/2027	6001 OUTFALL CIR, SACRAMENTO, CA 95828-1066
20502467	REYES COCA-COLA BOTTLING, LLC	10/25/2017	6/30/2027	6250 N RIVER RD STE 9000, ROSEMONT, IL 60018-4241
20508724	RF FIRE ALARM PRO	12/11/2024	6/30/2027	1879 42ND AVE, SAN FRANCISCO, CA 94122-4007
20501560	RG DEVELOPMENTS	8/12/1998	6/30/2027	PO BOX 1396, BURLINGAME, CA 94011-1578
20502460	RG FINE FINISHES INC.	3/25/2021	6/30/2027	965 RICHARD AVE, SANTA CLARA, CA 95050-2837
20501751	RGIS, LLC.	2/9/2011	6/30/2027	2000 TAYLOR RD, AUBURN HILLS, MI 48326-1771
20502107	RHS CONSTRUCTION	11/8/2011	6/30/2027	876 6TH AVE, SAN BRUNO, CA 94066-3223
20503917	RHYTHM MEDIA GROUP INC	7/18/2005	6/30/2027	1648 GILBRETH RD, BURLINGAME, CA 94010-1408
20503286	RICARDO GALLEGOS GARDENING SERVICES	7/6/2012	6/30/2027	--ON FILE--
20501440	RICE FINANCIAL GROUP	3/17/1998	6/30/2027	840 HINCKLEY RD # 125, BURLINGAME, CA 94010-1500
20500718	RICHARD MARKS	9/7/1994	6/30/2027	1420 OAK GROVE AVE, BURLINGAME, CA 94010-3711
20506404	RICHARD SAM TRANSLATION & INTERPRETATION	1/1/2016	6/30/2026	2614 TROUSDALE DR, BURLINGAME, CA 94010-5707
20505988	RICHARD T. DWYER & CO	7/15/1981	6/30/2027	1350 BAYSHORE HWY # 510, BURLINGAME, CA 94010-1814
20507161	RICHLEN CONSTRUCTION	4/17/2023	6/30/2027	--ON FILE--
20505506	RICO J. DELODOVICI, EA	9/4/2014	6/30/2027	851 BURLWAY RD # 607, BURLINGAME, CA 94010-1715
20503413	RICOH USA, INC.	7/1/2003	6/30/2027	10343 SAM HOUSTON PARK DR STE 310, HOUSTON, TX 77064-4656
20509346	RIDGEVALLEY ROOFING, INC.	8/18/2025	6/30/2026	1420 MESA CREEK DR, PATTERSON, CA 95363-8778
20503742	RIDGEWAY ELECTRIC	12/20/2004	6/30/2026	1041 S CLAREMONT ST, SAN MATEO, CA 94402-1835
20506765	RIDWELL INC	10/10/2022	6/30/2027	113 CHERRY ST STE 73341, SEATTLE, WA 98104-2235
20507939	RIGEL LEARNING CLUB, LLC	2/1/2024	6/30/2027	1813 EL CAMINO REAL STE 15, BURLINGAME, CA 94010-3229
20504871	RIGGS DISTRIBUTING, INC.	1/16/2008	6/30/2027	839 MITTEN RD STE 200, BURLINGAME, CA 94010-1331
20506208	RIGHT ON CONSTRUCTION, INC.	7/1/2022	6/30/2027	732 WARRINGTON AVE, REDWOOD CITY, CA 94063-3526
20509757	RIGO&MARY'S MAINTENANCE SERVICES	1/15/2026	6/30/2027	--ON FILE--
20503849	RING PROTECT INC.	8/23/2018	6/30/2027	12515 CERISE AVE, HAWTHORNE, CA 90250-4801
20509190	RINKER MECHANICAL SERVICES, INC	6/19/2025	6/30/2026	12215 LOCKSLEY LN STE 1, AUBURN, CA 95602-2062
20500196	RIP CITY FITNESS	7/3/1990	6/30/2027	1920 HILLSIDE DR, BURLINGAME, CA 94010-4732
20508540	RISE & SHINE SOLAR LLC	9/30/2024	6/30/2026	1223 BORDEAUX DR, SUNNYVALE, CA 94089-1203
20506076	RISE PIZZERIA	7/1/2015	6/30/2027	1451 BURLINGAME AVE, BURLINGAME, CA 94010-4110
20509584	RISE WITHIN THERAPY STUDIO	11/15/2025	6/30/2027	345 LORTON AVE #201, BURLINGAME, CA 94010-4136
20504168	RISTORANTE ROCCA	2/22/2006	6/30/2027	1205 BROADWAY, BURLINGAME, CA 94010-3423
20507150	RITE ROOTER PLUMBING	3/31/2023	6/30/2026	130 GALLEY CT, DISCOVERY BAY, CA 94505-1711
20505795	RITZ TOURS & TRAVEL INC.	3/4/2015	6/30/2027	877 MAHLER RD #151, BURLINGAME, CA 94010-1642
20503322	RIVER ENGINEERING INC.	6/1/2018	6/30/2027	1330 ROLLINS RD, BURLINGAME, CA 94010-2410
20503266	RIVERROCK REAL ESTATE GROUP	7/1/2021	6/30/2026	2392 MORSE AVE STE 100, IRVINE, CA 92614-5232
20504387	RIVERVIEW SYSTEMS GROUP, INC.	8/22/2013	6/30/2027	1101 CADILLAC CT, MILPITAS, CA 95035-3055
20507329	RIVOLTY INC	7/13/2023	6/30/2027	--ON FILE--
20509898	RJS & ASSOCIATES, INC.	4/1/2026	6/30/2027	1675 SABRE ST, HAYWARD, CA 94545-1013
20501787	RK ELECTRIC INC	6/1/1999	6/30/2026	49211 MILMONT DR, FREMONT, CA 94538-7349
20501742	RL TOWING INC.	7/1/2016	6/30/2027	2135 PALM AVE, SAN MATEO, CA 94403-1812
20502825	RLH FIRE PROTECTION, INC.	3/13/2012	6/30/2027	5005 BUSINESS PARK N, BAKERSFIELD, CA 93309-1651
20509778	RM ENERGY INC	2/9/2026	6/30/2027	2995 WOODSIDE RD STE 400-389, WOODSIDE, CA 94062-2432
20509494	RM WONG CONSTRUCTION CO	11/1/2025	6/30/2027	--ON FILE--
20500230	RMC PROPERTIES	3/25/1991	6/30/2027	1419 BURLINGAME AVE, BURLINGAME, CA 94010-4150
20505866	RO'S BUILDING SUPPLY LLC	6/1/2022	6/30/2026	837 COWAN RD, BURLINGAME, CA 94010-1204
20509902	ROACH & CAMPBELL LANDSCAPE ARCHITECTURE	4/1/2026	6/30/2026	947 ENTERPRISE DR STE B, SACRAMENTO, CA 95825-3940
20500755	ROADRUNNERS RAPID EXPRESS INC	7/15/2010	6/30/2027	1461 BAYSHORE HWY, BURLINGAME, CA 94010-1702
20500154	ROBERT A WARMAN CO INC	7/1/2010	6/30/2027	1720 SACRAMENTO ST, SAN FRANCISCO, CA 94109-3686
20501469	ROBERT HALF INC	7/1/2010	6/30/2027	3001 BISHOP DR 140, SAN RAMON, CA 94583-5005
20507443	ROBERT L. BROWN CONSTRUCTION INC.	8/21/2023	6/30/2027	4878 SUNRISE DR, MARTINEZ, CA 94553-4346
20505727	ROBERT MEDAN	1/8/2009	6/30/2027	--ON FILE--
20501322	ROBERT MORTON-JONES CONSTRUCTION	2/1/2013	6/30/2027	709 BAYSWTER AVE, BURLINGAME, CA 94010
20500410	ROBERTSON INDUSTRIES INC.	2/16/2016	6/30/2027	2140 E CEDAR ST, TEMPE, AZ 85281-7430
20507109	ROBERTSON STEPHENS WEALTH MANAGEMENT, LLC	12/14/2022	6/30/2027	1350 BAYSHORE HWY # 210, BURLINGAME, CA 94010-1811
20502499	ROCHE ELECTRIC	8/9/2001	6/30/2027	1557 NEWLANDS AVE, BURLINGAME, CA 94010-5241
20506739	ROCHEX & ROCHEX	10/1/2009	6/30/2027	851 BURLWAY RD # 601, BURLINGAME, CA 94010-1715
20508553	ROCIO B RODRIGUEZ LMFT DYNAMIC HEALTH AND HEALING	7/1/2024	6/30/2027	1601 OLD BAYSHORE HWY STE 123, BURLINGAME, CA 94010
20502175	ROCK ISLAND REFRIGERATED DIST INC	7/1/2010	6/30/2027	939 TRANSPORT WAY, PETALUMA, CA 94954-1474
20509099	ROCKAWAY RESIDENTIAL MANAGEMENT	7/1/2025	6/30/2027	723 CAMINO PLZ # 233, SAN BRUNO, CA 94066-3401
20501524	ROCKY COLOGNE'S COMEDY TRAFFIC SCHOOL	7/7/1998	6/30/2027	--ON FILE--
20506098	ROD MUSCIO ELECTRICAL CONTRACTOR	7/7/1981	6/30/2027	901 PALMETTO AVE STE D, PACIFICA, CA 94044-2271
20505835	RODAN BUILDERS, INC.	1/26/2009	6/30/2027	3486 INVESTMENT BLVD B, HAYWARD, CA 94545
20509650	RODDA ELECTRIC INC.	12/1/2025	6/30/2027	385 CARROL CT, BRENTWOOD, CA 94513-7357
20509688	ROGER CUNNINGHAM ELECTRIC	1/5/2026	6/30/2026	--ON FILE--
20505067	ROGERS & ASSOCIATES INC	7/1/2007	6/30/2026	1633 BAYSHORE HWY # 255, BURLINGAME, CA 94010-1537
20508648	ROGERS ELECTRIC CORPORATION	10/31/2024	6/30/2027	4890 HORNER ST, UNION CITY, CA 94587-2533
20508621	ROHAN CONSTRUCTION INC	10/22/2024	6/30/2027	--ON FILE--
20506856	ROHLIG USA, LLC	11/1/2022	6/30/2027	1350 BAYSHORE HWY STE 780, BURLINGAME, CA 94010-1842
20504730	ROLAND'S WATERPROOFING INC.	3/8/2019	6/30/2027	271 KINNEY DR, SAN JOSE, CA 95112-4433
20510106	ROLE PLAYER	6/16/2026	6/30/2027	218 PRIMROSE RD UNIT 11, BURLINGAME, CA 94010-4208
20503926	ROLLING FRITO-LAY SALES LP	7/28/2005	6/30/2027	26672 TOWNE CENTRE DR STE 360, FOOTHILL RANCH, CA 92610-2818
20504625	ROLLING MOTORS	12/3/2021	6/30/2027	1870 EL CAMINO REAL STE 108, BURLINGAME, CA 94010-3107
20501903	ROMEL CHICAGO, LLC	7/1/2016	6/30/2027	400 S EL CAMINO REAL STE 760, SAN MATEO, CA 94402-1761
20506089	RON'S MEDICAL GASES	11/24/2008	6/30/2027	325 COREY WAY #110, SOUTH SAN FRANCISCO, CA 94080-6717
20503395	RONAN MC CONNELL ELECTRIC	6/12/2018	6/30/2027	--ON FILE--
20506083	ROOBIK'S CUT	9/21/1983	6/30/2026	1805 EL CAMINO REAL # B, BURLINGAME, CA 94010-3202
20509712	ROOF BY TOM INC	1/15/2026	6/30/2026	8 TH WALNUT, CREEK, CA 94596-3742
20508787	ROOF EXPRESS	1/13/2025	6/30/2027	3376 MISTY LAKE DR, ANTELOPE, CA 95843-2277
20509069	ROOFING AND ELECTRICAL	5/12/2025	6/30/2026	--ON FILE--
20509579	ROOFIX TECHNOLOGIES LLC	11/18/2025	6/30/2026	701 HIGHLANDER BLVD STE 300, ARLINGTON, TX 76015-4340
20510059	ROOFLOW	6/9/2026	6/30/2027	4307 VALLEY AVE UNIT 203, PLEASANTON, CA 94566-5594
20509642	ROOFMAXX	12/16/2025	6/30/2027	2764 CAMINO DIABLO, WALNUT CREEK, CA 94597-3906
20506970	ROOTER HERO	12/1/2022	6/30/2026	2827 AIELLO DR, SAN JOSE, CA 95111-2155
20509427	ROOTS PSYCHIATRIC SERVICES, P.C.	10/16/2025	6/30/2027	270 EAST LN, BURLINGAME, CA 94010-2802
20509665	ROQUE TOMATIS ARCHITECTURE	12/17/2025	6/30/2027	1500 BURKE AVE STE B, SAN FRANCISCO, CA 94124-1427
20509934	ROSALES ELECTRIC	4/20/2026	6/30/2026	--ON FILE--
20507608	ROSENBERG PLUMBING INC	11/1/2023	6/30/2027	580 CRESPI DR UNIT P, PACIFICA, CA 94044-3426
20500662	ROSENDIN ELECTRIC	4/18/1994	6/30/2027	120 S CENTRAL AVE # 350, CLAYTON, MO 63105-1705
20505981	ROSS WILLIAMS, D.D.S.	7/1/1983	6/30/2027	1740 MARCO POLO WAY 8, BURLINGAME, CA 94010
20502816	ROSSI BUILDERS INC	7/26/2010	6/30/2026	3127 MISSION ST APT A, SAN FRANCISCO, CA 94110-4503
20503197	ROSSI PAINTING & CONSTRUCTION	7/1/2021	6/30/2027	110 GLENN WAY # 17, SAN CARLOS, CA 94070-6262
20506119	ROTO - ROOTER SEWER SERVICE	12/6/2013	6/30/2027	255 E 5TH ST STE 2500, CINCINNATI, OH 45202-4725
20500776	ROUNTREE PLUMBING & HEATING, INC.	5/27/2020	6/30/2027	1624 SANTA CLARA DR STE 120, ROSEVILLE, CA 95661-3553
20510144	ROWLAND CONSTRUCTION CO	7/1/2026	6/30/2027	500 PERSIA AVE, SAN FRANCISCO, CA 94112-2828
20507273	ROY GONZALEZ	6/30/2023	6/30/2027	--ON FILE--
20509601	ROYAL DEMOLITION	12/1/2025	6/30/2026	--ON FILE--
20505864	ROYAL DONUT CAFE, INC.	3/26/2015	6/30/2027	1165 BROADWAY, BURLINGAME, CA 94010-3429
20501301	ROYAL LOAN CO	11/23/2016	6/30/2027	1419 BURLINGAME AVE F, BURLINGAME, CA 94010
20505715	ROYAL LOAN LLC	2/3/2015	6/30/2027	1419 BURLINGAME AVE F, BURLINGAME, CA 94010
20502714	ROYAL POOLS	9/20/2004	6/30/2027	2258 CAMDEN AVE, SAN JOSE, CA 95124-2028
20508825	ROYAL PRESTIGE DIAMOND OPPORTUNITY	1/10/2025	6/30/2027	1799 BAYSHORE HWY STE 201, BURLINGAME, CA 94010-1312
20506122	ROYAL RACQUET CLUB	6/25/1981	6/30/2027	1718 ROLLINS RD, BURLINGAME, CA 94010-2208
20502390	ROYALTY TATTOO COLLECTIVE	8/17/2011	6/30/2027	1009 CALIFORNIA DR, BURLINGAME, CA 94010-3630
20508660	RRE ELECTRICAL CONTRACTORS	11/8/2024	6/30/2026	3449 FREEDOM PARK DR, NORTH HIGHLANDS, CA 95660-4607
20501472	RRM INC	6/2/1998	6/30/2027	2560 SOQUEL AVE #202, SANTA CRUZ, CA 95062-1429
20509173	RSC MECHANICAL, INC.	6/13/2025	6/30/2027	43750 GARFIELD RD, CLINTON TOWNSHIP, MI 48038-1135
20507173	RSL STRUCTURAL INC.	4/13/2023	6/30/2026	--ON FILE--
20501510	RSS ARCHITECTURE INC	2/9/2017	6/30/2027	1300 ELMER ST, BELMONT, CA 94002-4011
20509132	RT WESTERN INC.	6/1/2025	6/30/2026	505 MONTGOMERY ST, SAN FRANCISCO, CA 94111-6529
20502424	RTS SYSTEMS & DESIGN	12/23/2004	6/30/2027	7026 KOLL CENTER PKWY STE 230, PLEASANTON, CA 94566-3108
20503319	RUBEN'S LANDSCAPING	7/9/2012	6/30/2027	50 BAYSHORE CIR, SAN BRUNO, CA 94066-1506
20509767	RUIZ ELECTRIC	1/29/2026	6/30/2026	--ON FILE--
20503335	RUIZ R GARDENING	7/10/2012	6/30/2027	PO BOX 593, SAN MATEO, CA 94401-0692
20501333	RUNBUK, INC.	12/5/2016	6/30/2027	--ON FILE--
20501596	RUPPELS AUTO FIXATION	10/5/1998	6/30/2027	260 EAST LN, BURLINGAME, CA 94010-2802
20509216	RUSHFORGE LLC	7/1/2025	6/30/2027	533 AIRPORT BLVD STE 400, BURLINGAME, CA 94010-2028
20501796	RUSSELL J. PAPE CONSTRUCTION INC	8/27/2007	6/30/2026	1675 ROLLINS RD # O, BURLINGAME, CA 94010-2320
20504420	RUSSIAN AGENCY INC.	11/2/2021	6/30/2027	851 BURLWAY RD # 206, BURLINGAME, CA 94010-1709
20503375	RUSSIAN SCHOOL OF MATHEMATICS	1/1/2022	6/30/2027	1818 GILBRETH RD 132 133 135, BURLINGAME, CA 94010
20509286	RY ADVISORY	7/24/2025	6/30/2027	--ON FILE--
20505063	RYAN AND RYAN CONSTRUCTION INC	10/11/2011	6/30/2027	390 SWIFT AVE #22, SOUTH SAN FRANCISCO, CA 94080-6221
20508218	RYAN'S LAUNDRY REPAIR	4/1/2024	6/30/2027	--ON FILE--
20509182	RYDGE WEALTH MANAGEMENT, LLC	6/16/2025	6/30/2027	851 BURLWAY RD # 600, BURLINGAME, CA 94010-1715
20505560	S & C ENVIRONMENTAL SOLUTIONS	11/14/2014	6/30/2027	41 ARUNDEL RD, BURLINGAME, CA 94010-3023
20507260	S AND Z FOOD	6/9/2023	6/30/2026	1150 PALOMA AVE UNIT A, BURLINGAME, CA 94010-3508
20509692	S C CONSTRUCTION COMPANY	1/26/2026	6/30/2027	--ON FILE--
20501498	S J MYERS CONSTRUCTION	7/1/1998	6/30/2027	740 ANREY CT, MURPHYS, CA 95247-9718
20506484	S L GRIFFITHS INC	7/2/1981	6/30/2027	228 LORTON AVE, BURLINGAME, CA 94010-4253
20509522	S M CONSTRUCTION AND ASSOCIATES INC	10/1/2025	6/30/2026	48 CHESTER ST, DALY CITY, CA 94014-3009
20503142	S R BRAY LLC	4/16/2018	6/30/2027	5500 E LA PALMA AVE, ANAHEIM, CA 92807-2108
20509858	S V M CONCRETE INC	3/10/2026	6/30/2026	660 EASY ST, MORGAN HILL, CA 95037-6211
20505840	S&A ENGINEERING DESIGN	9/16/2019	6/30/2026	5 HEATHER PL, HILLSBOROUGH, CA 94010-7213
20508344	S&S SOLUTIONS INC	7/1/2024	6/30/2027	533 AIRPORT BLVD STE 400, BURLINGAME, CA 94010-2028
20504327	S.F. EXPRESS CORPORATION	11/1/2021	6/30/2027	1541 ROLLINS RD, BURLINGAME, CA 94010-2305
20500078	S.J. AHL CONSTRUCTION	4/3/1989	6/30/2027	--ON FILE--
20509805	SAARMAN CONSTRUCTION LTD	2/23/2026	6/30/2027	1900 N LOOP RD, ALAMEDA, CA 94502-8014
20500791	SABAH INTERNATIONAL	8/5/2010	6/30/2027	5925 STONERIDGE DR, PLEASANTON, CA 94588-2705
20509383	SABATINI AUTOSPORT	8/1/2025	6/30/2026	1601 BAYSHORE HWY # 240, BURLINGAME, CA 94010-1508
20501910	SABER ROOFING	10/13/1999	6/30/2027	2995 WOODSIDE RD 400, REDWOOD CITY, CA 94062-2448
20502454	SABINE	7/11/2001	6/30/2026	--ON FILE--
20504936	SAE K. CHO, CPA	3/12/2014	6/30/2027	800 AIRPORT BLVD # 300, BURLINGAME, CA 94010-1905
20501500	SAFE ASSURANCE FIRE PROTECTION, INC.	9/25/2020	6/30/2027	--ON FILE--
20505723	SAFE STEP WALK-IN TUB LLC	4/20/2022	6/30/2027	15262 PIPELINE LN, HUNTINGTON BEACH, CA 92649-1136
20504026	SAFE2CORE, INC.	9/20/2021	6/30/2027	3801 CHARTER PARK CT, SAN JOSE, CA 95136-1386
20509283	SAFETY COMPLIANCE MANAGEMENT, INC.	7/24/2025	6/30/2027	14 CROW CANYON CT STE 200, SAN RAMON, CA 94583-1668
20509918	SAFETY FIRST ELECTRIC	4/6/2026	6/30/2026	--ON FILE--
20500332	SAFETY-KLEEN SYSTEMS INC	7/1/2009	6/30/2027	42 LONGWATER DR, NORWELL, MA 02061-1612
20506126	SAFEWAY STORES, INC. #1547	8/3/1981	6/30/2027	1450 HOWARD AVE, BURLINGAME, CA 94010-4202
20505997	SAFFRON	6/1/2022	6/30/2027	209 PARK RD, BURLINGAME, CA 94010-4205
20501476	SAFWAY ATLANTIC	1/31/2017	6/30/2027	PO BOX 3179, RANCHO CUCAMONGA, CA 91729-3198
20504136	SAGE ELDERCARE SOLUTIONS, LLC.	5/1/2013	6/30/2027	1801 MURCHISON DR # 210, BURLINGAME, CA 94010-4518
20501573	SAINT CATHERINE'S SCHOOL	7/2/1981	6/30/2027	1300 BAYSWATER AVE, BURLINGAME, CA 94010-4313
20509255	SAINT LAZARUS GC	7/15/2025	6/30/2026	26653 JOSHUA ST, HAYWARD, CA 94544-3548
20509192	SAKAE INC	1/1/2025	6/30/2027	--ON FILE--
20508370	SAKAE SUSHI	8/1/2024	6/30/2027	243 CALIFORNIA DR, BURLINGAME, CA 94010-4112
20507707	SAKUNA BODYWORK	2/1/2024	6/30/2027	251 PARK RD STE 150, BURLINGAME, CA 94010-4234
20509625	SAKURA BAKERY MARKET PREPACK	5/1/2026	6/30/2027	1811 C EL CAMINO REAL, BURLINGAME, CA 94010
20503390	SAL'S LANDSCAPING	7/12/2012	6/30/2027	--ON FILE--
20502322	SALAS O'BRIEN ENGINEERS	10/6/2017	6/30/2027	305 S 11TH ST, SAN JOSE, CA 95112-2218
20505256	SALLY NAIL SPA	2/14/2022	6/30/2027	1360 BROADWAY, BURLINGAME, CA 94010-3426
20505263	SALON 1419	4/15/2022	6/30/2026	1419 BURLINGAME AVE STE C, BURLINGAME, CA 94010-4122
20502655	SALON LE ROUGE & SPA-HEATHER THORNTON	11/22/2011	6/30/2026	1375 BURLINGAME AVE # 205, BURLINGAME, CA 94010-4100
20502572	SALON LE ROUGE - ELAINE NICDAO	11/28/2017	6/30/2027	1375 BURLINGAME AVE #205, BURLINGAME, CA 94010-4100
20506448	SALON LE ROUGE - LAVISH SKIN BY MAGGIE	10/2/2015	6/30/2027	1375 BURLINGAME AVE 205, BURLINGAME, CA 94010-4100
20500915	SALON LE ROUGE - NAOMI GARELICK	1/2/1996	6/30/2027	1375 BURLINGAME AVE # 205, BURLINGAME, CA 94010-4100
20501691	SALON LE ROUGE - THOMAS GRAVES	7/1/2003	6/30/2027	1375 BURLINGAME AVE # 205, BURLINGAME, CA 94010-4100
20500912	SALON LE ROUGE JILL COLLINS HAIR DESIGN	1/2/1996	6/30/2027	1375 BURLINGAME AVE # 205, BURLINGAME, CA 94010-4100
20508346	SALON MALIA	7/22/2024	6/30/2026	218 PRIMROSE RD STE 9, BURLINGAME, CA 94010-4208
20501606	SALON STILO	3/8/2017	6/30/2027	1200 HOWARD AVE STE 105, BURLINGAME, CA 94010-4223
20504539	SALON STILO - ALICIA HAIR	2/6/2019	6/30/2027	1200 HOWARD 105, BURLINGAME, CA 94010
20503907	SALT & STRAW LLC	9/6/2018	6/30/2027	1309 BURLINGAME AVE, BURLINGAME, CA 94010-4108
20503936	SALTWATER GROUP, LLC	10/1/2020	6/30/2027	2832 RIVERA DR, BURLINGAME, CA 94010-5832
20503593	SALTYARD RESTAURANT & WINE BAR	7/17/2018	6/30/2027	322 LORTON AVE, BURLINGAME, CA 94010-4104
20508706	SALVADOR ORDONEZ	12/2/2024	6/30/2026	787 QUARTZ LN, VALLEJO, CA 94589-2192
20507636	SAM'S CHOWDERMOBILE	11/30/2023	6/30/2027	4210 CABRILLO HWY N, HALF MOON BAY, CA 94019-5221
20502278	SAM'S SMOG	12/1/2000	6/30/2027	124 HIGHLAND AVE, BURLINGAME, CA 94010-4321
20503715	SAME DAY AIR CONDITIONING & HEATING	7/30/2018	6/30/2026	3334 ARDEN RD, HAYWARD, CA 94545-3904
20503122	SAMMY YIM-STATE FARM INSURANCE BURLINGAME	7/1/2017	6/30/2027	1419 BURLINGAME AVE #P, BURLINGAME, CA 94010-4119
20509089	SAN ANDRES CONSTRUCTION	5/23/2025	6/30/2026	529 RINCON AVE, LIVERMORE, CA 94551-2679
20509700	SAN BRUNO CONCRETE	1/7/2026	6/30/2026	--ON FILE--
20502758	SAN CARLOS ROOFING CO	1/14/2015	6/30/2027	1180 SAN CARLOS AVE #437, SAN CARLOS, CA 94070-2441
20504320	SAN FRANCISCO BATTERY INC	7/19/2006	6/30/2027	1680 GILBRETH RD, BURLINGAME, CA 94010-1408
20501411	SAN FRANCISCO BAY SAILING LLC	1/11/2017	6/30/2027	1410 PALOMA AVE, BURLINGAME, CA 94010-3335
20506130	SAN FRANCISCO CHRONICLE	6/26/1981	6/30/2027	901 MISSION ST, SAN FRANCISCO, CA 94103-2934
20506887	SAN FRANCISCO EXCHANGE COMPANY, INC.	9/23/2021	6/30/2027	1350 OLD BAYSHORE HWY 520, BURLINGAME, CA 94010
20504315	SAN FRANCISCO FIRE PROTECTION INC	7/14/2006	6/30/2026	1355 FAIRFAX AVE STE B, SAN FRANCISCO, CA 94124-1731
20506033	SAN FRANCISCO OPERA ASSOCIATION	3/1/2015	6/30/2027	826 BURLWAY RD, BURLINGAME, CA 94010-1706
20501618	SAN JOSE BOILER WORKS INC	7/1/2010	6/30/2027	1585 SCHALLENBERGER RD, SAN JOSE, CA 95131-2434
20508897	SAN JOSE CONSERVATION CORPS	5/1/2025	6/30/2027	1560 BERGER DR, SAN JOSE, CA 95112-2703
20501422	SAN MATEO CARPETS	7/1/2010	6/30/2027	101 N AMPHLETT BLVD, SAN MATEO, CA 94401-1902
20500433	SAN MATEO CO. CONVENTION/VISITOR BUREAU	3/16/1993	6/30/2027	111 ANZA BLVD # 410, BURLINGAME, CA 94010-1916
20503345	SAN MATEO COUNTY CHINESE SCHOOL	7/10/2012	6/30/2027	1849 BAYSHORE HWY # 168, BURLINGAME, CA 94010-1206
20507586	SAN MATEO COUNTY FAMILY CHILD CARE ORGANIZATION	6/12/2022	6/30/2026	1534 PLAZA LN # 268, BURLINGAME, CA 94010-3204
20506134	SAN MATEO LOCK WORKS	7/21/1981	6/30/2027	321 2ND AVE, SAN MATEO, CA 94401-3905
20501604	SAN MATEO LUMBER CO.	7/21/1981	6/30/2027	501 S CLAREMONT ST, SAN MATEO, CA 94402-1351
20505770	SAN MATEO PODIATRY GROUP	12/1/2014	6/30/2027	1750 EL CAMINO REAL # 105, BURLINGAME, CA 94010-3210
20503932	SAN MATEO REAL ESTATE, INC.	9/11/2018	6/30/2027	1777 BOREL PL # 330, SAN MATEO, CA 94402-3532
20505831	SAN MATEO YELLOW CAB	3/23/2015	6/30/2027	195 87TH ST STE C, DALY CITY, CA 94015-1692
20509207	SANAMENTE PSYCHOLOGY	6/30/2025	6/30/2027	877 MAHLER RD STE 160, BURLINGAME, CA 94010-1640
20510103	SANCHEZ & SON ROOFING INC	6/15/2026	6/30/2026	--ON FILE--
20505782	SANDBAR	1/21/2009	6/30/2027	--ON FILE--
20500040	SANDIS	1/25/2010	6/30/2027	3007 DOUGLAS BLVD STE 105, ROSEVILLE, CA 95661-4220
20509595	SANDIUM HEATING AND AIR CONDITIONING	11/20/2025	6/30/2027	1045 N 10TH ST, B SAN JOSE, CA 95112
20500601	SANDOVAL CUT & STYLE	3/10/2020	6/30/2027	1419 BURLINGAME AVE STE C, BURLINGAME, CA 94010-4122
20509191	SANDSTONE ENVIRONMENTAL ENGINEERING INC.	7/8/2025	6/30/2026	3701 COLLINS AVE 4B, RICHMOND, CA 94806
20505425	SAPNA UPADHYAY LCSW	4/1/2022	6/30/2027	25 EDWARDS CT STE 1, BURLINGAME, CA 94010-2429
20502564	SAPORE ITALIANO	11/9/2001	6/30/2027	1447 BURLINGAME AVE, BURLINGAME, CA 94010-4110
20507944	SARAH LAWSON DESIGN	1/22/2024	6/30/2027	--ON FILE--
20505445	SARGENT DEVELOPMENT	9/22/2008	6/30/2027	1534 PLAZA LN # 132, BURLINGAME, CA 94010-3204
20500954	SARNOFF MEDIATIONS	7/1/2016	6/30/2027	20 PARK RD D, BURLINGAME, CA 94010
20502653	SATELLITE PAINTING, INC.	12/18/2017	6/30/2027	5655 SILVER CREEK VALLEY RD, SAN JOSE, CA 95138-2473
20509465	SATOSHI RAMEN SHOP	7/1/2026	6/30/2027	266 LORTON AVE, BURLINGAME, CA 94010-4204
20509482	SATOSHI RAMEN SHOP	10/26/2025	6/30/2026	104 GILBERT AVE, MENLO PARK, CA 94025-2833
20505590	SAUNDERS CONSTRUCTION INC.	4/7/2022	6/30/2026	1760 MONROVIA AVE UNIT A-1, COSTA MESA, CA 92627-4420
20505644	SBI BUILDERS, INC.	4/11/2022	6/30/2027	710 W JULIAN ST, SAN JOSE, CA 95126-2713
20501066	SC FITNESS	9/19/2016	6/30/2027	1731 ADRIAN RD # 14, BURLINGAME, CA 94010-2108
20505249	SCAFFOLD SOLUTIONS, INC.	5/28/2008	6/30/2027	1500 GREEN ISLAND RD # A, AMERICAN CANYON, CA 94503-9660
20500461	SCAN-TOP	7/1/2009	6/30/2027	2575 MIDDLEFIELD RD, REDWOOD CITY, CA 94063-2825
20501162	SCAPES, INC.	9/30/2010	6/30/2027	--ON FILE--
20505660	SCENT OF THAI THERAPY	1/13/2015	6/30/2027	1100 HOWARD AVE # B, BURLINGAME, CA 94010-4260
20500238	SCHAAF & WHEELER, CONSULTING CIVIL ENGINEERS	3/26/2010	6/30/2027	4699 OLD IRONSIDES DR STE 350, SANTA CLARA, CA 95054-1860
20509837	SCHEMBRI CONSTRUCTION COMPANY INC.	3/3/2026	6/30/2027	322 LANG RD, BURLINGAME, CA 94010-2003
20506138	SCHINDLER ELEVATOR CORPORATION	7/21/1981	6/30/2026	20 WHIPPANY RD, MORRISTOWN, NJ 07960-4524
20504023	SCHMITT HEATING AND AIR CO	8/21/2012	6/30/2026	1580 TENNESSEE ST, SAN FRANCISCO, CA 94107-3524
20508783	SCIENCE FROM SCIENTISTS	8/1/2014	6/30/2026	533 AIRPORT BLVD STE 135, BURLINGAME, CA 94010-2068
20502688	SCIS AIR SECURITY CORPORATION	12/31/2001	6/30/2027	5040 RIVERSIDE DR, IRVING, TX 75039-4307
20503298	SCOOP STUDIO PILATES	8/2/2021	6/30/2027	401 PRIMROSE RD STE A, BURLINGAME, CA 94010-4063
20502568	SCOTT AG,. LLC	10/7/2011	6/30/2027	1275 N DUTTON AVE, SANTA ROSA, CA 95401-4685
20509749	SCOTT LU'S CONSTRUCTION INC	1/30/2026	6/30/2027	708 LARCHMONT DR, DALY CITY, CA 94015-3638
20504842	SCOTT PERLSTEIN TENNIS ENT.	7/1/2018	6/30/2027	850 BURLINGAME AVE, BURLINGAME, CA 94010-2899
20500484	SCREAMING CAT PRODUCTIONS	6/2/1993	6/30/2027	--ON FILE--
20509860	SCRUBBED	4/1/2026	6/30/2027	111 ANZA BLVD STE 320, BURLINGAME, CA 94010-1901
20500097	SCS GLOBAL PROFESSIONALS, LLP	2/12/2010	6/30/2027	800 AIRPORT BLVD # 410, BURLINGAME, CA 94010-1929
20508347	SDI FIREPLACES	7/1/2024	6/30/2027	370 LANG RD, BURLINGAME, CA 94010-2003
20501657	SDI INSULATION INC	7/1/2003	6/30/2027	370 LANG RD, BURLINGAME, CA 94010-2003
20507279	SDM CONSTRUCTION	6/13/2023	6/30/2027	2055 SIERRA RD UNIT 57, CONCORD, CA 94518-2993
20501409	SEALANE LLC	1/9/2017	6/30/2027	--ON FILE--
20505449	SEAMLESS FIRE PROTECTION	7/22/2019	6/30/2026	1310 TULLY RD, SAN JOSE, CA 95122-3054
20502548	SEAN CAFFERKEY CONSTRUCTION	10/1/2011	6/30/2027	--ON FILE--
20500501	SECURITAS SECURITY SERVICES USA INC	6/10/1993	6/30/2027	9 CAMPUS DR, PARSIPPANY, NJ 07054-4408
20503990	SECURITAS TECHNOLOGY CORPORATION	9/9/2005	6/30/2027	8350 SUNLIGHT DR LICENSING, FISHERS, IN 46037-2701
20504251	SEE'S CANDIES INC. #22	7/2/1981	6/30/2027	1842 EL CAMINO REAL, BURLINGAME, CA 94010-3133
20508386	SEED & SEEK COUNSELING SERVICES	7/1/2024	6/30/2027	1720 MARCO POLO WAY STE E, BURLINGAME, CA 94010-4513
20503188	SEESAW PSYCHOLOGY GROUP, PROFESSIONAL CORPORATION	4/24/2018	6/30/2026	309 PRIMROSE RD, BURLINGAME, CA 94010-4004
20501404	SEGALE BROS WOOD PRODUCTS INC	7/1/2010	6/30/2027	1705 SABRE ST, HAYWARD, CA 94545-1015
20501253	SEGAN INDUSTRIES INC	7/17/1997	6/30/2027	820 STANTON RD UNIT A, BURLINGAME, CA 94010-9991
20504877	SEGAN INDUSTRIES INC	4/11/2019	6/30/2027	858 STANTON RD, BURLINGAME, CA 94010-1404
20508429	SELECON FOODS USA INC.	9/1/2024	6/30/2027	345 LORTON AVE STE 306, BURLINGAME, CA 94010-4136
20505466	SELECT PHYSICAL THERAPY	4/1/2022	6/30/2027	1860 EL CAMINO REAL M 201, BURLINGAME, CA 94010
20500276	SEMPER SOLARIS CONSTRUCTION	1/15/2016	6/30/2027	180 E SUNNYOAKS AVE # 2, CAMPBELL, CA 95008-6631
20501427	SENTIENT HOLDING CO. LLC	1/11/2017	6/30/2027	--ON FILE--
20502941	SEPHORA USA INC.	9/5/2002	6/30/2027	1205 BURLINGAME AVE, BURLINGAME, CA 94010-4107
20509786	SEQUOIA FIRE PROTECTION	2/5/2026	6/30/2027	--ON FILE--
20508815	SERENITY DENTAL & OROFACIAL WELLNESS	2/10/2025	6/30/2027	1828 EL CAMINO REAL # 803, BURLINGAME, CA 94010-3124
20509492	SERENITY HOSPICE CARE INC	10/15/2025	6/30/2027	1633 BAYSHORE HWY STE 335, BURLINGAME, CA 94010-1538
20505365	SERENITY POOLS	11/14/2016	6/30/2027	PO BOX 1502, SAN CARLOS, CA 94070-7532
20503403	SERENO GROUP, INC	1/1/2021	6/30/2027	330 PRIMROSE RD # 610, BURLINGAME, CA 94010-4032
20509866	SERGIO LOPEZ ROOFING	3/16/2026	6/30/2026	3736 CHESAPEAKE CT, ANTIOCH, CA 94509-7014
20505346	SERPICO LANDSCAPING	7/30/2014	6/30/2027	1764 NATIONAL AVE, HAYWARD, CA 94545-1722
20508180	SERRA DESIGN INC	8/16/2024	6/30/2027	--ON FILE--
20506062	SERRA MEDICAL TRANSPORTATION INC	7/1/2008	6/30/2027	1299 BAYSHORE HWY # 230, BURLINGAME, CA 94010-1807
20500219	SERRA YELLOW CAB	1/1/2010	6/30/2027	1299 BAYSHORE HWY # 230, BURLINGAME, CA 94010-1807
20502527	SERRANO ELECTRIC, INC,	4/6/2021	6/30/2027	15920 CONCORD CIR, MORGAN HILL, CA 95037-5451
20506697	SERVICE BY MEDALLION	7/1/2009	6/30/2027	455 NATIONAL AVE, MOUNTAIN VIEW, CA 94043
20506613	SERVICE CHAMPIONS	8/11/2022	6/30/2027	--ON FILE--
20506876	SERVICE METAL PRODUCTS, INC.	7/1/2022	6/30/2027	9828 KITTY LN, OAKLAND, CA 94603-1070
20506392	SERVICE PAINTING, INC.	7/1/2008	6/30/2027	301 PRESTON CT, LIVERMORE, CA 94551-9678
20506136	SERVICE STATIONS SYSTEMS INC	7/1/2008	6/30/2027	680 QUINN AVE, SAN JOSE, CA 95112-2635
20504303	SERVPRO OF BURLINGAME/MILLBRAE	11/11/2021	6/30/2026	1433 N CAROLINE AVE, BURLINGAME, CA 94010
20503259	SEV LASER AESTHETICS BURLINGAME	10/1/2021	6/30/2026	1445 BURLINGAME AVE, BURLINGAME, CA 94010-4110
20504371	SEVEN UP BOTTLING CO. OF S.F.	7/1/1981	6/30/2027	6425 HALL OF FAME LN, FRISCO, TX 75034-1954
20501018	SEVENZONE INC	8/31/2016	6/30/2027	1601 BAYSHORE HWY # 200, BURLINGAME, CA 94010-1508
20510133	SEWER MASTERS	6/22/2026	6/30/2027	--ON FILE--
20504726	SF AIRPORT MARRIOTT	12/2/1985	6/30/2027	1800 BAYSHORE HWY, BURLINGAME, CA 94010-1294
20508055	SF CONNECTED CHIROPRACTIC	3/11/2024	6/30/2027	218 PRIMROSE RD STE 7, BURLINGAME, CA 94010-4208
20510032	SF PLUMBING & FIRE PROTECTION INC	5/25/2026	6/30/2026	266 BAY SHORE BLVD, SAN FRANCISCO, CA 94124-1323
20505029	SF UNDERGROUND INC.	2/1/2022	6/30/2027	50 URBANO DR, SAN FRANCISCO, CA 94127-2868
20509021	SF WINGSURFING SCHOOL LLC	4/15/2025	6/30/2027	--ON FILE--
20502987	SF-HILLS CONSTRUCTION, INC	3/16/2018	6/30/2027	--ON FILE--
20508513	SHABOD CONSTRUCTION	9/15/2024	6/30/2026	1111 ALLSTON WAY, BERKELEY, CA 94702-1801
20508511	SHABU CLUB	10/8/2024	6/30/2027	1150 PALOMA AVE, BURLINGAME, CA 94010-3508
20504852	SHADE STRUCTURES, INC.	1/6/2022	6/30/2027	PO BOX 3467, COPPELL, TX 75019-3406
20501103	SHAFFER'S AUTO SERVICE CENTER	1/3/1997	6/30/2027	1309 N CAROLAN AVE, BURLINGAME, CA 94010-2401
20505599	SHAMA THAI MASSAGE	12/17/2014	6/30/2027	1100 HOWARD AVE #B, BURLINGAME, CA 94010-4260
20507380	SHAMCO MANAGEMENT CO., INC.	1/1/2016	6/30/2027	868 BURLWAY RD, BURLINGAME, CA 94010-1706
20509211	SHAMI STUDIOS INC	7/1/2025	6/30/2026	--ON FILE--
20502922	SHANGHAI SALON	9/3/2002	6/30/2027	1134 CHULA VISTA AVE # B, BURLINGAME, CA 94010-3502
20503398	SHANNON RANDOLPH	7/24/2021	6/30/2027	--ON FILE--
20508697	SHAO-SHI CHIN & YU-YING CHIN	2/14/2024	6/30/2027	--ON FILE--
20502520	SHARE CREATORS SOFTWARE INC.	4/1/2021	6/30/2027	800 AIRPORT BLVD STE 412, BURLINGAME, CA 94010-1929
20502240	SHARE IN HEALTH	8/25/2000	6/30/2027	1309 N CAROLAN AVE, BURLINGAME, CA 94010-2401
20505279	SHAREVEST PROPERTY MANAGEMENT	7/2/2019	6/30/2027	330 PRIMROSE RD # 512, BURLINGAME, CA 94010-4031
20506750	SHARK CABINET	11/1/2018	6/30/2026	870 MAHLER RD, BURLINGAME, CA 94010-1604
20503050	SHARON'S BEAUTY	7/1/2021	6/30/2027	1100 HOWARD AVE STE C, BURLINGAME, CA 94010-4260
20501210	SHARP ELECTRONICS CORPORTION	7/1/2010	6/30/2027	100 PARAGON DR, MONTVALE, NJ 07645-1779
20504460	SHAUGHNESSY ROOFING	7/20/1981	6/30/2027	1280 HILLSIDE BLVD, COLMA, CA 94014-3005
20508659	SHAW INDUSTRIES, INC.	11/6/2024	6/30/2027	616 WALNUT AVE, DALTON, GA 30721-4409
20504278	SHAWMUT DESIGN AND CONSTRUCTION	6/5/2006	6/30/2027	560 HARRISON AVE STE 200, BOSTON, MA 02118-2630
20508195	SHEAR MAGIC	5/1/2024	6/30/2027	311 CALIFORNIA DR, BURLINGAME, CA 94010-4114
20501543	SHEAR MAGIC - ANGELO ROMANO	7/21/1998	6/30/2027	311 CALIFORNIA DR, BURLINGAME, CA 94010-4114
20502727	SHEAR MAGIC - SUPATTRA SONGSRI	1/3/2012	6/30/2027	311 CALIFORNIA DR, BURLINGAME, CA 94010-4114
20500395	SHEAR MAGIC-HAIR DESIGNS BY DANIELLE	12/10/1992	6/30/2027	311 CALIFORNIA DR, BURLINGAME, CA 94010-4114
20502510	SHEEDY DRAYAGE CO	11/16/2007	6/30/2027	PO BOX 77004, SAN FRANCISCO, CA 94107-0008
20508007	SHEEDY FABRICATIONS	4/10/2024	6/30/2027	620 VILLA ST, DALY CITY, CA 94014-3032
20508669	SHEET METAL SYSTEMS INC.	12/2/2024	6/30/2026	630 TEVIS TRL, HOLLISTER, CA 95023-9362
20507697	SHELLEY WILLIAMSON	1/10/2024	6/30/2027	850 BURLINGAME AVE, BURLINGAME, CA 94010-2899
20502796	SHELTER DESIGN BUILD	1/30/2012	6/30/2026	1433 BROADWAY, BURLINGAME, CA 94010-3427
20501307	SHELTON ROOFING CO. INC.	9/29/1997	6/30/2027	1988 LEGHORN ST C, MOUNTAIN VIEW, CA 94043-1733
20501638	SHEPARD A V, LLC	8/20/2020	6/30/2027	1424 HILLS PL NW, ATLANTA, GA 30318-2821
20500676	SHEPARD EXPOSITION SERVICES INC	7/13/2010	6/30/2027	1778 MARIETTA BLVD NW, ATLANTA, GA 30318-3661
20504063	SHERRY L LUND ASSOCIATES, INC.	10/28/2021	6/30/2027	247 LA CUESTA DR, PORTOLA VALLEY, CA 94028-7532
20509028	SHIBLI HOME STAGING	7/1/2025	6/30/2027	--ON FILE--
20504339	SHIELD FIRE PROTECTION	10/25/2021	6/30/2027	9767 REIMERS WAY, DUBLIN, CA 94568-5582
20503499	SHIMONO LANDSCAPE INC	7/31/2012	6/30/2027	--ON FILE--
20509620	SHIN SO HORIZON LLC	1/1/2026	6/30/2027	--ON FILE--
20507739	SHIPMAN SWIM SCHOOL LLC	3/1/2024	6/30/2027	1718 ROLLINS RD, BURLINGAME, CA 94010-2208
20509131	SHIREEN WETMORE MEDIATION	7/21/2025	6/30/2027	--ON FILE--
20507658	SHONA SHAH INDEPENDENT TRAVEL CONSULTANT	11/27/2023	6/30/2027	--ON FILE--
20502554	SHOP AT MAP	4/20/2021	6/30/2027	851 BURLWAY RD STE 800, BURLINGAME, CA 94010-1722
20509512	SHORT TERM RENTAL - 2684 SUMMIT DR	10/15/2025	6/30/2026	--ON FILE--
20506449	SHRED WORKS INC	7/1/2008	6/30/2027	1601 BAYSHORE HWY # 211, BURLINGAME, CA 94010-1508
20509297	SIDEWALK JUICE BURLINGAME	10/1/2025	6/30/2027	240 PARK RD, BURLINGAME, CA 94010-4206
20505253	SIEGWART GERMAN AMERICAN LAW, INC.	7/9/2014	6/30/2027	1799 BAYSHORE HWY # 150, BURLINGAME, CA 94010-1334
20504249	SIEMENS INDUSTRY INC	5/2/2006	6/30/2027	1000 DEERFIELD PKWY, BUFFALO GROVE, IL 60089-4513
20510122	SIERRA TRAFFIC MARKINGS, INC.	7/15/2026	6/30/2027	9725 DEL RD, ROSEVILLE, CA 95747-9759
20500313	SIGHT & SOUNDS	3/16/1992	6/30/2027	980 DAVID RD # G, BURLINGAME, CA 94010-2112
20509715	SIGMA DESIGN, INC.	1/1/2026	6/30/2027	880 STANTON RD, BURLINGAME, CA 94010-1404
20505588	SIGNATURE CONSTRUCTION, CO.	7/1/2008	6/30/2026	1117 CAMBRIDGE RD, BURLINGAME, CA 94010-3304
20505259	SIGNATURE FLOORING & DESIGN, INC.	5/28/2008	6/30/2027	42307 OSGOOD RD STE H, FREMONT, CA 94539-5062
20502560	SIGNATURE ROOFING INC	6/4/2003	6/30/2027	519 MARINE VIEW AVE UNIT G, BELMONT, CA 94002-2568
20505004	SIGNAWEST SYSTEMS, INC.	4/8/2014	6/30/2027	7300 CENTRAL AVE STE D, NEWARK, CA 94560-3461
20508666	SIGNCRAFT INC.	12/1/2024	6/30/2027	375 MERIDIAN AVE, SAN JOSE, CA 95126-3418
20509199	SIGNS PAR EXCELLENCE	6/25/2025	6/30/2026	3485 AIRWAY DR APT D, SANTA ROSA, CA 95403-2035
20503676	SILICON VALLEY PAVING INC.	7/26/2018	6/30/2027	PO BOX 26558, SAN JOSE, CA 95159-6576
20506672	SILMAR FLOORING	7/1/2009	6/30/2027	3950 VALLEY AVE STE C, PLEASANTON, CA 94566-4868
20503324	SILVA LIVERY CO.	4/12/2021	6/30/2026	--ON FILE--
20501696	SILVERCAT ADVISORS	7/1/2016	6/30/2027	112 CRESCENT AVE, BURLINGAME, CA 94010-5245
20509236	SILVESTRI SILVESTRI & MIALOCQ, APC	8/22/2025	6/30/2027	315 PRIMROSE RD, BURLINGAME, CA 94010-4004
20509183	SIMBE ROBOTICS, INC.	7/1/2025	6/30/2027	1616 ROLLINS RD, BURLINGAME, CA 94010-2302
20500180	SIMCO ELECTRONICS	7/1/2009	6/30/2027	3131 JAY ST STE 100, SANTA CLARA, CA 95054-3336
20505080	SIMMS PLUMBING & WATER EQUIPMENT, INC	3/19/2008	6/30/2027	--ON FILE--
20509641	SIMON & BROTHER CONSTRUCTION INC	12/22/2025	6/30/2027	1224 BRUSSELS ST, SAN FRANCISCO, CA 94134-2223
20503703	SIMON LEE MD A PROFESSIONAL CORPORATION	10/28/2004	6/30/2027	1860 EL CAMINO REAL # 200, BURLINGAME, CA 94010-3109
20504594	SIMON Z WANG, CPA	12/1/2021	6/30/2027	433 AIRPORT BLVD # 123, BURLINGAME, CA 94010-2008
20501337	SIMPLY SOLAR	12/5/2016	6/30/2027	1740 CORPORATE CIR, PETALUMA, CA 94954-6924
20502223	SIONE'S CONCRETE CONSTRUCTION	2/18/2021	6/30/2027	1029 WASHINGTON ST, SAN CARLOS, CA 94070-5318
20501142	SIRENIO VARGAS	10/8/2010	6/30/2027	1043 SYLVAN DR, SAN CARLOS, CA 94070-2513
20508735	SIRICA THERAPEUTICS	11/1/2024	6/30/2027	1633 BAYSHORE HWY #127, BURLINGAME, CA 94010-1515
20500753	SKAATES INC	11/16/1994	6/30/2027	1461 ROLLINS RD, BURLINGAME, CA 94010-2316
20508246	SKANSKA USA BUILDING INC.	7/1/2024	6/30/2027	1720 EL CAMINO REAL # 5, BURLINGAME, CA 94010-3226
20508759	SKIN BASICS STUDIO LLC	1/1/2025	6/30/2027	251 PARK RD # 500, BURLINGAME, CA 94010-4233
20507569	SKIN CARE BY MEERA	11/1/2023	6/30/2027	218 PRIMROSE RD STE 12, BURLINGAME, CA 94010-4208
20509651	SKINSPIRIT	12/16/2025	6/30/2027	1375 BURLINGAME AVE FL 1, BURLINGAME, CA 94010-4149
20504801	SKINSPIRIT ESSENTIAL, LLC	4/1/2019	6/30/2027	1375 BURLINGAME AVE, BURLINGAME, CA 94010-4149
20503150	SKY CHEFS INC	7/1/2017	6/30/2027	25 INGOLD RD A, BURLINGAME, CA 94010
20509710	SKY TECH BUILDERS INC.	1/19/2026	6/30/2026	6501 GRAVES AVE, VAN NUYS, CA 91406-5448
20508106	SKYHAWKS PENINSULA	6/17/2024	6/30/2027	850 BURLINGAME AVE, BURLINGAME, CA 94010-2899
20501887	SKYLINE COMMERCIAL INTERIORS, INC.	6/16/2017	6/30/2027	505 SANSOME ST FL 5, SAN FRANCISCO, CA 94111-3106
20500712	SKYLINE TERRACE APARTMENTS	4/30/2020	6/30/2027	--ON FILE--
20502024	SKYWIN LOGISTICS INC	5/23/2011	6/30/2027	1633 BAYSHORE HWY # 129, BURLINGAME, CA 94010-1515
20505807	SLAKEY BROTHERS INC	7/1/2008	6/30/2027	242 SHAW RD, SOUTH SAN FRANCISCO, CA 94080-6604
20500224	SLATT CAPITAL INC.	1/7/1991	6/30/2027	819 MITTEN RD, BURLINGAME, CA 94010-1323
20508776	SLEEPMODE 1113 CHULA VISTA, LLC	1/13/2025	6/30/2027	--ON FILE--
20505602	SLOAN SAKAI YEUNG AND WONG LLP	8/5/2019	6/30/2027	555 CAPITOL MALL 600, SACRAMENTO, CA 95814
20508049	SM8 - LAND USE | ENTITLEMENTS | DEVELOPMENT	3/1/2024	6/30/2026	1430 CRESTVIEW DR, SAN CARLOS, CA 94070-4255
20509793	SMALL TINKER LAB	2/3/2026	6/30/2027	--ON FILE--
20506459	SMART PLUMBERS, INC.	7/22/2022	6/30/2027	2175 RONALD ST, SANTA CLARA, CA 95050-2819
20501790	SMELLY MEL'S PLUMBING INC	6/11/2012	6/30/2027	300 SHAW RD, SOUTH SAN FRANCISCO, CA 94080-6606
20508730	SMILING VIKING PLUMBING	1/1/2025	6/30/2026	611 GATEWAY BLVD STE 120, SOUTH SAN FRANCISCO, CA 94080-7066
20502870	SMITH BROTHERS ELECTRIC CO, INC	7/21/1981	6/30/2026	PO BOX 178, BURLINGAME, CA 94011-0209
20502144	SMITH EMERY OF SAN FRANCISCO	6/13/2011	6/30/2027	1940 OAKDALE AVE, SAN FRANCISCO, CA 94124-2004
20505954	SMITHGROUP INC	4/27/2015	6/30/2027	301 BATTERY ST FL 4, SAN FRANCISCO, CA 94111-3237
20510045	SMOKE GUARD CALIFORNIA, INC	7/1/2026	6/30/2027	1915 MARK CT # 100, CONCORD, CA 94520-1296
20501909	SMP CONSTRUCTION & MAIN.	6/23/2017	6/30/2026	1813 RUTAN DR # A, LIVERMORE, CA 94551-7620
20501762	SO CITY LUMBER & SUPPLY CO.	7/8/1981	6/30/2027	499 RAILROAD AVE, S SAN FRANCISCO, CA 94080-4689
20501104	SOAR SURGERY CENTER	8/1/2010	6/30/2027	1849 BAYSHORE HWY 3RD FL, BURLINGAME, CA 94010-1214
20508261	SODA INC	7/1/2024	6/30/2027	345 LORTON AVE STE 306, BURLINGAME, CA 94010-4136
20502904	SOFO CHIC INC.	5/24/2021	6/30/2026	980 DAVID RD STE A, BURLINGAME, CA 94010-2112
20502965	SOIREE VALET PARKING SERVICE, INC.	6/1/2021	6/30/2027	1470 HOWARD ST, SAN FRANCISCO, CA 94103-2523
20507457	SOLA SALONS	10/1/2023	6/30/2027	218 PRIMROSE RD, BURLINGAME, CA 94010-4208
20508062	SOLAR ENGINEERING	3/11/2024	6/30/2026	--ON FILE--
20506664	SOLAR OPTIMUM	12/3/2019	6/30/2026	614 W COLORADO ST, GLENDALE, CA 91204-1104
20501918	SOLAR PRO ENERGY SYSTEMS	7/3/2017	6/30/2027	1541 EASTMOOR RD, BURLINGAME, CA 94010-3344
20506790	SOLAR TECHNOLOGIES	3/7/2014	6/30/2027	14 BETA CT, SAN RAMON, CA 94583-1202
20504541	SOLARBASE GROUP, INC.	7/1/2013	6/30/2027	533 AIRPORT BLVD #503, BURLINGAME, CA 94010-2015
20506161	SOLARES HOUSE MOVERS, INC	6/16/2022	6/30/2027	PO BOX 867, ANTIOCH, CA 94509-0086
20510027	SOLARIA SOLAR LLC	5/14/2026	6/30/2027	2111 ATLANTA AVE # C103, RIVERSIDE, CA 92507-2440
20508531	SOLARSESAME INC	9/1/2024	6/30/2027	400 CONCAR DR 04-129, SAN MATEO, CA 94402-2681
20509684	SOLID SURFACE CARE, INC.	7/27/2026	6/30/2027	3820 ROSE LAKE DR, CHARLOTTE, NC 28217-2833
20509848	SOLIMAN CONSTRUCTION	3/6/2026	6/30/2027	--ON FILE--
20500636	SOLLARS CONSTRUCTION, INC.	3/16/2020	6/30/2027	1701 ROGERS AVE # 40, SAN JOSE, CA 95112-1127
20503600	SOLO BAMBINI	7/1/2004	6/30/2027	1150 HOWARD AVE, BURLINGAME, CA 94010-4226
20509266	SOLOMON, CORDWELL, BUENZ & ASSOCIATES, INC.	7/25/2025	6/30/2027	255 CALIFORNIA ST # 3RD FL, SAN FRANCISCO, CA 94111-4904
20500936	SOLUTION AUTO GLASS LLC	7/1/2020	6/30/2026	1799 OLD BAYSHORE HWY 168 F, BURLINGAME, CA 94010
20502371	SONALI ARURKAR, LLC	1/4/2021	6/30/2027	1345 COLUMBUS AVE, BURLINGAME, CA 94010-5631
20507706	SONGBOOK INK, LLC	1/1/2024	6/30/2027	--ON FILE--
20500471	SONIA VELASQUEZ	2/29/2016	6/30/2027	1838 EL CAMINO REAL # 230, BURLINGAME, CA 94010-3112
20503635	SONIC TELECOM, LLC	7/23/2018	6/30/2027	2620 APOLLO WAY, SANTA ROSA, CA 95407
20506633	SOONEST EXPRESS INC.	9/1/2022	6/30/2027	851 BURLWAY RD # 711, BURLINGAME, CA 94010-1716
20508132	SORTED ESTATES, LLC	4/16/2024	6/30/2027	--ON FILE--
20509922	SOURCEONE EVENTS	4/8/2026	6/30/2026	596 W LAMONT RD, ELMHURST, IL 60126-1022
20507656	SOUTH BAY AIR	11/26/2023	6/30/2027	5891 WINFIELD BLVD, SAN JOSE, CA 95123-2426
20500459	SOUTH BAY CONSTRUCTION	2/14/2008	6/30/2027	1711 DELL AVE, CAMPBELL, CA 95008-6904
20506618	SOUTH BAY TELECOM INC.	8/1/2022	6/30/2027	--ON FILE--
20502416	SOUTH CREEK ROOFING & WATERPROOFING, INC.	7/20/2021	6/30/2027	130 LEWIS RD STE 7, SAN JOSE, CA 95111-2135
20501861	SOUTHEAST ASIAN FOOD PRODUCT	7/1/2010	6/30/2026	1166 SHAFTER AVE # B, SAN FRANCISCO, CA 94124-3448
20504302	SOUTHERN COUNTIES OIL CO, LP	7/1/2013	6/30/2027	1800 W KATELLA AVE STE 400, ORANGE, CA 92867-3449
20500099	SOUTHLAND INDUSTRIES	2/17/2010	6/30/2027	12131 WESTERN AVE, GARDEN GROVE, CA 92841-2914
20501570	SOUTHWEST TRADERS INC	7/1/2010	6/30/2027	27565 DIAZ RD, TEMECULA, CA 92590-3411
20500217	SOUTHWOOD PLUMBING & HEATING	9/21/1990	6/30/2027	1059 SAN MATEO AVE, SAN BRUNO, CA 94066-1525
20505056	SPACETONE ACOUSTICS	3/1/2022	6/30/2027	1051 SERPENTINE LN # 300, PLEASANTON, CA 94566-8451
20503568	SPANISH ROCKS-SPANISH IMMERSION CAMP	7/1/2021	6/30/2027	1010 BURLINGAME AVE, BURLINGAME, CA 94010-2861
20509585	SPARK $ SHINE CLEANING BY MN	11/21/2025	6/30/2026	--ON FILE--
20500443	SPARKS ARCHITECTURE	5/17/2010	6/30/2026	--ON FILE--
20505738	SPARKS EXHIBITS & ENVIRONMENTS LTD	7/1/2008	6/30/2027	700 AIRPORT BLVD # 460, BURLINGAME, CA 94010-1945
20500941	SPARTAN ENGINEERING, INC.	7/1/2020	6/30/2027	115 PHELAN AVE STE 10A, SAN JOSE, CA 95112-6122
20506493	SPAULDING PARTNERS, INC.	1/2/2020	6/30/2027	1433 BURLINGAME AVE, BURLINGAME, CA 94010-4110
20509066	SPE CONSTRUCTION INC.	5/19/2025	6/30/2027	1700 S EL CAMINO REAL STE 100, SAN MATEO, CA 94402-3046
20508810	SPEAKABLE SPEECH THERAPY SVCS.	12/18/2023	6/30/2027	533 AIRPORT BLVD # 400, BURLINGAME, CA 94010-2028
20509987	SPECIALIZED GRAPHICS INC	4/21/2026	6/30/2026	--ON FILE--
20505949	SPECIALTY A/C PRODUCTS INC	7/1/2008	6/30/2027	310 SOQUEL WAY, SUNNYVALE, CA 94085-4101
20502698	SPECIALTY DOOR COMPANY, INC.	12/9/2011	6/30/2027	1405 N CAROLAN AVE, BURLINGAME, CA 94010-2403
20509511	SPECTRUM AUTO BODY	10/1/2025	6/30/2026	1315 MARSTEN RD, BURLINGAME, CA 94010-2405
20500292	SPEEDMARK TRANSPORTATION, INC	1/16/1991	6/30/2027	1525 ADRIAN RD, BURLINGAME, CA 94010-2102
20501087	SPIEKER COMPANIES, INC.	9/30/2010	6/30/2027	1020 CORPORATION WAY STE 100, PALO ALTO, CA 94303-4317
20505055	SPIF INSURANCE & FINANCIAL	5/22/2019	6/30/2027	433 AIRPORT BLVD STE 328, BURLINGAME, CA 94010-2053
20500363	SPILLANE ENGINEERING & PLUMBING INC.	12/27/2018	6/30/2026	865 DOUGLAS AVE, REDWOOD CITY, CA 94063-3515
20508515	SPIN	6/11/2024	6/30/2026	455 TOLAND ST, SAN FRANCISCO, CA 94124-1624
20505862	SPIRE SYSTEMS, INC	1/1/2022	6/30/2027	PO BOX 117478, BURLINGAME, CA 94011-7850
20508571	SPIRITUAL PSYCHOLOGY	9/18/2024	6/30/2027	1425 BROADWAY #2, BURLINGAME, CA 94010-3434
20508677	SPOTLIGHT ROOFING INC	11/22/2024	6/30/2027	3 E 3RD AVE UNIT 337, SAN MATEO, CA 94401-4279
20501987	SPRIG ELECTRIC	1/31/2000	6/30/2026	1860 S 10TH ST, SAN JOSE, CA 95112-4108
20508065	SQUARE BUILDERS GROUP	3/20/2024	6/30/2027	920 SARATOGA AVE STE 107, SAN JOSE, CA 95129-3408
20510135	SQUEEGEE SQUAD - SAN MATEO COUNTY	6/5/2026	6/30/2027	--ON FILE--
20506460	SRC ROOFING	10/24/2019	6/30/2027	--ON FILE--
20508078	SRT CONSULTANTS	3/15/2024	6/30/2027	792 BAY ST, SAN FRANCISCO, CA 94109-1321
20500579	SSF IMPORTED AUTO PARTS, INC	7/1/2010	6/30/2027	437 ROZZI PL, SOUTH SAN FRANCISCO, CA 94080-1915
20500924	ST CLAIR'S	1/17/1996	6/30/2027	1215 DONNELLY AVE, BURLINGAME, CA 94010-4101
20501379	ST FRANCIS ELECTRIC LLC	7/1/2016	6/30/2027	975 CARDEN ST, SAN LEANDRO, CA 94577-1102
20502482	ST. CLAIR'S	7/1/2017	6/30/2027	1745 ADRIAN RD #18, BURLINGAME, CA 94010-2100
20509930	STACK'S RESTAURANT	5/1/2026	6/30/2027	361 CALIFORNIA DR, BURLINGAME, CA 94010-4114
20508464	STACY NEUROMUSCULAR THERAPY	8/18/2024	6/30/2026	218 PRIMROSE RD, BURLINGAME, CA 94010-4208
20505441	STAINED GLASS BY FRANK	9/19/2008	6/30/2027	--ON FILE--
20509022	STANDARD DRYWALL, INC.	12/1/2024	6/30/2027	3100 PALISADES DR, CORONA, CA 92878-9431
20507450	STANDARD EVENT RENTALS/IMPACT EVENT SOLUTIONS	1/1/2023	6/30/2027	30955 SAN ANTONIO ST, HAYWARD, CA 94544-7109
20501456	STANSBURY JOBS	7/1/2010	6/30/2026	1240 BAYSHORE HWY, BURLINGAME, CA 94010-1805
20501299	STANTEC CONSULTING SERVICES, INC	11/22/2016	6/30/2027	410 17TH ST STE 1400, DENVER, CO 80202-4427
20506952	STAR LIGHT SOUL BRIGHT LLC	12/19/2022	6/30/2027	--ON FILE--
20508482	STAR WATERPROOFING AND ROOFING	8/26/2024	6/30/2026	2855 MITCHELL DR STE 100, WALNUT CREEK, CA 94598-1627
20504173	STARBUCKS #523	7/26/2021	6/30/2027	1160 BURLINGAME AVE, BURLINGAME, CA 94010-4106
20508207	STARBUCKS #6871	7/26/2021	6/30/2027	1230 BROADWAY, BURLINGAME, CA 94010-3424
20502074	STARBUCKS COFFEE #8910	8/4/2017	6/30/2027	1865 EL CAMINO REAL, BURLINGAME, CA 94010-3220
20501181	STARCREEK LAND STEWARDS, INC.	8/6/2020	6/30/2026	--ON FILE--
20500221	STARLINK FREIGHT SYSTEM (SFO) INC.	1/3/2020	6/30/2027	877 MAHLER RD 2ND FL, BURLINGAME, CA 94010
20506772	STARS SEDAN SERVICE	10/10/2022	6/30/2027	533 AIRPORT BLVD STE 400, BURLINGAME, CA 94010-2028
20508125	STARTUP SYSTEM	4/19/2024	6/30/2027	--ON FILE--
20509659	STAS METHOD	12/17/2025	6/30/2026	1200 CAPUCHINO AVE, BURLINGAME, CA 94010-3404
20503780	STATCOMM INC	1/25/2005	6/30/2027	780 MONTAGUE EXPY STE 105, SAN JOSE, CA 95131-1315
20501550	STATE ROOFING SYSTEMS	1/27/2004	6/30/2027	15444 HESPERIAN BLVD, SAN LEANDRO, CA 94578-3959
20504401	STATEWIDE ROOFING LLC	10/20/2006	6/30/2027	1742 STONE AVE STE C, SAN JOSE, CA 95125-1307
20505585	STATION 1 FIRE PROTECTION	8/1/2012	6/30/2027	2351 N WATNEY WAY STE A, FAIRFIELD, CA 94533-6726
20500563	STAY HOME CARE, INC	4/5/2016	6/30/2027	433 AIRPORT BLVD # 109, BURLINGAME, CA 94010-2037
20502763	STEARNS CONRAD & SCHMIDT CONSULT'G ENG	5/6/2002	6/30/2027	3900 KILROY AIRPORT WAY STE 300, LONG BEACH, CA 90806-6852
20503827	STELLA ALPINA OSTERIA	3/15/2005	6/30/2027	1448 BURLINGAME AVE, BURLINGAME, CA 94010-4111
20506651	STELLATO INC	9/8/2022	6/30/2027	1112 BURLINGAME AVE, BURLINGAME, CA 94010-4106
20509754	STEP UP CONSTRUCTION INC	1/23/2026	6/30/2026	398 BAY ST, SAN JOSE, CA 95123-4302
20501523	STEPHANIE STEELE	7/1/2010	6/30/2027	1525 ROLLINS RD, BURLINGAME, CA 94010-2305
20500550	STEPHEN CIARI PLUMBING AND HEATING, INC.	2/27/2020	6/30/2027	1054 ELM ST, SAN JOSE, CA 95126-1014
20509204	STEPHEN J. MONTALVO	9/1/2025	6/30/2027	315 PRIMROSE RD, BURLINGAME, CA 94010-4004
20500178	STERICYCLE INC	7/1/2009	6/30/2027	2355 WAUKEGAN RD, BANNOCKBURN, IL 60015-1586
20506506	STERLING K. SAKAI	8/1/2022	6/30/2027	850 BURLINGAME AVE, BURLINGAME, CA 94010-2899
20504177	STEVE'S AWNING	1/27/2012	6/30/2026	2230 KEITH ST, SAN FRANCISCO, CA 94124-3265
20501517	STEVE'S LOCK & KEY	7/1/2010	6/30/2027	570 EL CAMINO REAL STE 150, REDWOOD CITY, CA 94063-1262
20506152	STEVEN ENGINEERING INC	7/1/2008	6/30/2027	230 RYAN WAY, S SAN FRANCISCO, CA 94080-6370
20509247	STEVEN SCHOLOM	9/6/2025	6/30/2026	850 BURLINGAME AVE, BURLINGAME, CA 94010-2899
20509996	STEVEN WANG HAIR STYLIST	4/27/2026	6/30/2026	1852 MAGNOLIA AVE, BURLINGAME, CA 94010-4519
20505679	STEWART TITLE OF CALIFORNIA, INC.	5/2/2022	6/30/2027	401 PRIMROSE RD F, BURLINGAME, CA 94010
20509819	STOCKHAM CONSTRUCTION, INC.	5/1/2026	6/30/2027	475 PORTAL ST STE F, COTATI, CA 94931-3006
20508480	STOCKTON SODA ASH PORT LLC	7/15/2023	6/30/2026	340 W LORTON AVE STE 215, BURLINGAME, CA 94010-4126
20501855	STOECKER AND NORTHWAY ARCHITECTS, INC.	12/11/2020	6/30/2027	4633 OLD IRONSIDES DR STE 130, SANTA CLARA, CA 95054-1835
20501189	STONESFAIR FINANCIAL CORP	3/31/1997	6/30/2027	533 AIRPORT BLVD #505, BURLINGAME, CA 94010-2015
20501186	STONESFAIR MANAGEMENT LLC	3/31/1997	6/30/2027	533 AIRPORT BLVD #505, BURLINGAME, CA 94010-2015
20509101	STORM WATER INSPECTION & MAINTENANCE SERVICES LLC	5/22/2025	6/30/2027	3291 WALNUT BLVD STE 180, BRENTWOOD, CA 94513-4412
20509336	STR ENTERPRISES	8/14/2025	6/30/2027	--ON FILE--
20506669	STREAMLINE ENGINEERING & DESIGN INC	8/30/2022	6/30/2027	3843 TAYLOR RD STE A, LOOMIS, CA 95650-9226
20509357	STRIKERS ACADEMY INC	11/1/2025	6/30/2026	1037 GARRITY WAY, SANTA CLARA, CA 95054-4129
20505345	STUDENT MEDICOVER CO. LLC	7/5/2019	6/30/2027	111 ANZA BLVD STE 201, BURLINGAME, CA 94010-1910
20502844	STUDIO 401 (JENNIFER R KING)	7/8/2002	6/30/2027	1199 HOWARD AVE STE 102, BURLINGAME, CA 94010-4227
20502793	STUDIO 401 (JONNA DOLLOSSO)	5/28/2002	6/30/2027	1199 HOWARD AVE # 102, BURLINGAME, CA 94010-4227
20501695	STUDIO 401 - LYNDLEE BROWN	1/26/1999	6/30/2027	1199 HOWARD AVE STE 102, BURLINGAME, CA 94010-4227
20501400	STUDIO 401 - TRICIA HOLTZ	1/3/2017	6/30/2026	1199 HOWARD AVE # 102, BURLINGAME, CA 94010-4227
20508626	STUDIO CONTRERAS	11/1/2024	6/30/2027	--ON FILE--
20509205	STUDIO LIN ARCHITECTURE	6/30/2025	6/30/2027	10510 S TANTAU AVE, CUPERTINO, CA 95014-3535
20508755	STUDIO S SQUARED ARCHITECTURE INC.	12/20/2024	6/30/2026	1000 S WINCHESTER BLVD, SAN JOSE, CA 95128-3701
20509565	STUDIO SKIN AND STRANDS	12/1/2025	6/30/2026	1211 BROADWAY, BURLINGAME, CA 94010-3423
20505467	STUDIO T-SQ, INC.	7/23/2019	6/30/2027	1970 BROADWAY #408, OAKLAND, CA 94612-2234
20504236	STUMBAUGH AND ASSOCIATES, INC.	11/19/2018	6/30/2027	3303 N SAN FERNANDO BLVD, BURBANK, CA 91504-2531
20508808	SUBWAY	12/12/2024	6/30/2027	1857 EL CAMINO REAL, BURLINGAME, CA 94010-3220
20505858	SUBWAY SANDWICH	1/28/2009	6/30/2027	1308 BROADWAY, BURLINGAME, CA 94010-3426
20509479	SUCCESS CONSTRUCTION	10/6/2025	6/30/2026	275 6TH AVE STE 105, SAN FRANCISCO, CA 94118-2377
20508173	SUCHITRA AGRAWAL	8/5/2024	6/30/2027	850 BURLINGAME AVE, BURLINGAME, CA 94010-2899
20503367	SUDDATH RELOCATION SYSTEMS OF N. CALIFORNIA, INC	6/5/2018	6/30/2027	2020 S 10TH ST, SAN JOSE, CA 95112-4112
20502329	SUKI'S HONEY BEES	2/5/2021	6/30/2027	--ON FILE--
20509939	SULLY & SONS CONCRETE/ LANDSCAPE INC.	4/24/2026	6/30/2026	425 VIRGINIA ST, VALLEJO, CA 94590-6017
20509622	SUMMER'S SKINCARE AND SCALP MASSAGE	1/1/2026	6/30/2027	1199 HOWARD AVE 101, BURLINGAME, CA 94010-4227
20502818	SUMMERHILL APARTMENT COMMUNITIES	1/29/2018	6/30/2027	--ON FILE--
20501748	SUMMIT BICYCLES, INC	1/30/2017	6/30/2027	1031 CALIFORNIA DR, BURLINGAME, CA 94010-3630
20507507	SUN BEAM SOLAR ENERGY INC	10/11/2023	6/30/2026	780 MONTAGUE EXPY # 203, SAN JOSE, CA 95131-1316
20503477	SUN GRAPHICS ARCHITECTURAL SIGNAGE	7/15/2021	6/30/2027	8040 WELLS AVE STE C, NEWARK, CA 94560-3348
20503012	SUN LIGHT & POWER	6/23/2021	6/30/2027	1035 FOLGER AVE, BERKELEY, CA 94710-2819
20509308	SUN ROOFING & CONSTRUCTION COMPANY INC	8/4/2025	6/30/2026	--ON FILE--
20510086	SUN UP ELECTRIC INC.	6/9/2026	6/30/2027	7416 GRANITE AVE, ORANGEVALE, CA 95662-2509
20509019	SUNCORE SOLAR	4/15/2025	6/30/2026	3 EMERAUD DR, ST GEORGE, UT 84770-1825
20507596	SUNERGY INC	11/11/2023	6/30/2026	23182 ALCALDE DR STE G, LAGUNA HILLS, CA 92653-1450
20507478	SUNLIGHT ELECTRI-CAL SOLUTIONS	9/11/2023	6/30/2027	6785 SIERRA CT STE E, DUBLIN, CA 94568-2664
20510187	SUNNY ACACIA PROPERTIES, LLC	10/1/2026	6/30/2027	--ON FILE--
20506842	SUNRIGHT TEA STUDIO	10/28/2022	6/30/2027	346 LORTON AVE, BURLINGAME, CA 94010-4104
20502720	SUNRISE CAFE DELI MARKET	1/3/2012	6/30/2027	948 HOWARD AVE, BURLINGAME, CA 94010-3009
20504361	SUNRUN INSTALLATION SERVICES	10/21/2013	6/30/2027	775 FIERO LN STE 200, SAN LUIS OBISPO, CA 93401-7904
20509872	SUNRUN INSTALLATION SERVICES INC	3/31/2026	6/30/2027	1800 W ASHTON BLVD, LEHI, UT 84048-5490
20509256	SUNSET GLASS COMPANY, INC.	7/17/2025	6/30/2026	4301 IRVING ST, SAN FRANCISCO, CA 94122-1116
20501624	SUNSTATE EQUIPMENT	7/1/2010	6/30/2026	5552 E WASHINGTON ST, PHOENIX, AZ 85034-2134
20509328	SUNSTONE HOME CALIFORNIA LLC	8/18/2025	6/30/2027	5965 VILLAGE WAY STE E105-145, SAN DIEGO, CA 92130-2475
20506890	SUNVAULT	11/8/2022	6/30/2026	--ON FILE--
20504763	SUNWORK RENEWABLE ENERGY PROJECTS	3/19/2019	6/30/2027	477 VALLEY WAY, MILPITAS, CA 95035-4105
20504806	SUPER CONSTRUCTION CO, INC.	11/26/2007	6/30/2027	2021 QUESADA AVE, SAN FRANCISCO, CA 94124-2069
20508012	SUPER MONSTERS	3/4/2024	6/30/2027	--ON FILE--
20505805	SUPER ROOFING CO.	5/3/2022	6/30/2026	15 SEVILLE WAY, SOUTH SAN FRANCISCO, CA 94080-5544
20507416	SUPER SOCCER STARS	9/10/2023	6/30/2027	606 COLUMBUS AVE RM 210, NEW YORK, NY 10024-1475
20503437	SUPER TRANS LINES INC	7/1/2021	6/30/2027	840 HINCKLEY RD STE 126, BURLINGAME, CA 94010-1500
20506103	SUPERFOODS GROUP BURLINGAME LLC	6/6/2022	6/30/2027	225 PRIMROSE RD, BURLINGAME, CA 94010-4207
20500114	SUPERIOR CORING & CUTTING INC	7/1/2009	6/30/2027	77 GOETHE ST, DALY CITY, CA 94014-1074
20507184	SUPERIOR CUTS	5/1/2023	6/30/2027	1249 BROADWAY, BURLINGAME, CA 94010-3423
20508389	SUPERIOR ELECTRICAL, MECHANICAL & PLUMBING, INC.	7/31/2024	6/30/2027	8613 HELMS AVE, RANCHO CUCAMONGA, CA 91730-4521
20509472	SUPERIOR SOLAR ELECTRIC GROUP	9/29/2025	6/30/2026	3298 MONIER CIR #120, RANCHO CORDOVA, CA 95742-6848
20504210	SUPERLINK TECHNOLOGY	3/30/2006	6/30/2027	10 ADRIAN CT, BURLINGAME, CA 94010-2101
20502948	SUPPLE SENIOR CARE, LLC	3/6/2018	6/30/2027	808 BURLWAY RD # 3, BURLINGAME, CA 94010-1710
20504681	SUPREME VALET PARKING	3/1/2019	6/30/2027	1496 BAYSHORE HWY, BURLINGAME, CA 94010-1701
20502838	SURE FIRE PROTECTION CO INC	10/9/2009	6/30/2026	4141 PESTANA PL, FREMONT, CA 94538-6325
20505128	SURE, INC.	2/11/2022	6/30/2027	1728 OCEAN AVE # 360, SAN FRANCISCO, CA 94112-1737
20500215	SUSAN SWITZER ART STUDIO	12/29/2015	6/30/2027	--ON FILE--
20508358	SUSTAINABLE LIVING BUILDERS INC	7/15/2024	6/30/2026	427 MENDOCINO AVE STE 100, SANTA ROSA, CA 95401-5392
20509261	SUSULA'S	8/1/2025	6/30/2026	--ON FILE--
20502277	SUTTER BAY MEDICAL FOUNDATION	9/28/2017	6/30/2027	1720 EL CAMINO REAL # 130, BURLINGAME, CA 94010-3226
20505622	SUTTERFIELD CONSIGNMENT	1/1/2015	6/30/2027	1174 BROADWAY, BURLINGAME, CA 94010-3422
20507490	SUTTON HOWARD	10/1/2023	6/30/2027	--ON FILE--
20504409	SUZANNE'S BOOKKEEPING	7/1/2006	6/30/2027	1755 CALIFORNIA DR # 21, BURLINGAME, CA 94010-3221
20502392	SUZETTE HANNA	6/20/1985	6/30/2027	1202 CAPUCHINO AVE, BURLINGAME, CA 94010-3404
20501250	SUZETTE ODELL DESIGN	11/8/2016	6/30/2027	850 BURLINGAME AVE, BURLINGAME, CA 94010-2899
20507539	SVS HOME COMFORT	10/9/2023	6/30/2027	701 KINGS ROW 31C, SAN JOSE, CA 95112-2721
20502553	SWAN POOLS	3/24/2009	6/30/2027	--ON FILE--
20503516	SWANSON KITCHENS, INC.	7/1/2021	6/30/2027	1433 PALOMA AVE, BURLINGAME, CA 94010-3334
20509809	SWE ASSOCIATES, INC.	3/1/2026	6/30/2026	--ON FILE--
20505372	SWEET DAISY 09	7/10/2019	6/30/2027	--ON FILE--
20509215	SWEETGREEN LA LLC	10/7/2025	6/30/2027	235 W LORTON AVE, BURLINGAME, CA 94010-4203
20509339	SWEETWATER STUDIO	11/1/2025	6/30/2027	850 BURLINGAME AVE, BURLINGAME, CA 94010-2899
20509221	SWICKARD TOYOTA 101	8/1/2024	6/30/2027	386 CONVENTION WAY, REDWOOD CITY, CA 94063-2790
20510127	SWIFTCOMPLY US OPCO, INC.	7/1/2026	6/30/2027	6701 KOLL CENTER PKWY STE 250, PLEASANTON, CA 94566-8062
20509424	SWIFTCURRENT BIO LLC	2/1/2024	6/30/2027	1417 CORTEZ AVE APT A, BURLINGAME, CA 94010-4710
20500972	SWIMMING POOL PERFECTIONS	7/1/2020	6/30/2027	1320 MARSTEN RD UNIT E, BURLINGAME, CA 94010-2417
20507230	SWINERTON BUILDERS	5/31/2023	6/30/2027	2001 CLAYTON RD 7TH FL, CONCORD, CA 94520
20509648	SWINERTON MANAGEMENT & CONSULTING	1/1/2026	6/30/2027	2001 CLAYTON RD FL 7, CONCORD, CA 94520-2792
20500304	SYCAMORE SEARCH LLC	2/1/2020	6/30/2027	1509 EL CAMINO REAL APT 205, BURLINGAME, CA 94010-4665
20509454	SYCOMP A TECHNOLOGY COMPANY, INC	8/18/2025	6/30/2027	1660 ROLLINS RD, BURLINGAME, CA 94010-2302
20508496	SYED HUSAIN	7/1/2024	6/30/2027	--ON FILE--
20501285	SYMONS CONSULTING INTERNATIONAL, LTD	7/1/2016	6/30/2027	1660 ROLLINS RD, BURLINGAME, CA 94010-2302
20509011	SYMPLIFY ROOFING AND HOME UPGRADES	4/16/2025	6/30/2026	2815 MITCHELL AVE 225, WALNUTCREEK, CA 94598
20509626	SYNCOPATED ARCHITECTURE	12/4/2025	6/30/2026	797 SAN JOSE AVE, SAN FRANCISCO, CA 94110-4915
20506457	SYNERGY ENTERPRISES INC	10/1/2012	6/30/2027	28436 SATELLITE ST, HAYWARD, CA 94545-4863
20500054	SYSCO SAN FRANCISCO INC	11/10/1988	6/30/2027	5900 STEWART AVE, FREMONT, CA 94538-3147
20502112	SYSTEMS PAVING	1/16/2001	6/30/2027	4615 ENTERPRISE CMN, FREMONT, CA 94538-6345
20509341	T & L CONSTRUCTION	8/18/2025	6/30/2026	--ON FILE--
20501052	T C KITA, O.D.	10/11/1996	6/30/2027	1322 BROADWAY, BURLINGAME, CA 94010-3426
20507074	T J FEAGLES CONSTRUCTION	3/14/2023	6/30/2026	PO BOX 1611, BURLINGAME, CA 94011-2098
20508538	T&S INTERMODAL MAINTENANCE CO., INC. DBA T&S WEST	9/27/2024	6/30/2027	13296 HIGHWAY 88, LOCKEFORD, CA 95237-9547
20502472	T-MOBILE FINANCIAL LLC	7/1/2016	6/30/2027	1847 EL CAMINO REAL, BURLINGAME, CA 94010
20503526	T-MOBILE WEST LLC	8/7/2012	6/30/2027	1847 EL CAMINO REAL, BURLINGAME, CA 94010
20507594	T. A. MOULTON CO.	1/1/2020	6/30/2027	--ON FILE--
20501815	T.D. ELECTRIC SERVICE, INC.	12/2/2020	6/30/2027	16000 STEPHENIE LN, LOS GATOS, CA 95032-4826
20509671	TAALCHEMY	1/1/2026	6/30/2027	850 BURLINGAME AVE, BURLINGAME, CA 94010-2899
20500103	TAB PRODUCTS CO., LLC.	2/18/2010	6/30/2027	830 BURLWAY RD, BURLINGAME, CA 94010-1706
20501321	TABEL CONSTRUCTION & DESIGN, INC.	8/24/2020	6/30/2027	--ON FILE--
20505983	TACOS AL VAPOR MICHOACAN	5/11/2015	6/30/2027	512 E 5TH AVE, SAN MATEO, CA 94402-1366
20507048	TACOS EL BUEN PASTOR	2/22/2023	6/30/2027	--ON FILE--
20509466	TADINADA HOMES LLC	9/26/2025	6/30/2027	--ON FILE--
20508457	TAF ENGINEERING	8/29/2024	6/30/2026	2678 N MAIN ST STE 27, WALNUT CREEK, CA 94597-2733
20504785	TAFT ELECTRIC COMPANY	1/17/2022	6/30/2027	PO BOX 3416, VENTURA, CA 93006-3416
20504510	TAG-CONNECT, LLC	10/1/2013	6/30/2027	433 AIRPORT BLVD # 323, BURLINGAME, CA 94010-2010
20502473	TAIGA FURNISHINGS INC.	10/27/2017	6/30/2027	1635 ROLLINS RD # A, BURLINGAME, CA 94010-2301
20509543	TAILORED CONCIERGE	12/1/2025	6/30/2027	--ON FILE--
20505361	TAK BROADBAND CA, LLC	7/9/2019	6/30/2027	1326 N MARKET BLVD, SACRAMENTO, CA 95834-1912
20508978	TAK SHING MEDIA	3/5/2025	6/30/2026	1 ADRIAN CT # 2523, BURLINGAME, CA 94010-2125
20505191	TALK-TEACHING & ASSESSING LANGUAGE FOR KIDS	4/28/2008	6/30/2027	1209 HOWARD AVE #200, BURLINGAME, CA 94010-4229
20502157	TAMER MICKEL SALON & BEAUTY SUPPLY	6/22/2011	6/30/2027	264 LORTON AVE, BURLINGAME, CA 94010-4204
20504147	TANDOC LAW, CORP.	2/1/2013	6/30/2027	1601 BAYSHORE HWY #300, BURLINGAME, CA 94010-1510
20502697	TANG & LEE LLP CPA'S	3/29/2002	6/30/2027	851 BURLWAY RD # 301, BURLINGAME, CA 94010-1712
20500096	TANGENT COMPUTER, INC.	5/9/1989	6/30/2027	191 AIRPORT BLVD, BURLINGAME, CA 94010-2006
20501995	TANIGUCHI LANDSCAPE ARCHITECTURE	7/14/2017	6/30/2027	--ON FILE--
20500780	TANNER PACIFIC, INC.	5/27/2020	6/30/2027	274 REDWOOD SHORES PKWY #607, REDWOOD CITY, CA 94065-1173
20504912	TAPICERIA	3/3/2014	6/30/2026	1675 ROLLINS RD B, BURLINGAME, CA 94010
20507056	TARA FARID	7/1/2022	6/30/2026	--ON FILE--
20507455	TARC CONSTRUCTION, INC.	9/28/2023	6/30/2026	3240 DARBY CMN, FREMONT, CA 94539-5601
20505623	TASTE CATERING	4/1/2022	6/30/2027	1534 ROLLINS RD, BURLINGAME, CA 94010-2317
20508610	TASTEOFCOLOR BY NATALIA	10/15/2024	6/30/2027	264 LORTON AVE, BURLINGAME, CA 94010-4204
20502490	TATYANA'S IMAGE CONSULTING	9/13/2011	6/30/2027	--ON FILE--
20507618	TC FOLDER LLC	6/27/2023	6/30/2027	--ON FILE--
20504358	TCA ARCHITECTS	11/1/2021	6/30/2027	18821 BARDEEN AVE, IRVINE, CA 92612-1520
20505086	TCB DEMOLITION INC.	1/1/2021	6/30/2026	1745 ADRIAN RD # 9, BURLINGAME, CA 94010-2110
20506665	TCM COMPANY LLC	7/1/2009	6/30/2027	1180 SAN CARLOS AVE #335, SAN CARLOS, CA 94070-2418
20507274	TCS	6/1/2023	6/30/2027	533 AIRPORT BLVD #400, BURLINGAME, CA 94010-2028
20508904	TD BUILDER LLC	2/28/2025	6/30/2027	159 N KINGSTON ST, SAN MATEO, CA 94401-2047
20508893	TD WEST ELECTRIC INC.	2/21/2025	6/30/2027	2841 WHIPPLE RD, UNION CITY, CA 94587-1233
20509521	TEAM METRIC CONSTRUCTION CORPORATION	10/23/2025	6/30/2027	752 CHARCOT AVE, SAN JOSE, CA 95131-2223
20508601	TEAM METRIC INC	10/11/2024	6/30/2026	752 CHARCOT AVE, SAN JOSE, CA 95131-2223
20507702	TEAM SMART HR	12/21/2023	6/30/2026	533 AIRPORT BLVD STE 400, BURLINGAME, CA 94010-2028
20503135	TEAMWORK TRAVEL SERVICES	1/27/2003	6/30/2027	1870 EL CAMINO REAL # 207, BURLINGAME, CA 94010-3108
20508926	TECHMAGIC ROBOTICS INC.	3/7/2025	6/30/2027	345 LORTON AVE STE 306, BURLINGAME, CA 94010-4136
20500566	TECHNOLOGY, ENG & CONSTR	9/27/1993	6/30/2027	262 MICHELLE CT, S SAN FRANCISCO, CA 94080-6201
20504332	TECHPRO BUILDERS	7/7/2009	6/30/2027	88 41ST AVE, SAN MATEO, CA 94403-5168
20503594	TEEN CHALLENGE OF EAST BAY INC	6/18/2004	6/30/2027	PO BOX 24309, SAN JOSE, CA 95154-4355
20507698	TEICHERT CONSTRUCTION	1/8/2024	6/30/2027	3500 AMERICAN RIVER DR, SACRAMENTO, CA 95864-5802
20508035	TEICHERT SOLAR	3/18/2024	6/30/2027	400 SUNRISE AVE #200, ROSEVILLE, CA 95661-4106
20505720	TELLY ENTERPRISES INC.	2/9/2015	6/30/2027	1160 INDUSTRIAL RD STE 11, SAN CARLOS, CA 94070-4128
20507064	TELSTAR INSTRUMENTS	3/1/2023	6/30/2027	500 SEQUOIA PACIFIC BLVD, SACRAMENTO, CA 95811-0223
20505714	TEMPUR RETAIL STORES LLC	8/14/2019	6/30/2027	1422 BURLINGAME AVE, BURLINGAME, CA 94010-4111
20504439	TEMSA NORTH AMERICA INC	1/14/2019	6/30/2027	1480 ROLLINS RD, BURLINGAME, CA 94010-2307
20505336	TENDER LOVING CARE HEALTH CARE SERVICES	7/8/2008	6/30/2027	1350 BAYSHORE HWY # 777, BURLINGAME, CA 94010-1816
20505977	TENNIS STATION	6/8/2022	6/30/2027	706 CAROLAN AVE, BURLINGAME, CA 94010-2711
20507431	TENNYSON ELECTRIC, INC.	8/1/2023	6/30/2027	7275 NATIONAL DR STE A2, LIVERMORE, CA 94550-8868
20504116	TENSA INC.	10/1/2021	6/30/2027	1745 ADRIAN RD # 16, BURLINGAME, CA 94010-2100
20505232	TERIN COMPANY	7/1/2019	6/30/2026	733 NEUCHATEL AVE, BURLINGAME, CA 94010-3706
20503991	TERMINIX, WESTERN/AMBIUS	4/5/2013	6/30/2027	3481 ARDEN RD, HAYWARD, CA 94545-3905
20509576	TERRA EX LLC	11/17/2025	6/30/2026	427 ELLESMERE DR, DIXON, CA 95620-2415
20500080	TERRA RUBINA	10/26/2015	6/30/2026	63 BOVET RD, SAN MATEO, CA 94402-3104
20501948	TERRA TEAK AND GARDEN, INC.	4/18/2011	6/30/2027	1320 BURLINGAME AVE, BURLINGAME, CA 94010-4109
20500539	TERRACON CONSULTANTS, INC.	3/1/2016	6/30/2027	10841 S RIDGEVIEW RD, OLATHE, KS 66061-6456
20508953	TERRENZ CAM	12/26/2024	6/30/2026	--ON FILE--
20503831	TESCO CONTROLS LLC	8/17/2018	6/30/2027	8440 FLORIN RD, SACRAMENTO, CA 95828-2506
20504555	TESLA ENERGY OPERATIONS, INC.	5/7/2007	6/30/2027	901 PAGE AVE, FREMONT, CA 94538
20503929	TESLA, INC.	2/22/2013	6/30/2027	50 EDWARDS CT, BURLINGAME, CA 94010-2413
20500331	TESTING ENGINEERS, INC	12/4/1989	6/30/2026	2811 TEAGARDEN ST, SAN LEANDRO, CA 94577-5716
20501843	TEZ MARBLE INC	3/25/2011	6/30/2027	1601 ADRIAN RD, BURLINGAME, CA 94010-2103
20501221	THE AMERICAN BULL BAR AND GRILL INC	5/7/1997	6/30/2027	1819 EL CAMINO REAL, BURLINGAME, CA 94010-3202
20501749	THE BACKFLOW PRO, INC.	11/18/2020	6/30/2027	15241 CHARLOTTE AVE, SAN JOSE, CA 95124-5337
20508910	THE BEST NOTARY	4/1/2025	6/30/2026	980 DAVID RD STE C, BURLINGAME, CA 94010-2112
20509044	THE BOLDT COMPANY	5/5/2025	6/30/2027	2525 ROEMER RD, APPLETON, WI 54911-8624
20507419	THE BOWER	9/1/2023	6/30/2027	1095 ROLLINS RD, BURLINGAME, CA 94010-4376
20506572	THE BURLINGAME AQUATIC CLUB INC	8/4/2009	6/30/2027	1 MANGINI WAY, BURLINGAME, CA 94010-1904
20503692	THE CAKERY	9/1/2021	6/30/2026	1308 BURLINGAME AVE, BURLINGAME, CA 94010-4109
20510042	THE CANDY MAN	5/31/2026	6/30/2027	--ON FILE--
20501217	THE CARPET DEPOT EXPRESS INC	7/1/2010	6/30/2026	316 N CLAREMONT ST, SAN MATEO, CA 94401-1726
20506942	THE CHEFS' WAREHOUSE WEST COAST, LLC	1/1/2023	6/30/2027	100 E RIDGE RD, RIDGEFIELD, CT 06877-4623
20508668	THE CHINGYUAN TU REVOCABLE LIVING TRUST	8/1/2023	6/30/2027	--ON FILE--
20504830	THE CLASSIC BARBER - JASON TRAN THE BARBER	8/13/2019	6/30/2026	229 PARK RD, BURLINGAME, CA 94010-4205
20505244	THE CLASSIC BARBER-BRIAN SALINAS	9/1/2021	6/30/2027	229 PARK RD, BURLINGAME, CA 94010-4205
20501215	THE CORPORATE LAW GROUP	5/5/1997	6/30/2027	1342 ROLLINS RD, BURLINGAME, CA 94010-2410
20503059	THE CREPEVINE	12/12/2002	6/30/2027	1310 BURLINGAME AVE, BURLINGAME, CA 94010-4109
20504840	THE CURATED SHOPPER	12/20/2007	6/30/2027	1222 OAK GROVE AVE # 209, BURLINGAME, CA 94010-3759
20501432	THE CUT	3/4/1998	6/30/2027	218 LORTON AVE, BURLINGAME, CA 94010-4204
20500848	THE DAVEY TREE EXPERT COMPANY	8/22/1995	6/30/2027	1400 MISSION RD, SOUTH SAN FRANCISCO, CA 94080-1288
20509821	THE DECENDENT'S TRUST OF THE CAFFERKEY FAMILY TRUS	1/1/2026	6/30/2027	--ON FILE--
20509146	THE DOT THEORY ONE	7/1/2025	6/30/2026	218 PRIMROSE RD STE 6, BURLINGAME, CA 94010-4208
20509583	THE FLOOR STORE	10/10/2025	6/30/2027	1501 ADRIAN RD, BURLINGAME, CA 94010-2102
20508118	THE G B GROUP INC.	4/11/2024	6/30/2027	780 JARVIS DR STE 100, MORGAN HILL, CA 95037-2885
20506442	THE GARAGE	10/22/2019	6/30/2026	1394 ROLLINS RD, BURLINGAME, CA 94010-2410
20503332	THE GARDEN ROUTE	7/10/2012	6/30/2027	151 HASKINS WAY STE E, S SAN FRANCISCO, CA 94080-6200
20508633	THE GEM	1/1/2025	6/30/2027	189 AIRPORT BLVD, BURLINGAME, CA 94010-2006
20500625	THE GILMARTIN GROUP	7/1/2010	6/30/2027	330 PRIMROSE RD # 512, BURLINGAME, CA 94010-4031
20500679	THE GOOD TIDINGS FOUNDATION	7/1/2015	6/30/2027	1469 ROLLINS RD, BURLINGAME, CA 94010-2316
20501154	THE GU LAW FIRM	10/13/2016	6/30/2027	533 AIRPORT BLVD # 400, BURLINGAME, CA 94010-2028
20504553	THE HERRICK CORPORATION	7/1/2018	6/30/2027	PO BOX 8429, STOCKTON, CA 95208-0494
20506961	THE HIGHLANDS LLC	7/1/2018	6/30/2027	--ON FILE--
20506962	THE HIGHLANDS LLC	7/1/2018	6/30/2027	--ON FILE--
20506963	THE HIGHLANDS LLC	7/1/2018	6/30/2027	--ON FILE--
20506964	THE HIGHLANDS LLC	7/1/2018	6/30/2027	19 HIGHLAND AVE, BURLINGAME, CA 94010-4454
20506960	THE HIGHLANDS LLC	7/1/2018	6/30/2027	--ON FILE--
20510222	THE HILLER COMPANIES, LLC	8/1/2026	6/30/2027	3751 JOY SPRINGS DR, MOBILE, AL 36693-5134
20501574	THE HOME DEPOT USA	2/27/2017	6/30/2027	2455 PACES FERRY RD, ATALNTA, GA
20509502	THE HOUSE OF KEBAB- MEDITERRANEAN CUISINE	2/1/2026	6/30/2027	1851 EL CAMINO REAL, BURLINGAME, CA 94010-3220
20500201	THE ICEE COMPANY	7/1/2009	6/30/2026	265 MASON RD, LA VERGNE, TN 37086
20506397	THE IRISH HERALD	7/1/2008	6/30/2027	223 VICTORIA RD, BURLINGAME, CA 94010-2845
20502484	THE KASTROP GROUP, INC	9/12/2011	6/30/2027	2000 BROADWAY ST SUIT 273, REDWOOD CITY, CA 94063
20510006	THE KGB DIGITAL SYSTEM SERVICES LLC	5/5/2026	6/30/2027	--ON FILE--
20506694	THE LAMPLIGHTER APARTMENTS	7/1/2009	6/30/2027	--ON FILE--
20505659	THE LASH BAR	7/1/2008	6/30/2027	1229 BURLINGAME AVE # 202, BURLINGAME, CA 94010-4132
20500438	THE LAWSON ROOFING CO., INC.	3/22/1993	6/30/2027	1495 TENNESSEE ST, SAN FRANCISCO, CA 94107-3420
20508046	THE LUGGAGE CENTER BY DEPARTURES	3/25/2024	6/30/2027	1207 BURLINGAME AVE, BURLINGAME, CA 94010-4107
20500075	THE MATH WORKSHOP	2/5/2010	6/30/2027	1812 MAGNOLIA AVE #B, BURLINGAME, CA 94010-4502
20509115	THE MEAT WAGON	7/3/2025	6/30/2026	--ON FILE--
20506679	THE MILLHARBOUR GROUP, INC.	7/1/2022	6/30/2027	--ON FILE--
20508474	THE NEXT GENERATION SWING DANCE CLUB	10/1/2024	6/30/2027	490 LAKE PARK AVE # 10412, OAKLAND, CA 94610-8014
20508811	THE OCEANIC PARTNERS	1/7/2025	6/30/2027	--ON FILE--
20500011	THE PIANO STUDIO	1/11/2010	6/30/2027	--ON FILE--
20503315	THE PIZZA ALLIANCE 2, LLC.	7/6/2012	6/30/2027	1108 BURLINGAME AVE, BURLINGAME, CA 94010-4106
20501363	THE PROPERTY NETWORK	9/14/2020	6/30/2027	1342 LINCOLN AVE, SAN JOSE, CA 95125-3010
20508449	THE PROSPECT BY JAKE GONZALES	10/10/2024	6/30/2026	--ON FILE--
20506865	THE SCAFFOLD WORKS INC.	10/15/2020	6/30/2027	1697 ROGERS AVE, SAN JOSE, CA 95112-1106
20505254	THE SCAFINE GROUP, INC.	7/1/2019	6/30/2027	845 OAK GROVE AVE # 115, MENLO PARK, CA 94025-4445
20503710	THE SHADE STORE, LLC	7/30/2018	6/30/2027	1405 BURLINGAME AVE, BURLINGAME, CA 94010-4110
20500208	THE SHERWIN-WILLIAMS CO	8/13/1990	6/30/2027	1525 ROLLINS RD # A, BURLINGAME, CA 94010-2305
20509412	THE SIGNWORKS OF AMERICA, INC.	9/8/2025	6/30/2027	23673 CONNECTICUT ST # 6, HAYWARD, CA 94545-2751
20501493	THE SKIN CARE CLINIC / CLAUDIA PANITTO	6/8/1998	6/30/2027	1475 BURLINGAME AVE #D, BURLINGAME, CA 94010-4154
20507361	THE SMOOTH OPERATOR WAX PARLOR	9/24/2023	6/30/2027	220 PRIMROSE RD STE 23, BURLINGAME, CA 94010-4208
20503148	THE SPHERE INSTITUTE	4/18/2018	6/30/2027	500 AIRPORT BLVD # 340, BURLINGAME, CA 94010-1934
20506151	THE STUDIO SHOP	6/30/1981	6/30/2027	244 PRIMROSE RD, BURLINGAME, CA 94010-4208
20506691	THE SYGMA NETWORK INC	9/9/2009	6/30/2026	5550 BLAZER PKWY STE 300, DUBLIN, OH 43017-3478
20504349	THE UPS STORE #0446	9/28/2006	6/30/2027	1534 PLAZA LN, BURLINGAME, CA 94010-3204
20507065	THE UPS STORE 2354	1/1/2023	6/30/2027	1325 HOWARD AVE, BURLINGAME, CA 94010-4212
20500131	THE WINE STOP	11/12/2015	6/30/2027	337 PRIMROSE RD, BURLINGAME, CA 94010-4004
20507060	THE WORLD GROCERS INC.	3/1/2023	6/30/2027	1324 ROLLINS RD, BURLINGAME, CA 94010-2410
20504943	THERAPY PARTNERS OF THE PENINSULA	3/13/2014	6/30/2027	1408 CHAPIN AVE #3, BURLINGAME, CA 94010-4080
20504083	THERAPY STORES, INC	11/26/2005	6/30/2027	1348 BURLINGAME AVE, BURLINGAME, CA 94010-4109
20501365	THERESA STERLING	7/1/2010	6/30/2027	1670 ROLLINS RD, BURLINGAME, CA 94010-2302
20501946	THERMA LLC	7/10/2017	6/30/2027	1601 LAS PLUMAS AVE, SAN JOSE, CA 95133-1613
20506758	THERMAL MECHANICAL INC	7/1/2009	6/30/2027	425 ALDO AVE, SANTA CLARA, CA 95054-2322
20508396	THINK/LISTEN/CREATE	9/1/2024	6/30/2026	850 BURLINGAME AVE, BURLINGAME, CA 94010-2899
20502964	THIRTY-ONE PRODUCTION LLC	5/21/2012	6/30/2026	1870 EL CAMINO REAL # 100, BURLINGAME, CA 94010-3107
20500009	THOM CATERING	1/11/2010	6/30/2027	4913 COLUSA ST, UNION CITY, CA 94587-5535
20502281	THOMAS-SWAN SIGN CO INC	7/15/2003	6/30/2027	2717 GOODRICK AVE, RICHMOND, CA 94801-1109
20510067	THORNTON ELECTRIC	6/15/2026	6/30/2026	1101 SOURTH RAILROAD AVE, SAN MATEO, CA 94402
20504384	THORPE DESIGN INC	10/16/2006	6/30/2027	410 BEATRICE CT STE A, BRENTWOOD, CA 94513-7366
20509350	THREAD & THIMBLE	9/8/2025	6/30/2027	850 BURLINGAME AVE, BURLINGAME, CA 94010-2899
20509689	THREADED ORIGINS	10/1/2025	6/30/2027	1290 HOWARD AVE STE E 202, BURLINGAME, CA 94010-4222
20506433	THREE ALARM FIRE PROTECTION	10/22/2019	6/30/2027	527 WAXLAX WAY, LIVERMORE, CA 94551-8213
20506745	THREE PILLARS CONSTRUCTION	10/1/2022	6/30/2027	655 OAK GROVE AVE # 7, MENLO PARK, CA 94026-5008
20509782	TIAN OPTOMETRY PC	3/2/2026	6/30/2027	1881 EL CAMINO REAL, BURLINGAME, CA 94010-3220
20509811	TIDAL WAVE AMUSEMENTS LLC	1/1/2026	6/30/2027	1376 ALICANTE DR, PACIFICA, CA 94044-4355
20504668	TIERNEY & CO	2/28/2019	6/30/2027	425 E REMINGTON DR #5, SUNNYVALE, CA 94087-1934
20502243	TIM AURAN REALTOR / MACDOUGALL MGMT	2/6/1986	6/30/2027	--ON FILE--
20500980	TIM BROSNAN CONSTRUCTION	4/16/1996	6/30/2027	--ON FILE--
20501143	TIM CHAFEE FIRE PROTECTION SERV CO	2/19/1997	6/30/2027	--ON FILE--
20505452	TIMBERLINE ENGINEERING	10/1/2014	6/30/2027	350 LANG RD, BURLINGAME, CA 94010-2003
20506026	TIMBERLINE TREE SERVICE INC	2/13/1985	6/30/2027	350 LANG RD, BURLINGAME, CA 94010-2003
20506246	TIMPAC, INC	4/24/1984	6/30/2027	1600 ROLLINS RD, BURLINGAME, CA 94010-2384
20500775	TINA H ANDERSON - BUSINESS CONSULTANT	2/2/1995	6/30/2027	--ON FILE--
20508579	TINA HOM	3/4/2025	6/30/2027	850 BURLINGAME AVE, BURLINGAME, CA 94010-2899
20501112	TIP N TOE SALON	1/17/1997	6/30/2027	1401 CHAPIN AVE, BURLINGAME, CA 94010-4002
20502313	TITAN CRANE & RIGGING, INC.	3/1/2021	6/30/2027	PO BOX 30996, STOCKTON, CA 95213-1016
20505942	TK ELEVATOR CORPORATION	7/1/1999	6/30/2027	3100 INTERSTATE N CIR SE 500, ATLANTA, GA 30339-2296
20502053	TLM INTERNATIONAL, INC.	5/1/2020	6/30/2027	860 MAHLER RD, BURLINGAME, CA 94010-1604
20502113	TMS HEALTH SOLUTIONS	8/10/2017	6/30/2027	1860 EL CAMINO REAL, BURLINGAME, CA 94010-3127
20508026	TN ELECTRICAL AND SOLAR SERVICES	2/24/2024	6/30/2026	1150 MURPHY AVE STE 240, SAN JOSE, CA 95131-2472
20505382	TNT DEMOLITION, INC.	8/6/2008	6/30/2027	161 GLENN WAY, SAN CARLOS, CA 94070-6208
20509730	TO US RESTORATIONS	5/1/2026	6/30/2027	1395 MARSTEN RD, BURLINGAME, CA 94010-2405
20504517	TODD MORRIS FIRE PROTECTION, INC	1/31/2019	6/30/2027	21 GOLDEN GATE DR E, SAN RAFAEL, CA 94901
20501057	TODOS THERAPY	8/1/2020	6/30/2026	1290 HOWARD AVE E 202, BURLINGAME, CA 94010
20510034	TOKAMAK SOLAR LLC	5/18/2026	6/30/2026	16185 LOS GATOS BLVD STE 205, LOS GATOS, CA 95032-4569
20502651	TOKO LINE (USA) LTD.	5/1/2021	6/30/2027	111 ANZA BLVD #300, BURLINGAME, CA 94010-1917
20509774	TOLENTINO CONSTRUCTION & RESTORATION INC	2/3/2026	6/30/2026	3400 COTTAGE WAY STE G2, SACRAMENTO, CA 95825-1474
20503361	TOLLNER PAINTING INC	7/10/2012	6/30/2027	430 INDUSTRIAL ST, CAMPBELL, CA 95008-4110
20500265	TOLU BUSINESS SERVICES LLC	1/15/2016	6/30/2027	1419 BURLINGAME AVE, BURLINGAME, CA 94010-4150
20503687	TOM KIELY, PHD	7/26/2018	6/30/2027	1408 CHAPIN AVE # 3, BURLINGAME, CA 94010-4080
20501921	TOM LEE ROOFING INC	4/8/2004	6/30/2027	88 DIXON CT, DALY CITY, CA 94014-2225
20500973	TOMOKAZU JAPANESE CUISINE	4/4/1996	6/30/2027	1101 HOWARD AVE, BURLINGAME, CA 94010-4214
20504741	TOMTECH ELECTRIC	1/3/2022	6/30/2026	--ON FILE--
20505156	TONG RENTAL	6/10/2014	6/30/2027	--ON FILE--
20503356	TONY AND BOB INDEPENDENT	10/23/2003	6/30/2027	1261 CALIFORNIA DR # A, BURLINGAME, CA 94010-3431
20503557	TONY BELTRAN	7/29/2021	6/30/2027	--ON FILE--
20503647	TONY CONSTRUCTION INC	9/3/2004	6/30/2027	--ON FILE--
20503809	TONY WARD CONSTRUCTION	3/1/2013	6/30/2026	1923 JEFFERSON AVE, REDWOOD CITY, CA 94062-2005
20502365	TONY'S AUTO REPAIR	3/15/2021	6/30/2027	1099 CALIFORNIA DR, BURLINGAME, CA 94010-3630
20501012	TONY'S FINE FOODS	7/1/2010	6/30/2027	3575 REED AVE, W SACRAMENTO, CA 95605-1628
20509599	TOP COAT TIER PAINTING, INC.	1/1/2026	6/30/2027	205 N DELAWARE ST, SAN MATEO, CA 94401-1827
20506074	TOP METAL DESIGNS INC.	7/1/2015	6/30/2027	2466 BAY RD, REDWOOD CITY, CA 94063-3013
20509725	TOP ROOFING	1/14/2026	6/30/2026	10800 MAXINE AVE, CUPERTINO, CA 95014-0141
20506848	TOP SHELF TARGETS LLC	8/1/2022	6/30/2027	833 MAHLER RD #9, BURLINGAME, CA 94010-1636
20507215	TOP TIER ROOFING	5/8/2023	6/30/2026	16890 CHURCH ST UNIT 16B, MORGAN HILL, CA 95037-5144
20505666	TOPCON BUILDER INC.	4/18/2022	6/30/2027	1095 N 5TH ST, SAN JOSE, CA 95112-4414
20508711	TOPGOLF	12/13/2024	6/30/2027	258 N ANZA BLVD, BURLINGAME, CA 94010-1939
20506324	TOPOCEAN CONSOLIDATION SERVICE (LA) INC	7/1/2008	6/30/2027	877 MAHLER RD STE 105, BURLINGAME, CA 94010-1639
20501199	TORERO LOGISTICS CORP	8/18/2020	6/30/2027	533 AIRPORT BLVD # 400, BURLINGAME, CA 94010-2028
20506375	TOSHIBA AMERICA BUSINESS SOLUTIONS	7/1/2015	6/30/2027	25530 COMMERCENTRE DR, LAKE FOREST, CA 92630-8855
20500318	TOTAL ENVIRONMENTAL & POWER SYSTEMS, INC. (TEPS)	1/27/2016	6/30/2027	2500 BISSO LN # 500, CONCORD, CA 94520-4826
20509888	TOTAL UNDERGROUND CONSTRUCTION	3/24/2026	6/30/2026	--ON FILE--
20509378	TOWERS EC	8/26/2025	6/30/2026	2403 TEA CT, FAIRFIELD, CA 94534-1783
20503212	TOWN & COUNTRY REAL ESTATE MGMT INC	7/1/2017	6/30/2027	1650 BOREL PL STE 214, SAN MATEO, CA 94402-3508
20502340	TOWNE FORD SALES	8/4/2011	6/30/2027	1 BAIR ISLAND RD #A, REDWOOD CITY, CA 94063-2197
20506309	TOYOTA MATERIAL HANDLING	7/1/2008	6/30/2027	6999 SOUTHFRONT RD, LIVERMORE, CA 94551-8221
20501935	TPUMPS INC	7/6/2017	6/30/2027	1118 BURLINGAME AVE, BURLINGAME, CA 94010-4106
20506955	TRACTEL INC.	7/1/2022	6/30/2027	168 MASON WAY UNIT B2, CITY OF INDUSTRY, CA 91746-2339
20507522	TRACY SIGNS INC	9/26/2023	6/30/2026	3771 W 11TH ST, TRACY, CA 95304-9516
20509775	TRAD BONE BROTH	4/18/2026	6/30/2027	1406 BURLINGAME AVE, BURLINGAME, CA 94010-4111
20502946	TRAFFIC MANAGEMENT, LLC	3/2/2018	6/30/2027	4900 AIRPORT PLAZA DR STE 300, LONG BEACH, CA 90815-1375
20507696	TRAINERBILT INC	12/15/2023	6/30/2026	--ON FILE--
20505628	TRANASFORM SR LLC	8/7/2019	6/30/2027	3333 BEVERLY RD B2-113A, HOFFMAN ESTATES, IL 60179-0001
20500302	TRANS AM AIR & SEA FREIGHT	2/21/1992	6/30/2027	1799 BAYSHORE HWY STE 297, BURLINGAME, CA 94010-1318
20501481	TRANS BAY ELEVATOR	7/1/2010	6/30/2027	2330 KRUSE DR, SAN JOSE, CA 95131-1231
20502894	TRANSBAY FIRE PROTECTION INC	11/6/2012	6/30/2027	2182 RHEEM DR, PLEASANTON, CA 94588-2796
20508324	TRANSPAK	7/1/2024	6/30/2027	850 MITTEN RD, BURLINGAME, CA 94010-1304
20503005	TRAVEL MANAGEMENT GROUP LLC	6/22/2021	6/30/2027	533 AIRPORT BLVD # 400, BURLINGAME, CA 94010-2028
20500282	TRAVEL TRADERS #698	11/22/1991	6/30/2027	1333 BAYSHORE HWY, BURLINGAME, CA 94010-1886
20500405	TRAVEL WIZARDS INC	2/8/1993	6/30/2027	PO BOX 711, BURLINGAME, CA 94011-0711
20508585	TREASURE PAWS	3/1/2025	6/30/2027	1127 CHULA VISTA AVE, BURLINGAME, CA 94010-3501
20504974	TREASURY DYNAMICS INC	3/7/2008	6/30/2026	533 AIRPORT BLVD # 400, BURLINGAME, CA 94010-2028
20509822	TREBLA LLC	2/19/2026	6/30/2027	851 BURLWAY RD STE 413, BURLINGAME, CA 94010-1713
20508363	TREE BUILDERS GROUP	7/9/2024	6/30/2027	2001 GATEWAY PL #151E, SAN JOSE, CA 95110-1032
20500531	TRENCORE PLASTERING, INC.	3/1/2020	6/30/2027	4501 E LA PALMA AVE STE 200, ANAHEIM, CA 92807-1950
20504121	TRENT WRIGHT, MFT	1/1/2021	6/30/2027	345 LORTON AVE # 104, BURLINGAME, CA 94010-4134
20509877	TRES TOTAL REAL ESTATE SERVICES	3/16/2026	6/30/2027	--ON FILE--
20504328	TRESSER'S TOW SERVICE	8/11/2006	6/30/2027	1307 N CAROLAN AVE, BURLINGAME, CA 94010-2401
20501941	TREX CORP, INC.	11/29/1999	6/30/2027	111 ANZA BLVD STE 220, BURLINGAME, CA 94010-1910
20501274	TRG ARCHITECTS, INC.	8/30/1997	6/30/2026	1014 HOWARD AVE, SAN MATEO, CA 94401-1117
20505381	TRI GENERAL BUILDERS INC.	3/17/2022	6/30/2026	--ON FILE--
20508722	TRI VALLEY EXCAVATING CO., INC.	1/5/2025	6/30/2027	6503 CALAVERAS RD, SUNOL, CA 94586-9530
20510131	TRI VALLEY STRIPING LLC	8/1/2026	6/30/2027	--ON FILE--
20506950	TRI-COUNTY BUILDING PRODUCTS OF CALIFORNIA, LLC	12/13/2022	6/30/2027	910 GEORGE ST, SANTA CLARA, CA 95054-2705
20506536	TRIAD FIRE PROTECTION SYSTEMS INC	2/21/2013	6/30/2027	342 PRESTON CT, LIVERMORE, CA 94551-9678
20508151	TRICORD TRADESHOW SERVICES	5/1/2024	6/30/2027	738 NEESON RD, MARINA, CA 93933-5114
20506184	TRIDENTCARE	4/1/2022	6/30/2027	930 RIDGEBROOK RD 3RD FL, SPARKS, MD 21152
20501577	TRILEAF CORPORATION	10/14/2020	6/30/2026	1515 DES PERES RD 200, ST LOUIS, MO 63131
20509238	TRILLIUM GENERAL CONTRACTOR	7/10/2025	6/30/2026	--ON FILE--
20507992	TRIMARK ORANGE COUNTY	2/1/2024	6/30/2027	210 COMMERCE, IRVINE, CA 92602-1318
20508420	TRINITY CONSTRUCTION SERVICES, INC.	7/18/2024	6/30/2027	328 LANG RD, BURLINGAME, CA 94010-2003
20507102	TRIO HEATING & AIR	3/16/2023	6/30/2026	1310 N 4TH ST, SAN JOSE, CA 95112-4713
20508628	TRIPLE A PLUMBING SERVICES LET STINKY DO IT CORP	10/23/2024	6/30/2027	307 LAUREL WOOD RD, SANTA CLARA, CA 95054
20502248	TRIPLE LEAF TEA INC	7/8/2011	6/30/2027	1564 ROLLINS RD, BURLINGAME, CA 94010-2317
20506282	TRITERRA REALTY GROUP, INC.	4/16/2009	6/30/2027	1105 BURLINGAME AVE, BURLINGAME, CA 94010-4105
20500474	TRIVAD, INC.	7/1/2015	6/30/2027	880 MITTEN RD STE 107, BURLINGAME, CA 94010-1309
20508903	TROJAN WALL PRODUCTS	3/3/2025	6/30/2027	2219 GRAND AVE, SACRAMENTO, CA 95838-4007
20509830	TROUT ELECTRIC	2/25/2026	6/30/2027	3751 CHARTER PARK CT STE D, SAN JOSE, CA 95136-1361
20504330	TRUE NORTH COMPLIANCE SERVICES, INC.	11/1/2021	6/30/2027	3355 E SPRING ST #302, LONG BEACH, CA 90806-2447
20501442	TRUE WORLD FOODS SAN FRANCISCO LLC	7/1/2010	6/30/2027	1815 WILLIAMS ST, SAN LEANDRO, CA 94577-2301
20507061	TRUEBECK CONSTRUCTION, INC.	8/1/2022	6/30/2027	2855 CAMPUS DR STE 100, SAN MATEO, CA 94403-2512
20509157	TRUESERVICE GROUP LLC	5/6/2025	6/30/2026	--ON FILE--
20508498	TRUFFLE POKE BAR	9/16/2024	6/30/2027	1212 S DONNELLY AVE, BURLINGAME, CA 94010-4102
20500482	TRUGREEN - CHEMLAWN	5/28/1993	6/30/2027	1790 KIRBY PKWY, MEMPHIS, TN 38138-9422
20509497	TRUST ENERGY INC	10/13/2025	6/30/2026	2224 N FINE AVE # 105, FRESNO, CA 93727-1500
20508337	TRUST OF DENNIS TRIMBLE AND MICHELLE TRIMBLE	1/1/2024	6/30/2027	--ON FILE--
20502110	TRUTEAM OF CALIFORNIA	1/21/2021	6/30/2027	475 N WILLIAMSON BLVD, DAYTONA BEACH, FL 32114-7101
20508020	TSP SOLAR SALES AND SERVICES	2/23/2024	6/30/2026	--ON FILE--
20500423	TUCK AIRE HEATING	11/18/2014	6/30/2027	407 CABOT RD, S SAN FRANCISCO, CA 94080-4819
20509179	TUFF SHED, INC.	6/17/2025	6/30/2027	3590 SNELL AVE #20, SAN JOSE, CA 95136-1382
20502224	TUNISS COMPUTER	8/7/2000	6/30/2027	1 EDWARDS CT STE 202, BURLINGAME, CA 94010-2428
20504689	TUSCAN PROPERTIES, LLC	7/1/2018	6/30/2027	1475 LINCOLN AVE, BURLINGAME, CA 94010-3463
20501646	TUTU SCHOOL	10/15/2020	6/30/2027	708 CAROLAN AVE, BURLINGAME, CA 94010-2711
20509870	TWELVE MONTHS OF WELLNESS SPA	7/1/2026	6/30/2027	1838 EL CAMINO REAL STE 220B, BURLINGAME, CA 94010-3110
20506923	TWELVEMONTH	12/12/2022	6/30/2027	330 LORTON AVE, BURLINGAME, CA 94010-4104
20500242	TWILIGHT SECURITY INC	3/29/2010	6/30/2027	PO BOX 881506, SAN FRANCISCO, CA 94188-1554
20507035	TWIN PEAKS AUTO GROUP	2/7/2023	6/30/2027	125 CALIFORNIA DR, BURLINGAME, CA 94010-4322
20509735	TWIN STARS BOOKKEEPING SERVICES LLC	1/9/2026	6/30/2027	--ON FILE--
20505627	TWO RAVENS CAPITAL LLC	1/1/2015	6/30/2027	330 PRIMROSE RD # 406, BURLINGAME, CA 94010-4029
20507947	TYKEN CONSTRUCTION INC	1/24/2024	6/30/2027	569 MOUNTAIN VIEW AVE, BELMONT, CA 94002-2530
20510208	TYPE FIVE	7/23/2026	6/30/2027	1336 CHANNING WAY STE E, BERKELEY, CA 94702-2142
20509304	U G BAY ELECTRIC	7/31/2025	6/30/2027	--ON FILE--
20508643	U.S. BANK, NATIONAL ASSOCIATION	5/29/2023	6/30/2027	1410 HOWARD AVE, BURLINGAME, CA 94010-4202
20501030	U.S. GROUP CONSOLIDATOR INC	8/29/1996	6/30/2027	1799 BAYSHORE HWY STE 125, BURLINGAME, CA 94010-1314
20509140	U.S. TRAFFIC CONTROL WEST, LLC	7/1/2025	6/30/2027	181 LYNCH CREEK WAY # 101, PETALUMA, CA 94954-2388
20503132	UK HAIR	10/5/1987	6/30/2027	1410 BURLINGAME AVE, BURLINGAME, CA 94010-4111
20505717	UK HAIR (CAROL HOU)	1/6/2009	6/30/2026	1410 BURLINGAME AVE, BURLINGAME, CA 94010-4111
20500773	UK HAIR (GHOOLAMI HAIR & MAKEUP)	1/30/1995	6/30/2027	1410 BURLINGAME AVE, BURLINGAME, CA 94010-4111
20502405	UK HAIR (PETER FRANCESE)	6/11/2001	6/30/2027	1410 BURLINGAME AVE, BURLINGAME, CA 94010-4111
20502626	UK HAIR (SIEGFRIED BLINZINGER)	1/23/2002	6/30/2027	1410 BURLINGAME AVE, BURLINGAME, CA 94010-4111
20504227	UK HAIR - AMITA'S THREADING STUDIO	4/10/2006	6/30/2027	1410 BURLINGAME AVE, BURLINGAME, CA 94010-4111
20501969	UK HAIR - OLIVIA KANDALAFT	1/5/2021	6/30/2027	1410 BULRINGAME AVE, BURLINGAME, CA 94010
20504722	ULTRA CONSTRUCTION	12/17/2013	6/30/2027	180 S SPRUCE G, S SAN FRANCISCO, CA 94080-3449
20508441	UME TEA	8/27/2024	6/30/2027	283 LORTON AVE, BURLINGAME, CA 94010-4203
20504932	UMK ARCHITECTURE	2/27/2008	6/30/2027	1033 PALOMA AVE, BURLINGAME, CA 94010-3653
20503888	UNDERGROUND CONSTRUCTION CO INC	6/1/2005	6/30/2026	5145 INDUSTRIAL WAY, BENICIA, CA 94510-1042
20507169	UNDERGROUND ELECTRIC CONSTRUCTION COMPANY, LLC	5/1/2023	6/30/2026	5145 INDUSTRIAL WAY, BENICIA, CA 94510-1042
20509067	UNDOKAI INC.	5/1/2025	6/30/2027	433 AIRPORT BLVD STE 103, BURLINGAME, CA 94010-2037
20509532	UNIACKE ELECTRIC A PARTNERSHIP	10/28/2025	6/30/2026	--ON FILE--
20504146	UNIQUE ESTHETICS	2/1/2006	6/30/2027	1419 BURLINGAME AVE # U, BURLINGAME, CA 94010-4123
20504150	UNIQUE HOME DESIGN AND REMODELING	9/29/2021	6/30/2027	303 TWIN DOLPHIN DR 6TH FL, REDWOOD CITY, CA 94065
20508357	UNITE HERE LOCAL 2	7/11/2024	6/30/2027	209 HIGHLAND AVE, BURLINGAME, CA 94010-4118
20502682	UNITED AUTO COLLISION CENTER CORP.	3/13/2002	6/30/2026	1369 ROLLINS RD, BURLINGAME, CA 94010-2409
20505276	UNITED BURLINGAME OF NORTHERN CA	7/2/2019	6/30/2026	1345 HOWARD AVE, BURLINGAME, CA 94010-4249
20509288	UNITED CHIMNEY SERVICE INC	7/28/2025	6/30/2027	--ON FILE--
20501956	UNITED COACH LIMOUSINE	1/5/2000	6/30/2027	--ON FILE--
20503434	UNITED DENTAL GROUP	2/9/2004	6/30/2027	1840 EL CAMINO REAL, BURLINGAME, CA 94010-3102
20504388	UNITED FIRE SAFETY	1/7/2009	6/30/2026	549 STOCKTON AVE, SAN JOSE, CA 95126-2431
20504360	UNITED LOGISTICS, LLC	8/20/2013	6/30/2026	35 INGOLD RD, BURLINGAME, CA 94010-2206
20505986	UNITED NATURAL FOODS WEST INC	7/1/2008	6/30/2027	PO BOX 990, MINNEAPOLIS, MN 55440-0991
20506185	UNITED PROPERTY SALES	6/30/1981	6/30/2027	225 HUMBOLDT RD, BURLINGAME, CA 94010-2838
20507587	UNITED ROOFING CO	10/27/2023	6/30/2027	151 EL CAMINO REAL #426, MILLBRAE, CA 94030-2657
20507022	UNITED SITE SERVICE OF CA INC.	1/24/2023	6/30/2027	--ON FILE--
20503719	UNITED STORM WATER, INC.	11/13/2012	6/30/2027	14000 VALLEY BLVD, LA PUENTE, CA 91746-2801
20506623	UNITED SYSTEMS FIRE & SECURITY	11/22/2019	6/30/2027	2055 HELM DR, LAS VEGAS, NV 89119-3909
20504119	UNITED UNDERGROUND AND OVERLAND ENGINEERING SOLUTI	9/28/2021	6/30/2026	--ON FILE--
20509804	UNITED VENTURES, INC.	2/15/2026	6/30/2026	1818 GILBRETH RD STE 127, BURLINGAME, CA 94010-1209
20509714	UNIVERSAL BUILDERS CO.	1/13/2026	6/30/2026	344 MIRA LOMA AVE STE 100, GLENDALE, CA 91204-2913
20502947	UNIVERSAL BUILDING SERV & SUPPLY CO	9/13/2002	6/30/2027	3120 PIERCE ST, RICHMOND, CA 94804-5996
20501778	UNIVERSAL PROTECTION SRVC, LP	1/1/2011	6/30/2027	533 AIRPORT BLVD STE 303, BURLINGAME, CA 94010-2040
20504956	UNLIMITED BLISS, INC.	1/22/2022	6/30/2027	--ON FILE--
20508439	UNLIMITED POTENTIAL BASKETBALL	8/9/2024	6/30/2027	1704 ROLLINS RD UNIT B, BURLINGAME, CA 94010-2208
20507714	UNSTOPPABLE YOU	8/8/2023	6/30/2027	--ON FILE--
20503669	UNTANGLED SALON - ANDREA DERTOROSSIAN	10/16/2012	6/30/2026	1200 CAPUCHINO AVE, BURLINGAME, CA 94010-3404
20500207	UNTANGLED SALON - CHEYANNE MORRIS	3/9/2010	6/30/2027	1200 CAPUCHINO AVE, BURLINGAME, CA 94010-3404
20501382	UNTANGLED SALON - HEATHER M HEALEY	7/1/2020	6/30/2027	1200 CAPUCHINO AVE, BURLINGAME, CA 94010-3404
20501386	UNTANGLED SALON - SUZANNE VICTORIA SEEGMILLER	7/1/2020	6/30/2026	1200 CAPUCHINO AVE, BURLINGAME, CA 94010-3404
20508377	UPGRADE HOME SERVICES	7/1/2024	6/30/2026	743 AMES AVE, MILPITAS, CA 95035-6319
20506986	UPPILATES BURLINGAME	1/9/2023	6/30/2027	204 MYRTLE RD, BURLINGAME, CA 94010-3042
20507404	URBAN CIGAR AND SMOKE SHOP	8/1/2023	6/30/2027	1199 BROADWAY STE 4, BURLINGAME, CA 94010-3493
20508750	URBAN HOMES AND PROPERTIES	1/6/2025	6/30/2026	15 41ST AVE, SAN MATEO, CA 94403-5105
20506904	URBAN KITCHEN	1/1/2023	6/30/2027	1152 BURLINGAME AVE, BURLINGAME, CA 94010-4106
20510139	URBAN WATERPROOFING, INC	6/25/2026	6/30/2027	630 LAS GALLINAS AVE 2ND FL SAN, RAFAEL, CA 94909
20509746	URC WEST INC	1/26/2026	6/30/2027	2461 IMPALA DR, CARLSBAD, CA 92010-7227
20501760	US FOODS, INC.	7/1/2010	6/30/2027	300 LAWRENCE DR, LIVERMORE, CA 94551-5120
20502323	USA GATEWAY INC	12/31/2000	6/30/2027	1633 BAYSHORE HWY # 375, BURLINGAME, CA 94010-1537
20508941	USGA, INC.	6/1/2025	6/30/2026	5828 S NAYLOR RD, LIVERMORE, CA 94551-8308
20501658	USM INC	7/1/2010	6/30/2027	1700 MARKLEY ST # 200, NORRISTOWN, PA 19401-3018
20502015	USP, LLC	7/1/2010	6/30/2027	1818 ORD WAY, OCEANSIDE, CA 92056-1502
20500592	UTILIQUEST, LLC.	7/2/2010	6/30/2027	2575 WESTSIDE PKWY STE 100, ALPHARETTA, GA 30004-6411
20501028	V&A CONSULTING ENGINEERS, INC.	8/1/2020	6/30/2027	1000 BROADWAY STE 320, OAKLAND, CA 94607-4090
20510046	V&B GRADING INC	5/26/2026	6/30/2026	45300 INDUSTRIAL PL # 12, FREMONT, CA 94538-6453
20507155	V3 ELECTRIC	4/1/2023	6/30/2026	4925 ROBERT J MATHEWS PKWY 100, EL DORADO HILLS, CA 95762-5700
20501576	VAGABOND INN EXECUTIVE SAN FRANCISCO AIRPORT	9/2/1998	6/30/2027	1640 BAYSHORE HWY, BURLINGAME, CA 94010-1504
20508186	VALARCRAFT LLC	5/5/2024	6/30/2026	--ON FILE--
20509049	VALDEZ FINE HOMES INC	4/30/2025	6/30/2026	1 S HUMBOLT ST, SAN MATEO, CA 94401
20508881	VALDEZ PAINTING, INC	2/20/2025	6/30/2027	2400 ALHAMBRA BLVD, SACRAMENTO, CA 95817-1125
20509259	VALERIE DEIKE CPA	9/1/2025	6/30/2027	1290 HOWARD AVE # 325, BURLINGAME, CA 94010-4230
20508875	VALERIIA BYSTROVA	1/13/2025	6/30/2027	204 MYRTLE RD, BURLINGAME, CA 94010-3042
20509171	VALET LIVING LLC	1/1/2025	6/30/2027	10150 HIGHLAND MANOR DR STE 120, TAMPA, FL 33610-9712
20502724	VALLEY HEATING, COOLING AND ELECTRICAL	1/17/2014	6/30/2027	1171 N 4TH ST, SAN JOSE, CA 95112-4968
20504816	VALUETAX, LLC	1/3/2022	6/30/2027	1818 GILBRETH RD #103, BURLINGAME, CA 94010-1217
20509079	VANGUARD BUILDERS LLC	5/14/2025	6/30/2027	--ON FILE--
20509699	VARSENIK, LLC	2/15/2026	6/30/2027	533 AIRPORT BLVD STE 400, BURLINGAME, CA 94010-2028
20510110	VASKO ELECTRIC	7/1/2026	6/30/2027	4300 ASTORIA ST, SACRAMENTO, CA 95838-3004
20502687	VAULT DESIGN INC.	1/3/2018	6/30/2026	885 SCHNEIDER DR, SOUTH ELGIN, IL 60177-2640
20503041	VAZQUEZ GARDEN MAINTENANCE	7/1/2012	6/30/2027	553 HAZEL AVE, SAN BRUNO, CA 94066-4227
20505540	VCFS AUTO LEASING COMPANY	11/4/2014	6/30/2027	1800 VOLVO PL, MAHWAH, NJ 07430-2032
20502398	VELEXI CORPORATION	9/1/2014	6/30/2027	1516 DRAKE AVE, BURLINGAME, CA 94010-4604
20503851	VELVET 48	8/24/2018	6/30/2027	310 LORTON AVE, BURLINGAME, CA 94010-4104
20500151	VENTURA ROOFING	11/20/2015	6/30/2026	742 3RD AVE, REDWOOD CITY, CA 94063-3909
20502339	VEOLIA ES TECHNICAL SOLUTIONS, L.L.C.	3/6/2001	6/30/2027	107 S MOTOR AVE, AZUSA, CA 91702-3226
20504644	VEOLIA WATER WEST OPERATING SERVICES, INC.	7/16/2007	6/30/2027	1103 AIRPORT BLVD, BURLINGAME, CA 94010-1909
20508303	VERANDA BEAUTY	7/1/2024	6/30/2027	1126 BROADWAY STE 3, BURLINGAME, CA 94010-3449
20500770	VERATHON INC	7/1/2010	6/30/2027	20001 N CREEK PKWY, BOTHELL, WA 98011-8218
20502040	VERDURA CONSTRUCTION	7/24/2017	6/30/2027	PO BOX 519, HALF MOON BAY, CA 94019-0600
20505242	VERITIV OPERATING COMPANY	7/29/1981	6/30/2027	4901 BELFORT RD STE 165, JACKSONVILLE, FL 32256-6022
20509855	VERITY PSYCHOLOGY CLINIC	7/1/2026	6/30/2027	111 ANZA BLVD STE 332, BURLINGAME, CA 94010-1901
20505434	VERIZON WIRELESS	9/18/2008	6/30/2027	2200 CABOT DR STE 400, LISLE, IL 60532-0914
20508188	VERNER ARCHITECTS	5/1/2024	6/30/2027	737 2ND ST # 407, OAKLAND, CA 94607-3013
20506874	VERTEX CHIROPRACTIC AND SPORTS CLINIC	10/1/2022	6/30/2027	1813 EL CAMINO REAL STE 19, BURLINGAME, CA 94010-3229
20510203	VETERAN CONSTRUCTION & ELECTRIC	7/25/2026	6/30/2027	--ON FILE--
20505837	VETERAN POWER INC DBA VPI	3/25/2015	6/30/2027	2880 GATEWAY OAKS DR 150, SACRAMENTO, CA 95833-4333
20504611	VETSIKYAN HANDYMAN SERVICES	6/26/2007	6/30/2027	936 OAK GROVE AVE, BURLINGAME, CA 94010-2730
20505136	VH RENOVATION INC.	6/4/2014	6/30/2027	--ON FILE--
20509638	VIBRANTA LLC	4/1/2024	6/30/2027	--ON FILE--
20506639	VIBRATION ENGINEERING, INC.	7/1/2019	6/30/2027	1441 ROLLINS RD, BURLINGAME, CA 94010-2316
20503624	VICKY'S NAILS AND HAIR	7/27/2004	6/30/2027	1136 CHULA VISTA AVE, BURLINGAME, CA 94010-3502
20504646	VICKY'S SALON - JENNY BEAUTY BOUTIQUE	7/17/2007	6/30/2027	1138 CHULA VISTA AVE, BURLINGAME, CA 94010-3502
20503964	VICKY'S SALON SPA - MARINA S FRANOV	8/30/2005	6/30/2027	1138 CHULA VISTA AVE, BURLINGAME, CA 94010-3502
20502725	VICTRA	10/1/2017	6/30/2027	1344 BURLINGAME AVE, BURLINGAME, CA 94010-4109
20509825	VIDSAN BUILDERS	2/23/2026	6/30/2027	2082 RANDOLPH DR, SAN JOSE, CA 95128-2727
20501803	VIJAYA FOODS INC.	12/23/2020	6/30/2027	321 PRIMROSE RD, BURLINGAME, CA 94010-4004
20501531	VIKING DRILLERS, INC.	2/17/2017	6/30/2027	5950 GRANITE LAKE DR, GRANITE BAY, CA 95746-6817
20505766	VILLA ESTRELLA HOME RENTAL	5/1/2022	6/30/2027	--ON FILE--
20503362	VILLAGE COACHES LLC	8/1/2021	6/30/2027	251 PARK RD STE 200, BURLINGAME, CA 94010-4237
20506166	VILLAGE HOST	7/22/1981	6/30/2027	1201 BROADWAY, BURLINGAME, CA 94010-3423
20506251	VILLAGE HOST	4/16/1982	6/30/2027	1201 BROADWAY, BURLINGAME, CA 94010-3423
20509380	VILLALOBOS & ASSOCIATES INC	9/1/2025	6/30/2026	7810 MONTEREY ST STE B, GILROY, CA 95020-4550
20507073	VILLQUIN AIR SERVICES	3/13/2023	6/30/2027	27343 INDUSTRIAL BLVD STE H, HAYWARD, CA 94545-3357
20501989	VINCENT A. MUZZI	7/7/1981	6/30/2026	1818 GILBRETH RD # 123, BURLINGAME, CA 94010-1217
20506778	VINCES'S SHELLFISH CO INC	7/1/2009	6/30/2027	PO BOX 326, SAN BRUNO, CA 94066-0356
20501085	VINEYARD VINES RETAIL, LLC	9/30/2016	6/30/2027	1420 BURLINGAME AVE, BURLINGAME, CA 94010-4111
20500071	VINI JOY/UNI-STRUCT	10/23/2015	6/30/2026	809B CUESTA DR 146, MOUNTAIN VIEW, CA 94040
20504989	VINTAGE CONTRACTORS INC	3/7/2008	6/30/2027	2369 OCEAN AVE STE 200, SAN FRANCISCO, CA 94127-2615
20508793	VINTAGE EUROPEAN CLASSICS LLC	1/25/2025	6/30/2027	1251 WHITEHORN WAY, BURLINGAME, CA 94010-2412
20503720	VINYL ROOM	11/29/2004	6/30/2027	221 PARK RD, BURLINGAME, CA 94010-4205
20506158	VIP PETCARE	1/17/2018	6/30/2027	261 PARK RD, BURLINGAME, CA 94010-4205
20501062	VIRGO INVESTMENT GROUP LLC	9/19/2016	6/30/2027	1201 HOWARD AVE STE 300, BURLINGAME, CA 94010-4224
20509533	VIRTUAL MEETING SERVICES (VMS)	11/10/2025	6/30/2026	--ON FILE--
20503017	VISIONS LANDSCAPING & DESIGN, INC.	3/22/2018	6/30/2026	--ON FILE--
20501167	VISTA INVESTMENT & REALTY	3/11/1997	6/30/2027	1801 MURCHISON DR # 100, BURLINGAME, CA 94010-4514
20502826	VISTA INVESTMENTS MGMT CO.	3/19/2012	6/30/2027	2225 CAMPUS DR, EL SEGUNDO, CA 90245-0001
20509905	VITAL ENERGY SOLUTIONS	4/30/2026	6/30/2027	--ON FILE--
20507973	VITALITY APPLIANCE REPAIR	2/1/2024	6/30/2027	--ON FILE--
20504432	VIVAAA FOR HAIR	1/12/1988	6/30/2027	345 CALIFORNIA DR, BURLINGAME, CA 94010-4114
20503203	VIVIAN SHAO PROPERTY MANAGEMENT	5/1/2018	6/30/2027	600 EL CAMINO REAL STE 101C, BELMONT, CA 94002-2155
20504234	VIVINT LLC	7/8/2013	6/30/2027	3401 N ASHTON BLVD, LEHI, UT 84043-5307
20500591	VIX COSMETIC TATTOO	3/5/2020	6/30/2027	1838 EL CAMINO REAL # 223, BURLINGAME, CA 94010-3110
20509274	VMI ARCHITECTURE, INC.	7/21/2025	6/30/2027	637 5TH AVE, SAN RAFAEL, CA 94901-3214
20506742	VOILA THE JUICE COMPANY LLC	7/1/2009	6/30/2027	510 DERBY AVE, OAKLAND, CA 94601-2813
20500432	VOLVO OF BURLINGAME	5/12/2010	6/30/2027	900 PENINSULA AVE, BURLINGAME, CA 94010-3083
20500088	VON'S CONCRETE PUMPING INC	7/1/2009	6/30/2027	--ON FILE--
20500634	VOONG'S ROOFING	7/8/2010	6/30/2027	--ON FILE--
20506091	VORTEX INDUSTRIES LLC	7/1/2008	6/30/2027	20 ODYSSEY, IRVINE, CA 92618-3144
20506279	W BRADLEY ELECTRIC, LLC	4/10/2009	6/30/2027	90 HILL RD, NOVATO, CA 94945-4506
20501243	W H CHAU, CHIROPRACTIC INC	7/1/1997	6/30/2027	1860 EL CAMINO REAL # 228, BURLINGAME, CA 94010-3111
20506250	W J BRITTON & CO INC	7/9/1981	6/30/2027	1345 MISSION ST, SAN FRANCISCO, CA 94103-2622
20503062	W L BUTLER CONSTRUCTION INC	8/23/2010	6/30/2026	5666 LA RIVERA ST A, LIVERMORE, CA 94550
20509119	W.B.JORDAN INC	5/29/2025	6/30/2026	--ON FILE--
20505663	W.W. GRAINGER INC	7/1/2008	6/30/2027	1360 ROLLINS RD, BURLINGAME, CA 94010-2410
20502459	WACHTER INVESTMENTS, INC.	6/9/1982	6/30/2027	49 PARK RD, BURLINGAME, CA 94010-4491
20507657	WADE IN COLOR LLC	11/27/2023	6/30/2026	--ON FILE--
20502827	WALGREENS #06655-LICENSING	6/17/2002	6/30/2027	1160 BROADWAY, BURLINGAME, CA 94010-3422
20502151	WALGREENS CO. #12257	7/16/1981	6/30/2027	260 EL CAMINO REAL, BURLINGAME, CA 94010-5120
20503058	WALKER PLUMBING	4/1/2012	6/30/2026	849 E STANLEY BLVD # 426, LIVERMORE, CA 94550-4008
20505251	WALLCOVERING DESIGNS, INC.	5/28/2008	6/30/2027	925 TANKLAGE RD STE A, SAN CARLOS, CA 94070-3236
20510008	WALLCRAFT DRYWALL INC	6/15/2026	6/30/2027	1341 W ARROW HWY, SAN DIMAS, CA 91773-2330
20504130	WALSH ADVISORS, INC	7/1/2018	6/30/2027	1633 BAYSHORE HWY STE 250, BURLINGAME, CA 94010-1588
20502523	WALTERS & WOLF	9/26/2001	6/30/2027	41450 BOSCELL RD, FREMONT, CA 94538-3103
20505344	WAN-PAK PETER CHEUNG	7/29/2014	6/30/2027	1124 ROSEDALE AVE, BURLINGAME, CA 94010-3353
20509950	WANTINGS & COMPANY	12/29/2025	6/30/2027	533 AIRPORT BLVD STE 400, BURLINGAME, CA 94010-2028
20502710	WARBY PARKER	4/28/2021	6/30/2027	1400 BURLINGAME AVE, BURLINGAME, CA 94010-4111
20510095	WARD - TEK CONSTRUCTION INC	6/11/2026	6/30/2027	424 W ROWLAND AVE, SANTA ANA, CA 92707-3438
20501050	WARD MGMT SERVICES	9/14/2016	6/30/2027	1633 BAYSHORE HWY # 255, BURLINGAME, CA 94010-1537
20503616	WARREN K WOO, ATTY AT LAW	7/1/2004	6/30/2027	340 LORTON AVE #214, BURLINGAME, CA 94010-4126
20506191	WARREN'S FABRICS INC.	7/30/1981	6/30/2027	847 HINCKLEY RD, BURLINGAME, CA 94010-1502
20508851	WARRIOR PLUMBING AND DRAIN	2/4/2025	6/30/2026	1197 LAUREL ST APT A, SAN CARLOS, CA 94070-5008
20502194	WASH MULTIFAMILY LAUNDRY SYSTEMS LLC	7/29/1981	6/30/2027	100 N SEPULVEDA BLVD 12, EL SEGUNDO, CA 90245-5649
20502716	WASTEXPERTS, INC.	7/1/2017	6/30/2027	901 HOWE RD, MARTINEZ, CA 94553-3443
20508436	WATANI SPOT	8/8/2024	6/30/2026	--ON FILE--
20500325	WATCH GALLERY	5/15/1992	6/30/2026	1375 BURLINGAME AVE #F, BURLINGAME, CA 94010-4149
20506524	WATCHPOINT LOGISTICS, INC.	6/17/2022	6/30/2027	700 AIRPORT BLVD STE 380, BURLINGAME, CA 94010-1931
20510024	WATER HEATER BOYS, LLC	5/16/2026	6/30/2026	--ON FILE--
20500976	WATER HEATERS ONLY, INC	1/5/2011	6/30/2026	970 E MAIN ST STE 200, GRASS VALLEY, CA 95945-5845
20508688	WATER RESOURCES ENGINEERING, INC.	11/4/2024	6/30/2027	22 BATTERY ST STE 202, SAN FRANCISCO, CA 94111-5511
20502289	WATER WORKS ENGINEERS, LLC	2/25/2021	6/30/2027	1730 S EL CAMINO REAL, SAN MATEO, CA 94402-3059
20501420	WATERFRONT PLAZA PROPERTIES, LLC	9/15/2015	6/30/2027	500 AIRPORT BLVD #101, BURLINGAME, CA 94010-1980
20509546	WATSON ELECTRICAL SOLUTIONS	11/4/2025	6/30/2026	120 MAIN AVE STE C, SACRAMENTO, CA 95838-2043
20504678	WAVEDIVISION HOLDINGS, LLC	8/16/2007	6/30/2027	4120 CITRUS AVE, ROCKLIN, CA 95677-4000
20507011	WAX IT BY KATIE	10/1/2022	6/30/2026	1345 HOWARD AVE #204, BURLINGAME, CA 94010-4250
20501452	WAXIE SANITARY SUPPLY	7/1/2010	6/30/2027	PO BOX 23506, SAN DIEGO, CA 92193-3519
20507369	WAXING ON PRIMROSE	9/30/2023	6/30/2027	218 PRIMROSE RD STE 27, BURLINGAME, CA 94010-4208
20510039	WAYMAKER ADVISORY GROUP LLC	5/12/2026	6/30/2027	--ON FILE--
20509144	WAYMO LLC	6/11/2025	6/30/2027	690 E MIDDLEFIELD RD, MOUNTAIN VIEW, CA 94043-4010
20502670	WAYNE PERRY, INC.	11/29/2011	6/30/2027	8281 COMMONWEALTH AVE, BUENA PARK, CA 90621-2537
20508047	WD FIRE PROTECTION INC	3/4/2024	6/30/2027	1485 BAY SHORE BLVD STE 393, SAN FRANCISCO, CA 94124-3002
20509873	WD FIRE PROTECTIONS JV	3/17/2026	6/30/2027	3317 SAN JOSE AVE, DALY CITY, CA 94014-1042
20504812	WDI ONE BAY OWNERS SFP LLC	1/5/2022	6/30/2026	1350 BAYSHORE HWY, BURLINGAME, CA 94010-1823
20508956	WEATHERPROOFING TECHNOLOGIES, INC.	3/20/2025	6/30/2027	3735 GREEN RD, BEACHWOOD, OH 44122-5730
20504051	WEBB FAMILY LAW	10/27/2005	6/30/2027	500 AIRPORT BLVD # 100, BURLINGAME, CA 94010-1980
20503869	WEBTRANS LOGISTICS, INC.	8/27/2018	6/30/2027	840 HINKLEY RD 233, BURLINGAME, CA 94010
20506207	WEBZEN WEST, INC.	8/1/2015	6/30/2027	111 ANZA BLVD # 414, BURLINGAME, CA 94010-1916
20504716	WEHMEYER CUSTOM HOMES	12/17/2013	6/30/2027	433 AIRPORT BLVD STE 424, BURLINGAME, CA 94010-2014
20507516	WEI DANG BUILDERS INC	8/1/2022	6/30/2027	1485 BAY SHORE BLVD #111, SAN FRANCISCO, CA 94124-4003
20508437	WEIDNERCA	8/8/2024	6/30/2027	5001 24TH ST, SACRAMENTO, CA 95822-2201
20502211	WEIMAX CORPORATION	7/27/1981	6/30/2027	1178 BROADWAY, BURLINGAME, CA 94010-3422
20509711	WEINBERG PHOTO	3/1/2026	6/30/2027	--ON FILE--
20506725	WELKER BROS	7/1/2009	6/30/2027	970 S MILPITAS BLVD, MILPITAS, CA 95035-6323
20509311	WELL WITH AVRIL	6/16/2025	6/30/2026	1401 21ST ST STE R, SACRAMENTO, CA 95811-5226
20501447	WELLER FORENSICS, LLC	1/19/2017	6/30/2027	--ON FILE--
20509643	WELLS CONSTRUCTION, INC.	12/10/2025	6/30/2027	10648 INDUSTRIAL AVE, ROSEVILLE, CA 95678-5902
20510205	WELLS ELECTRICAL INC.	4/3/2026	6/30/2027	2560 MARIN ST, SAN FRANCISCO, CA 94124-1015
20503493	WELLS FARGO BANK	3/25/2004	6/30/2027	1435 BURLINGAME AVE, BURLINGAME, CA 94010-4110
20500310	WELLS FARGO BANK NA	3/1/1992	6/30/2027	1145 BROADWAY, BURLINGAME, CA 94010-3491
20502222	WELLS FARGO CLEARING SERVICES, LLC	1/1/2011	6/30/2027	1435 BURLINGAME AVE, BURLINGAME, CA 94010-4110
20502093	WELLS FARGO CLEARING SERVICES, LLC	1/1/2011	6/30/2027	1145 BROADWAY, BURLINGAME, CA 94010-3491
20505596	WERKSHOP	5/1/2022	6/30/2027	1317 N CAROLAN AVE, BURLINGAME, CA 94010-2401
20506611	WESLEY DUNN, M.D.	8/11/2009	6/30/2027	345 LORTON AVE #104, BURLINGAME, CA 94010-4134
20508999	WESPAC CORPORATION	11/1/2024	6/30/2027	840 HINCKLEY RD STE 100, BURLINGAME, CA 94010-1505
20500808	WEST 89TH & WATSON, LLC.	8/5/2010	6/30/2027	314 HARBOR WAY, S SAN FRANCISCO, CA 94080-6900
20508085	WEST COAST ARBORISTS, INC.	3/21/2024	6/30/2027	2200 E VIA BURTON, ANAHEIM, CA 92806-1221
20509624	WEST COAST ASM	7/1/2025	6/30/2026	2215 OAKLAND RD, SAN JOSE, CA 95131-1416
20500946	WEST COAST AUTO SPORT	2/21/1996	6/30/2027	1435 BELLEVUE AVE APT 101, BURLINGAME, CA 94010-3941
20501073	WEST COAST CODE CONSULTANTS	10/1/2016	6/30/2027	12647 ACLOSTA BLVD 445, SAN RAMON, CA 94583
20500133	WEST COAST CORVETTE SERVICE	12/18/1989	6/30/2027	70 STAR WAY, BURLINGAME, CA 94010-2411
20502645	WEST COAST CRANES, INC	11/16/2011	6/30/2027	2144 OTOOLE AVE, SAN JOSE, CA 95131-1302
20508395	WEST COAST DANCE CONSERVATORY	9/9/2024	6/30/2027	890 COWAN RD STE B, BURLINGAME, CA 94010-1208
20500908	WEST COAST ELECTRIC INC	10/7/1997	6/30/2027	--ON FILE--
20502810	WEST COAST KIDNEY	5/1/2021	6/30/2027	1860 EL CAMINO REAL # 310, BURLINGAME, CA 94010-3114
20509615	WEST COAST PREMIER CONSTRUCTION INC	12/3/2025	6/30/2027	1940 UNION ST #1, OAKLAND, CA 94607-2352
20508183	WEST COAST REMOVAL	5/6/2024	6/30/2027	--ON FILE--
20502918	WEST COAST SOLAR, INC.	6/1/2021	6/30/2026	2155 ELKINS WAY STE E, BRENTWOOD, CA 94513-7360
20508968	WEST COAST TREE CARE	7/1/2025	6/30/2027	2845 MOORPARK AVE # 205, SAN JOSE, CA 95128-3158
20500321	WEST VALLEY CONSTRUCTION CO INC	6/10/1985	6/30/2027	603 CAMPBELL TECHNOLOGY PKWY, CAMPBELL, CA 95008-5086
20501791	WEST YOST ASSOCIATES INC	3/1/2011	6/30/2027	2020 RESEARCH PARK DR STE 100, DAVIS, CA 95618-6148
20503643	WESTBAY ROOFING	4/12/2018	6/30/2026	--ON FILE--
20504369	WESTCO ROOFING COMPANY INC	8/21/2013	6/30/2027	2700 E 7TH ST, OAKLAND, CA 94601-2102
20508909	WESTCORE STUDIO	6/21/2022	6/30/2027	190 PRIMROSE RD, BURLINGAME, CA 94010-4319
20501769	WESTECH ROOFING INC	4/24/2017	6/30/2027	220 CUTTING BLVD, RICHMOND, CA 94804-2128
20503047	WESTEK SYSTEMS INC.	7/1/2021	6/30/2027	236 W PORTAL AVE # 830, SAN FRANCISCO, CA 94127-1426
20507530	WESTERN ABATEMENT, INC.	10/11/2023	6/30/2027	1001 SHANNON CT STE B, LIVERMORE, CA 94550-9479
20500765	WESTERN ALLIED MECHANICAL INC	1/9/1995	6/30/2027	33210 CENTRAL AVE, UNION CITY, CA 94587-2010
20505077	WESTERN ROOFING SYSTEMS	2/4/2022	6/30/2027	244 JACKSON ST, HAYWARD, CA 94544-1907
20502058	WESTERN STATE DESIGN, INC	7/31/2017	6/30/2027	2331 TRIPALDI WAY, HAYWARD, CA 94545-5022
20509042	WESTFRAME GENERAL CONSTRUCTION	2/24/2025	6/30/2026	185 MARYS AVE, BAY POINT, CA 94565-3131
20507352	WFG NATIONAL TITLE INSURANCE COMPANY	6/1/2023	6/30/2027	330 SW PRIMROSE RD # 502, BURLINGAME, CA 94010-4031
20507080	WHA	8/12/2019	6/30/2027	200 COMMERCE STE 200, IRVINE, CA 92602-5000
20500465	WHEELCHAIRS OF SAN MATEO	5/26/1993	6/30/2027	808 BURLWAY RD # 7, BURLINGAME, CA 94010-1710
20503255	WHITLEY PROPERTY MANAGEMENT, INC.	7/1/2017	6/30/2027	3004 BROADWAY, REDWOOD CITY, CA 94062-1512
20506825	WHITLOCK & WEINBERGER TRANSPORATION, INC.	11/1/2022	6/30/2027	490 MENDOCINO AVE STE 201, SANTA ROSA, CA 95401-6393
20501721	WICKMAN DEVELOPMENT AND CONSTRUCTION	4/13/2017	6/30/2026	--ON FILE--
20509755	WILD LOOP CO.	4/22/2026	6/30/2027	1001 HOWARD AVE, BURLINGAME, CA 94010-4344
20508650	WILD NATIVES	11/1/2024	6/30/2027	6951 CHAMBERS DR, OAKLAND, CA 94611-1303
20509113	WILD WEST CARTS, LLC	5/1/2025	6/30/2027	1745 ADRIAN RD STE 8, BURLINGAME, CA 94010-2110
20507957	WILKINSON CONSTRUCTION INC	1/29/2024	6/30/2027	206 14TH AVE, SAN MATEO, CA 94402-2428
20505696	WILLIAM CHAN	4/10/2022	6/30/2027	PO BOX 232, MILLBRAE, CA 94030-0538
20501117	WILLIAM L NAGLE SPECIAL MASTER/MEDIATOR	1/21/1997	6/30/2027	PO BOX 816, BURLINGAME, CA 94011-0710
20502471	WILLIAM OBRIEN CONSTRUCTION CO.	8/24/1981	6/30/2027	1590 GRANADA DR, BURLINGAME, CA 94010-5854
20500446	WILLIAM WARMBOE ANTIQUES	4/19/1993	6/30/2027	1305 BROADWAY, BURLINGAME, CA 94010-3425
20501616	WILLOW GLEN ELECTRIC	3/9/2017	6/30/2026	3751 CHARTER PARK CT STE D, SAN JOSE, CA 95136-1361
20501719	WILSEY HAM	7/1/2010	6/30/2027	--ON FILE--
20500721	WINDSOR AUCTION HOUSE INC	6/3/2016	6/30/2027	9205 ALABAMA AVE STE C, CHATSWORTH, CA 91311-5850
20500436	WINDSOR DESIGN	3/22/1993	6/30/2027	--ON FILE--
20505984	WING CONSTRUCTION	5/14/2015	6/30/2026	149 VICTORY CIR, SAN RAMON, CA 94582-4977
20501349	WING LEE ARCHITECTS	12/15/2016	6/30/2027	99 CANYON DR, SAN FRANCISCO, CA 94112-4563
20509249	WINGERT ENGINEERING	7/14/2025	6/30/2027	5049 SUTHERLAND DR, CONCORD, CA 94521-3052
20510128	WINSOL CONSTRUCTION	6/19/2026	6/30/2027	1900 S NORFOLK ST # 360, SAN MATEO, CA 94403-1164
20508740	WINSTAR GLOBAL LOGISTICS (U.S.A.) INC	1/1/2025	6/30/2027	833 MAHLER RD UNIT 18, BURLINGAME, CA 94010-1609
20501694	WISE STUDENT LLC	12/1/2020	6/30/2027	120 VICTORIA RD, BURLINGAME, CA 94010-2959
20506627	WISMETTAC ASIAN FOODS, INC.	7/1/2009	6/30/2027	13409 ORDEN DR, SANTA FE SPRINGS, CA 90670-6336
20503958	WNH CONSTRUCTION	9/18/2018	6/30/2026	--ON FILE--
20509121	WONDERWORKS LAB	8/1/2025	6/30/2027	850 BURLINGAME AVE, BURLINGAME, CA 94010-2899
20501026	WONG ELECTRIC INC	2/27/2013	6/30/2027	4067 TRANSPORT ST, PALO ALTO, CA 94303-4914
20508293	WOODARD & CURRAN, INC.	6/1/2024	6/30/2027	12 MOUNTFORT ST, PORTLAND, ME 04101-4307
20508758	WOODCLIFF BUILDERS, INC.	1/23/2025	6/30/2026	355 E MCGLINCY LN STE D, CAMPBELL, CA 95008-4920
20501314	WOODMONT REAL ESTATE SERVICES, LP	7/1/2016	6/30/2026	1050 RALSTON AVE, BELMONT, CA 94002-2240
20503366	WOODS SIGNS	4/12/1985	6/30/2027	20 PARK RD # A, BURLINGAME, CA 94010-4443
20509371	WOODS WORKS FIRE PROTECTION, INC.	9/1/2025	6/30/2027	1660 GLENWOOD DR, SCOTTS VALLEY, CA 95066-2714
20502565	WOODSTOCK DEVELOPMENT INC	11/19/2001	6/30/2026	1350 BAYSHORE HWY # 355, BURLINGAME, CA 94010-1834
20502212	WOODTECK CONSTRUCTION	9/13/2017	6/30/2027	1075 YOSEMITE DR, PACIFICA, CA 94044-3745
20508298	WORKFORCE SOLUTIONS, LLC	6/19/2024	6/30/2026	1649 ADRIAN RD, BURLINGAME, CA 94010-2103
20505387	WORKS PLUMBING & ROOTER, INC	8/11/2014	6/30/2027	1137 PALMETTO AVE, PACIFICA, CA 94044-2219
20504250	WORLD JOURNAL SF LLC	10/31/2021	6/30/2027	1633 BAYSHORE HWY # 231, BURLINGAME, CA 94010-1533
20502704	WORLDNET CHARTER INC.	1/5/2018	6/30/2027	1799 BAYSHORE HWY # 121A, BURLINGAME, CA 94010-1306
20500121	WORLDWIDE ACCESS CORPORATION	7/1/2009	6/30/2027	1633 BAYSHORE HWY # 330, BURLINGAME, CA 94010-1536
20509617	WOWME BEAUTY	12/3/2025	6/30/2027	1860 EL CAMINO REAL STE 236, BURLINGAME, CA 94010-3111
20502356	WRA INC	7/1/2011	6/30/2027	2169 FRANCISCO BLVD E STE G, SAN RAFAEL, CA 94901-5532
20509914	WRJY INVESTMENTS, LLC	2/12/2026	6/30/2027	--ON FILE--
20504944	WRNS STUDIO	5/2/2019	6/30/2027	501 2ND ST #407, SAN FRANCISCO, CA 94107-1469
20500635	WSE GROUP INC	3/29/1994	6/30/2027	533 AIRPORT BLVD # 523, BURLINGAME, CA 94010-2015
20508749	WSP USA INC	1/1/2025	6/30/2027	1 PENN PLZ # 4, NEW YORK, NY 10119-0001
20501013	XANADU CONSTRUCTION INC	8/23/2016	6/30/2026	--ON FILE--
20502642	XEROX CORP	2/8/2002	6/30/2027	35 INGOLD RD, BURLINGAME, CA 94010-2206
20510091	XIAO MING CHEN	6/10/2026	6/30/2026	--ON FILE--
20510165	XICAY ELECTRIC INC	7/8/2026	6/30/2027	4444 HANSEN AVE APT 109, FREMONT, CA 94536-5742
20505649	XIE GUAN (XIE ASSOCIATES)	1/12/2015	6/30/2027	--ON FILE--
20508112	XL ARCHITECTURE	5/9/2024	6/30/2027	1021 LAGUNA AVE, BURLINGAME, CA 94010-3623
20504040	XL CONSTRUCTION CORPORATION	10/1/2021	6/30/2027	851 BUCKEYE CT, MILPITAS, CA 95035-7408
20503802	XL SALON	1/2/2013	6/30/2027	222 LORTON AVE, BURLINGAME, CA 94010-4204
20506731	XO BUILDERS	9/13/2022	6/30/2027	--ON FILE--
20506131	XO COMMERCE LLC	5/1/2022	6/30/2027	700 AIRPORT BLVD 380, BURLINGAME, CA 94010
20510102	XONA SPACE SYSTEMS INC.	7/1/2026	6/30/2027	111 ANZA BLVD STE 350, BURLINGAME, CA 94010-1932
20507103	XONA SPACE SYSTEMS, INC.	2/20/2023	6/30/2027	828 AIRPORT BLVD, BURLINGAME, CA 94010-1911
20503940	XPRESS KITCHEN AND BATH CORP.	2/25/2013	6/30/2027	900 BROADWAY ST, REDWOOD CITY, CA 94063-3107
20510068	XSPACE DESIGN AND BUILD	6/2/2026	6/30/2027	3120 SCOTT BLVD # 130, SANTA CLARA, CA 95054-3326
20509527	XTEAM DESIGN AND CONSTRUCTION	10/25/2025	6/30/2026	168 S LK, MERCED HILLS SAN FRANCISCO, CA 94132
20509909	XU ENGINEERING	4/1/2026	6/30/2026	339 BARTON DR, FREMONT, CA 94536-1705
20508622	Y2KITTY	11/1/2024	6/30/2027	--ON FILE--
20501611	YAMATO TRANSPORT USA INC	7/1/2010	6/30/2027	6839 MOWRY AVE, NEWARK, CA 94560-4925
20500324	YAMAZEN SCIENCE INC.	12/1/2015	6/30/2026	1455 ROLLINS RD, BURLINGAME, CA 94010-2316
20505615	YANGON	1/5/2015	6/30/2027	1136 BROADWAY, BURLINGAME, CA 94010-3422
20508440	YAYAKK INC	8/9/2024	6/30/2027	2526 QUME DR STE 25, SAN JOSE, CA 95131-1870
20500817	YEE & ASSOCIATES INC.	7/1/2016	6/30/2026	1870 EL CAMINO REAL STE 209, BURLINGAME, CA 94010-3108
20506496	YELLOW BAY TAXICAB	7/29/2022	6/30/2027	106 N BAYSHORE BLVD #31, SAN MATEO, CA 94401-2057
20502847	YESCO LLC	7/10/2002	6/30/2026	5119 CAMERON ST, LAS VEGAS, NV 89118-1599
20503649	YIE INTERIORS	9/3/2004	6/30/2027	--ON FILE--
20509166	YK MASON & SONS INC.	6/16/2025	6/30/2026	1413 VAN DYKE AVE, SAN FRANCISCO, CA 94124-3232
20509667	YL GENERAL CONSTRUCTION	1/1/2026	6/30/2026	2998 FLANNERY RD, SAN PABLO, CA 94806-1506
20506343	YMPG MANAGEMENT, LLC	9/8/2015	6/30/2027	--ON FILE--
20509054	YONG HONG CONSTRUCTION, INC	5/10/2025	6/30/2026	--ON FILE--
20504256	YORSHIRE ROOFING OF NORTHERN CA	7/20/2011	6/30/2027	7610 NATIONAL DR, LIVERMORE, CA 94550-8809
20503011	YOSHI KAMIKIHARA	6/13/2012	6/30/2027	1721 BORDEN ST, SAN MATEO, CA 94403-1036
20504949	YOUNG & BORLIK ARCHITECTS INC	7/1/2007	6/30/2027	4962 EL CAMINO REAL STE 218, LOS ALTOS, CA 94022-1456
20504573	YOUNG & SON HARDWOOD FLOORS	5/18/2007	6/30/2027	--ON FILE--
20505487	YOUNG CAN WOK CHINESE BISTRO	10/9/2014	6/30/2027	1200 BROADWAY, BURLINGAME, CA 94010-3424
20507112	YOUNG CHAMBER MUSICIANS, INC.	1/1/2022	6/30/2027	2750 ADELINE DR, BURLINGAME, CA 94010-5597
20500733	YOUNG ELECTRIC CO INC	10/27/1994	6/30/2027	195 ERIE ST, SAN FRANCISCO, CA 94103-2416
20509467	YOYO MOMOSS	10/1/2025	6/30/2026	2608 MARKET ST, OAKLAND, CA 94607-3440
20507341	YUANBAO JIAOZI	9/1/2023	6/30/2027	1841 EL CAMINO REAL, BURLINGAME, CA 94010-3202
20500643	YUSEN LOGISTICS (AMERICAS) INC.	3/23/2020	6/30/2027	700 AIRPORT BLVD #420, BURLINGAME, CA 94010-1937
20502676	YVES DELORME INC	3/11/2002	6/30/2027	238 PARK RD, BURLINGAME, CA 94010-4206
20505419	Z & H MECHANICAL CONTRACTOR	9/10/2014	6/30/2026	56 NEWTON ST, SAN FRANCISCO, CA 94112-3719
20509740	Z M BESTBUILD CONSTRUCTION INC	2/1/2026	6/30/2026	1506 WILLIAMS AVE, BELMONT, CA 94002-1954
20507583	ZAFER SAADEH CAFE & DELI	10/30/2023	6/30/2027	1818 GILBRETH RD # 121, BURLINGAME, CA 94010-1217
20503351	ZAUL & SMITH PEDIATRIC DENTISTRY	6/4/2018	6/30/2027	1720 EL CAMINO REAL # 101, BURLINGAME, CA 94010-3211
20505328	ZAYO GROUP, LLC.	7/24/2014	6/30/2027	1401 WYNKOOP ST STE 500, DENVER, CO 80202-1729
20509828	ZELHAM, INC.	3/16/2026	6/30/2027	5257 W FAIRVIEW AVE # 100, BOISE, ID 83706-1769
20505391	ZELL ASSOCIATES, INC.	7/16/2019	6/30/2027	1777 HAMILTON AVE STE 1250, SAN JOSE, CA 95125-5418
20510038	ZEN SCALP STUDIO	6/1/2026	6/30/2027	851 CALIFORNIA DR STE A, BURLINGAME, CA 94010-3604
20505160	ZEN TRAVEL, INC.	4/16/2008	6/30/2027	1633 BAYSHORE HWY # 247, BURLINGAME, CA 94010-1588
20502550	ZERO IMPACT BUILDERS	4/2/2021	6/30/2026	3589 HARBOR BLVD, COSTA MESA, CA 92626-1405
20509177	ZERO TURN POWER WASHING	6/23/2025	6/30/2026	28 CHILTON AVE, SAN CARLOS, CA 94070-1605
20507943	ZEUS ELECTRIC	1/24/2024	6/30/2026	--ON FILE--
20501865	ZIONUS BSM LLC	4/1/2011	6/30/2027	533 AIRPORT BLVD # 400, BURLINGAME, CA 94010-2028
20505303	ZIPCAR, INC.	7/21/2014	6/30/2026	379 INTERPACE PKWY, PARSIPPANY, NJ 07054-1131
20501985	ZOECOM	5/17/2011	6/30/2027	33 EDWARDS CT, BURLINGAME, CA 94010-2413
20505857	ZONIC DESIGN & IMAGING, LLC	4/1/2015	6/30/2027	877 MAHLER RD STE 175, BURLINGAME, CA 94010-1603
20501261	ZOWA CONSTRUCTION, INC	11/14/2016	6/30/2027	1325 HOWARD AVE #311, BURLINGAME, CA 94010-4212
20501313	ZOYA GALANT, DDS	10/17/1997	6/30/2027	1275 CALIFORNIA DR STE B, BURLINGAME, CA 94010-3430